$ /home/<user>/shibudb-server-benchmarking/.venv/bin/python /home/<user>/shibudb-server-benchmarking/benchmark.py --suites vector --concurrency 1 2 4 8 16 --host localhost --port 4444 --user admin --password <redacted> --drop-existing --cleanup --out results/vector_Flat_50000_10000.csv --both-wal --num-base 50000 --num-queries 10000 --k 10 --ingest-concurrency 16 --post-ingest-wait 60 --index-types Flat
# started: 2026-08-11 10:05:35 UTC

{
  "timestamp": "2026-08-11T10:05:36.130745+00:00",
  "git_commit": "22b30f0351acb1f56cdbe77742f47c0e93a54067",
  "shibudb_client_version": "unknown",
  "python_version": "3.13.5",
  "dataset": "SIFT1M",
  "client": {
    "host": "test2",
    "platform": "Linux-6.12.100+deb13-cloud-amd64-x86_64-with-glibc2.41",
    "processor": "AMD EPYC 7B12",
    "cpu_count": 16,
    "ram_gb": 23.5
  },
  "server": {
    "host": "localhost",
    "port": 4444,
    "version": "unknown",
    "commit": "unknown",
    "hostname": "test2",
    "platform": "Linux-6.12.100+deb13-cloud-amd64-x86_64-with-glibc2.41",
    "processor": "AMD EPYC 7B12",
    "cpu_count": 16,
    "ram_gb": 23.5,
    "disk": "10 GB total (/)",
    "notes": "auto-detected (server co-located with benchmark client)"
  },
  "data_scale": {
    "dataset": "SIFT1M",
    "suites": [
      "vector_search"
    ],
    "num_base": 50000,
    "num_queries": 10000,
    "dimension": 128,
    "k": 10,
    "metric": "L2",
    "full_sift_base": false,
    "vector_base_bytes": 25600000,
    "vector_query_bytes": 5120000,
    "kv_keys": 100000,
    "kv_value_size_bytes": 100,
    "kv_total_bytes_approx": 10800000
  },
  "client_host": "test2",
  "server_host": "localhost",
  "server_port": 4444,
  "platform": "Linux-6.12.100+deb13-cloud-amd64-x86_64-with-glibc2.41",
  "processor": "AMD EPYC 7B12",
  "cpu_count": 16,
  "args": {
    "host": "localhost",
    "port": 4444,
    "user": "admin",
    "timeout": 120,
    "server_version": "",
    "server_commit": "",
    "server_info_file": "",
    "suites": [
      "vector"
    ],
    "data_dir": "/home/<user>/.shibudb-benchmarks/data",
    "num_base": 50000,
    "num_queries": 10000,
    "k": 10,
    "dimension": 128,
    "index_types": [
      "Flat"
    ],
    "metric": "L2",
    "both_wal": true,
    "enable_wal": false,
    "kv_keys": 100000,
    "kv_value_size": 100,
    "concurrency": [
      1,
      2,
      4,
      8,
      16
    ],
    "ingest_concurrency": 16,
    "client_parallelism": "process",
    "settle_timeout": 600,
    "post_ingest_wait": 60,
    "drop_existing": true,
    "cleanup": true,
    "space_prefix": "bench",
    "out": "results/vector_Flat_50000_10000.csv"
  }
}
Downloading ftp://ftp.irisa.fr/local/texmex/corpus/sift.tar.gz -> /home/<user>/.shibudb-benchmarks/data/sift.tar.gz

       0.0 MB / 168.3 MB (  0.0%)
       0.0 MB / 168.3 MB (  0.0%)
       0.0 MB / 168.3 MB (  0.0%)
       0.0 MB / 168.3 MB (  0.0%)
       0.0 MB / 168.3 MB (  0.0%)
       0.0 MB / 168.3 MB (  0.0%)
       0.0 MB / 168.3 MB (  0.0%)
       0.1 MB / 168.3 MB (  0.0%)
       0.1 MB / 168.3 MB (  0.0%)
       0.1 MB / 168.3 MB (  0.0%)
       0.1 MB / 168.3 MB (  0.0%)
       0.1 MB / 168.3 MB (  0.1%)
       0.1 MB / 168.3 MB (  0.1%)
       0.1 MB / 168.3 MB (  0.1%)
       0.1 MB / 168.3 MB (  0.1%)
       0.1 MB / 168.3 MB (  0.1%)
       0.1 MB / 168.3 MB (  0.1%)
       0.1 MB / 168.3 MB (  0.1%)
       0.1 MB / 168.3 MB (  0.1%)
       0.2 MB / 168.3 MB (  0.1%)
       0.2 MB / 168.3 MB (  0.1%)
       0.2 MB / 168.3 MB (  0.1%)
       0.2 MB / 168.3 MB (  0.1%)
       0.2 MB / 168.3 MB (  0.1%)
       0.2 MB / 168.3 MB (  0.1%)
       0.2 MB / 168.3 MB (  0.1%)
       0.2 MB / 168.3 MB (  0.1%)
       0.2 MB / 168.3 MB (  0.1%)
       0.2 MB / 168.3 MB (  0.1%)
       0.2 MB / 168.3 MB (  0.1%)
       0.2 MB / 168.3 MB (  0.1%)
       0.3 MB / 168.3 MB (  0.2%)
       0.3 MB / 168.3 MB (  0.2%)
       0.3 MB / 168.3 MB (  0.2%)
       0.3 MB / 168.3 MB (  0.2%)
       0.3 MB / 168.3 MB (  0.2%)
       0.3 MB / 168.3 MB (  0.2%)
       0.3 MB / 168.3 MB (  0.2%)
       0.3 MB / 168.3 MB (  0.2%)
       0.3 MB / 168.3 MB (  0.2%)
       0.3 MB / 168.3 MB (  0.2%)
       0.3 MB / 168.3 MB (  0.2%)
       0.3 MB / 168.3 MB (  0.2%)
       0.4 MB / 168.3 MB (  0.2%)
       0.4 MB / 168.3 MB (  0.2%)
       0.4 MB / 168.3 MB (  0.2%)
       0.4 MB / 168.3 MB (  0.2%)
       0.4 MB / 168.3 MB (  0.2%)
       0.4 MB / 168.3 MB (  0.2%)
       0.4 MB / 168.3 MB (  0.2%)
       0.4 MB / 168.3 MB (  0.2%)
       0.4 MB / 168.3 MB (  0.2%)
       0.4 MB / 168.3 MB (  0.3%)
       0.4 MB / 168.3 MB (  0.3%)
       0.4 MB / 168.3 MB (  0.3%)
       0.5 MB / 168.3 MB (  0.3%)
       0.5 MB / 168.3 MB (  0.3%)
       0.5 MB / 168.3 MB (  0.3%)
       0.5 MB / 168.3 MB (  0.3%)
       0.5 MB / 168.3 MB (  0.3%)
       0.5 MB / 168.3 MB (  0.3%)
       0.5 MB / 168.3 MB (  0.3%)
       0.5 MB / 168.3 MB (  0.3%)
       0.5 MB / 168.3 MB (  0.3%)
       0.5 MB / 168.3 MB (  0.3%)
       0.5 MB / 168.3 MB (  0.3%)
       0.5 MB / 168.3 MB (  0.3%)
       0.5 MB / 168.3 MB (  0.3%)
       0.6 MB / 168.3 MB (  0.3%)
       0.6 MB / 168.3 MB (  0.3%)
       0.6 MB / 168.3 MB (  0.3%)
       0.6 MB / 168.3 MB (  0.3%)
       0.6 MB / 168.3 MB (  0.4%)
       0.6 MB / 168.3 MB (  0.4%)
       0.6 MB / 168.3 MB (  0.4%)
       0.6 MB / 168.3 MB (  0.4%)
       0.6 MB / 168.3 MB (  0.4%)
       0.6 MB / 168.3 MB (  0.4%)
       0.6 MB / 168.3 MB (  0.4%)
       0.6 MB / 168.3 MB (  0.4%)
       0.7 MB / 168.3 MB (  0.4%)
       0.7 MB / 168.3 MB (  0.4%)
       0.7 MB / 168.3 MB (  0.4%)
       0.7 MB / 168.3 MB (  0.4%)
       0.7 MB / 168.3 MB (  0.4%)
       0.7 MB / 168.3 MB (  0.4%)
       0.7 MB / 168.3 MB (  0.4%)
       0.7 MB / 168.3 MB (  0.4%)
       0.7 MB / 168.3 MB (  0.4%)
       0.7 MB / 168.3 MB (  0.4%)
       0.7 MB / 168.3 MB (  0.4%)
       0.7 MB / 168.3 MB (  0.4%)
       0.8 MB / 168.3 MB (  0.4%)
       0.8 MB / 168.3 MB (  0.5%)
       0.8 MB / 168.3 MB (  0.5%)
       0.8 MB / 168.3 MB (  0.5%)
       0.8 MB / 168.3 MB (  0.5%)
       0.8 MB / 168.3 MB (  0.5%)
       0.8 MB / 168.3 MB (  0.5%)
       0.8 MB / 168.3 MB (  0.5%)
       0.8 MB / 168.3 MB (  0.5%)
       0.8 MB / 168.3 MB (  0.5%)
       0.8 MB / 168.3 MB (  0.5%)
       0.8 MB / 168.3 MB (  0.5%)
       0.9 MB / 168.3 MB (  0.5%)
       0.9 MB / 168.3 MB (  0.5%)
       0.9 MB / 168.3 MB (  0.5%)
       0.9 MB / 168.3 MB (  0.5%)
       0.9 MB / 168.3 MB (  0.5%)
       0.9 MB / 168.3 MB (  0.5%)
       0.9 MB / 168.3 MB (  0.5%)
       0.9 MB / 168.3 MB (  0.5%)
       0.9 MB / 168.3 MB (  0.5%)
       0.9 MB / 168.3 MB (  0.6%)
       0.9 MB / 168.3 MB (  0.6%)
       0.9 MB / 168.3 MB (  0.6%)
       1.0 MB / 168.3 MB (  0.6%)
       1.0 MB / 168.3 MB (  0.6%)
       1.0 MB / 168.3 MB (  0.6%)
       1.0 MB / 168.3 MB (  0.6%)
       1.0 MB / 168.3 MB (  0.6%)
       1.0 MB / 168.3 MB (  0.6%)
       1.0 MB / 168.3 MB (  0.6%)
       1.0 MB / 168.3 MB (  0.6%)
       1.0 MB / 168.3 MB (  0.6%)
       1.0 MB / 168.3 MB (  0.6%)
       1.0 MB / 168.3 MB (  0.6%)
       1.0 MB / 168.3 MB (  0.6%)
       1.0 MB / 168.3 MB (  0.6%)
       1.1 MB / 168.3 MB (  0.6%)
       1.1 MB / 168.3 MB (  0.6%)
       1.1 MB / 168.3 MB (  0.6%)
       1.1 MB / 168.3 MB (  0.6%)
       1.1 MB / 168.3 MB (  0.6%)
       1.1 MB / 168.3 MB (  0.7%)
       1.1 MB / 168.3 MB (  0.7%)
       1.1 MB / 168.3 MB (  0.7%)
       1.1 MB / 168.3 MB (  0.7%)
       1.1 MB / 168.3 MB (  0.7%)
       1.1 MB / 168.3 MB (  0.7%)
       1.1 MB / 168.3 MB (  0.7%)
       1.2 MB / 168.3 MB (  0.7%)
       1.2 MB / 168.3 MB (  0.7%)
       1.2 MB / 168.3 MB (  0.7%)
       1.2 MB / 168.3 MB (  0.7%)
       1.2 MB / 168.3 MB (  0.7%)
       1.2 MB / 168.3 MB (  0.7%)
       1.2 MB / 168.3 MB (  0.7%)
       1.2 MB / 168.3 MB (  0.7%)
       1.2 MB / 168.3 MB (  0.7%)
       1.2 MB / 168.3 MB (  0.7%)
       1.2 MB / 168.3 MB (  0.7%)
       1.2 MB / 168.3 MB (  0.7%)
       1.3 MB / 168.3 MB (  0.7%)
       1.3 MB / 168.3 MB (  0.7%)
       1.3 MB / 168.3 MB (  0.8%)
       1.3 MB / 168.3 MB (  0.8%)
       1.3 MB / 168.3 MB (  0.8%)
       1.3 MB / 168.3 MB (  0.8%)
       1.3 MB / 168.3 MB (  0.8%)
       1.3 MB / 168.3 MB (  0.8%)
       1.3 MB / 168.3 MB (  0.8%)
       1.3 MB / 168.3 MB (  0.8%)
       1.3 MB / 168.3 MB (  0.8%)
       1.3 MB / 168.3 MB (  0.8%)
       1.4 MB / 168.3 MB (  0.8%)
       1.4 MB / 168.3 MB (  0.8%)
       1.4 MB / 168.3 MB (  0.8%)
       1.4 MB / 168.3 MB (  0.8%)
       1.4 MB / 168.3 MB (  0.8%)
       1.4 MB / 168.3 MB (  0.8%)
       1.4 MB / 168.3 MB (  0.8%)
       1.4 MB / 168.3 MB (  0.8%)
       1.4 MB / 168.3 MB (  0.8%)
       1.4 MB / 168.3 MB (  0.8%)
       1.4 MB / 168.3 MB (  0.9%)
       1.4 MB / 168.3 MB (  0.9%)
       1.4 MB / 168.3 MB (  0.9%)
       1.5 MB / 168.3 MB (  0.9%)
       1.5 MB / 168.3 MB (  0.9%)
       1.5 MB / 168.3 MB (  0.9%)
       1.5 MB / 168.3 MB (  0.9%)
       1.5 MB / 168.3 MB (  0.9%)
       1.5 MB / 168.3 MB (  0.9%)
       1.5 MB / 168.3 MB (  0.9%)
       1.5 MB / 168.3 MB (  0.9%)
       1.5 MB / 168.3 MB (  0.9%)
       1.5 MB / 168.3 MB (  0.9%)
       1.5 MB / 168.3 MB (  0.9%)
       1.5 MB / 168.3 MB (  0.9%)
       1.6 MB / 168.3 MB (  0.9%)
       1.6 MB / 168.3 MB (  0.9%)
       1.6 MB / 168.3 MB (  0.9%)
       1.6 MB / 168.3 MB (  0.9%)
       1.6 MB / 168.3 MB (  0.9%)
       1.6 MB / 168.3 MB (  0.9%)
       1.6 MB / 168.3 MB (  1.0%)
       1.6 MB / 168.3 MB (  1.0%)
       1.6 MB / 168.3 MB (  1.0%)
       1.6 MB / 168.3 MB (  1.0%)
       1.6 MB / 168.3 MB (  1.0%)
       1.6 MB / 168.3 MB (  1.0%)
       1.7 MB / 168.3 MB (  1.0%)
       1.7 MB / 168.3 MB (  1.0%)
       1.7 MB / 168.3 MB (  1.0%)
       1.7 MB / 168.3 MB (  1.0%)
       1.7 MB / 168.3 MB (  1.0%)
       1.7 MB / 168.3 MB (  1.0%)
       1.7 MB / 168.3 MB (  1.0%)
       1.7 MB / 168.3 MB (  1.0%)
       1.7 MB / 168.3 MB (  1.0%)
       1.7 MB / 168.3 MB (  1.0%)
       1.7 MB / 168.3 MB (  1.0%)
       1.7 MB / 168.3 MB (  1.0%)
       1.8 MB / 168.3 MB (  1.0%)
       1.8 MB / 168.3 MB (  1.0%)
       1.8 MB / 168.3 MB (  1.1%)
       1.8 MB / 168.3 MB (  1.1%)
       1.8 MB / 168.3 MB (  1.1%)
       1.8 MB / 168.3 MB (  1.1%)
       1.8 MB / 168.3 MB (  1.1%)
       1.8 MB / 168.3 MB (  1.1%)
       1.8 MB / 168.3 MB (  1.1%)
       1.8 MB / 168.3 MB (  1.1%)
       1.8 MB / 168.3 MB (  1.1%)
       1.8 MB / 168.3 MB (  1.1%)
       1.9 MB / 168.3 MB (  1.1%)
       1.9 MB / 168.3 MB (  1.1%)
       1.9 MB / 168.3 MB (  1.1%)
       1.9 MB / 168.3 MB (  1.1%)
       1.9 MB / 168.3 MB (  1.1%)
       1.9 MB / 168.3 MB (  1.1%)
       1.9 MB / 168.3 MB (  1.1%)
       1.9 MB / 168.3 MB (  1.1%)
       1.9 MB / 168.3 MB (  1.1%)
       1.9 MB / 168.3 MB (  1.1%)
       1.9 MB / 168.3 MB (  1.1%)
       1.9 MB / 168.3 MB (  1.2%)
       1.9 MB / 168.3 MB (  1.2%)
       2.0 MB / 168.3 MB (  1.2%)
       2.0 MB / 168.3 MB (  1.2%)
       2.0 MB / 168.3 MB (  1.2%)
       2.0 MB / 168.3 MB (  1.2%)
       2.0 MB / 168.3 MB (  1.2%)
       2.0 MB / 168.3 MB (  1.2%)
       2.0 MB / 168.3 MB (  1.2%)
       2.0 MB / 168.3 MB (  1.2%)
       2.0 MB / 168.3 MB (  1.2%)
       2.0 MB / 168.3 MB (  1.2%)
       2.0 MB / 168.3 MB (  1.2%)
       2.0 MB / 168.3 MB (  1.2%)
       2.1 MB / 168.3 MB (  1.2%)
       2.1 MB / 168.3 MB (  1.2%)
       2.1 MB / 168.3 MB (  1.2%)
       2.1 MB / 168.3 MB (  1.2%)
       2.1 MB / 168.3 MB (  1.2%)
       2.1 MB / 168.3 MB (  1.2%)
       2.1 MB / 168.3 MB (  1.3%)
       2.1 MB / 168.3 MB (  1.3%)
       2.1 MB / 168.3 MB (  1.3%)
       2.1 MB / 168.3 MB (  1.3%)
       2.1 MB / 168.3 MB (  1.3%)
       2.1 MB / 168.3 MB (  1.3%)
       2.2 MB / 168.3 MB (  1.3%)
       2.2 MB / 168.3 MB (  1.3%)
       2.2 MB / 168.3 MB (  1.3%)
       2.2 MB / 168.3 MB (  1.3%)
       2.2 MB / 168.3 MB (  1.3%)
       2.2 MB / 168.3 MB (  1.3%)
       2.2 MB / 168.3 MB (  1.3%)
       2.2 MB / 168.3 MB (  1.3%)
       2.2 MB / 168.3 MB (  1.3%)
       2.2 MB / 168.3 MB (  1.3%)
       2.2 MB / 168.3 MB (  1.3%)
       2.2 MB / 168.3 MB (  1.3%)
       2.3 MB / 168.3 MB (  1.3%)
       2.3 MB / 168.3 MB (  1.3%)
       2.3 MB / 168.3 MB (  1.3%)
       2.3 MB / 168.3 MB (  1.4%)
       2.3 MB / 168.3 MB (  1.4%)
       2.3 MB / 168.3 MB (  1.4%)
       2.3 MB / 168.3 MB (  1.4%)
       2.3 MB / 168.3 MB (  1.4%)
       2.3 MB / 168.3 MB (  1.4%)
       2.3 MB / 168.3 MB (  1.4%)
       2.3 MB / 168.3 MB (  1.4%)
       2.3 MB / 168.3 MB (  1.4%)
       2.4 MB / 168.3 MB (  1.4%)
       2.4 MB / 168.3 MB (  1.4%)
       2.4 MB / 168.3 MB (  1.4%)
       2.4 MB / 168.3 MB (  1.4%)
       2.4 MB / 168.3 MB (  1.4%)
       2.4 MB / 168.3 MB (  1.4%)
       2.4 MB / 168.3 MB (  1.4%)
       2.4 MB / 168.3 MB (  1.4%)
       2.4 MB / 168.3 MB (  1.4%)
       2.4 MB / 168.3 MB (  1.4%)
       2.4 MB / 168.3 MB (  1.4%)
       2.4 MB / 168.3 MB (  1.5%)
       2.4 MB / 168.3 MB (  1.5%)
       2.5 MB / 168.3 MB (  1.5%)
       2.5 MB / 168.3 MB (  1.5%)
       2.5 MB / 168.3 MB (  1.5%)
       2.5 MB / 168.3 MB (  1.5%)
       2.5 MB / 168.3 MB (  1.5%)
       2.5 MB / 168.3 MB (  1.5%)
       2.5 MB / 168.3 MB (  1.5%)
       2.5 MB / 168.3 MB (  1.5%)
       2.5 MB / 168.3 MB (  1.5%)
       2.5 MB / 168.3 MB (  1.5%)
       2.5 MB / 168.3 MB (  1.5%)
       2.5 MB / 168.3 MB (  1.5%)
       2.6 MB / 168.3 MB (  1.5%)
       2.6 MB / 168.3 MB (  1.5%)
       2.6 MB / 168.3 MB (  1.5%)
       2.6 MB / 168.3 MB (  1.5%)
       2.6 MB / 168.3 MB (  1.5%)
       2.6 MB / 168.3 MB (  1.5%)
       2.6 MB / 168.3 MB (  1.5%)
       2.6 MB / 168.3 MB (  1.6%)
       2.6 MB / 168.3 MB (  1.6%)
       2.6 MB / 168.3 MB (  1.6%)
       2.6 MB / 168.3 MB (  1.6%)
       2.6 MB / 168.3 MB (  1.6%)
       2.7 MB / 168.3 MB (  1.6%)
       2.7 MB / 168.3 MB (  1.6%)
       2.7 MB / 168.3 MB (  1.6%)
       2.7 MB / 168.3 MB (  1.6%)
       2.7 MB / 168.3 MB (  1.6%)
       2.7 MB / 168.3 MB (  1.6%)
       2.7 MB / 168.3 MB (  1.6%)
       2.7 MB / 168.3 MB (  1.6%)
       2.7 MB / 168.3 MB (  1.6%)
       2.7 MB / 168.3 MB (  1.6%)
       2.7 MB / 168.3 MB (  1.6%)
       2.7 MB / 168.3 MB (  1.6%)
       2.8 MB / 168.3 MB (  1.6%)
       2.8 MB / 168.3 MB (  1.6%)
       2.8 MB / 168.3 MB (  1.6%)
       2.8 MB / 168.3 MB (  1.7%)
       2.8 MB / 168.3 MB (  1.7%)
       2.8 MB / 168.3 MB (  1.7%)
       2.8 MB / 168.3 MB (  1.7%)
       2.8 MB / 168.3 MB (  1.7%)
       2.8 MB / 168.3 MB (  1.7%)
       2.8 MB / 168.3 MB (  1.7%)
       2.8 MB / 168.3 MB (  1.7%)
       2.8 MB / 168.3 MB (  1.7%)
       2.9 MB / 168.3 MB (  1.7%)
       2.9 MB / 168.3 MB (  1.7%)
       2.9 MB / 168.3 MB (  1.7%)
       2.9 MB / 168.3 MB (  1.7%)
       2.9 MB / 168.3 MB (  1.7%)
       2.9 MB / 168.3 MB (  1.7%)
       2.9 MB / 168.3 MB (  1.7%)
       2.9 MB / 168.3 MB (  1.7%)
       2.9 MB / 168.3 MB (  1.7%)
       2.9 MB / 168.3 MB (  1.7%)
       2.9 MB / 168.3 MB (  1.7%)
       2.9 MB / 168.3 MB (  1.7%)
       2.9 MB / 168.3 MB (  1.8%)
       3.0 MB / 168.3 MB (  1.8%)
       3.0 MB / 168.3 MB (  1.8%)
       3.0 MB / 168.3 MB (  1.8%)
       3.0 MB / 168.3 MB (  1.8%)
       3.0 MB / 168.3 MB (  1.8%)
       3.0 MB / 168.3 MB (  1.8%)
       3.0 MB / 168.3 MB (  1.8%)
       3.0 MB / 168.3 MB (  1.8%)
       3.0 MB / 168.3 MB (  1.8%)
       3.0 MB / 168.3 MB (  1.8%)
       3.0 MB / 168.3 MB (  1.8%)
       3.0 MB / 168.3 MB (  1.8%)
       3.1 MB / 168.3 MB (  1.8%)
       3.1 MB / 168.3 MB (  1.8%)
       3.1 MB / 168.3 MB (  1.8%)
       3.1 MB / 168.3 MB (  1.8%)
       3.1 MB / 168.3 MB (  1.8%)
       3.1 MB / 168.3 MB (  1.8%)
       3.1 MB / 168.3 MB (  1.8%)
       3.1 MB / 168.3 MB (  1.8%)
       3.1 MB / 168.3 MB (  1.9%)
       3.1 MB / 168.3 MB (  1.9%)
       3.1 MB / 168.3 MB (  1.9%)
       3.1 MB / 168.3 MB (  1.9%)
       3.2 MB / 168.3 MB (  1.9%)
       3.2 MB / 168.3 MB (  1.9%)
       3.2 MB / 168.3 MB (  1.9%)
       3.2 MB / 168.3 MB (  1.9%)
       3.2 MB / 168.3 MB (  1.9%)
       3.2 MB / 168.3 MB (  1.9%)
       3.2 MB / 168.3 MB (  1.9%)
       3.2 MB / 168.3 MB (  1.9%)
       3.2 MB / 168.3 MB (  1.9%)
       3.2 MB / 168.3 MB (  1.9%)
       3.2 MB / 168.3 MB (  1.9%)
       3.2 MB / 168.3 MB (  1.9%)
       3.3 MB / 168.3 MB (  1.9%)
       3.3 MB / 168.3 MB (  1.9%)
       3.3 MB / 168.3 MB (  1.9%)
       3.3 MB / 168.3 MB (  1.9%)
       3.3 MB / 168.3 MB (  2.0%)
       3.3 MB / 168.3 MB (  2.0%)
       3.3 MB / 168.3 MB (  2.0%)
       3.3 MB / 168.3 MB (  2.0%)
       3.3 MB / 168.3 MB (  2.0%)
       3.3 MB / 168.3 MB (  2.0%)
       3.3 MB / 168.3 MB (  2.0%)
       3.3 MB / 168.3 MB (  2.0%)
       3.4 MB / 168.3 MB (  2.0%)
       3.4 MB / 168.3 MB (  2.0%)
       3.4 MB / 168.3 MB (  2.0%)
       3.4 MB / 168.3 MB (  2.0%)
       3.4 MB / 168.3 MB (  2.0%)
       3.4 MB / 168.3 MB (  2.0%)
       3.4 MB / 168.3 MB (  2.0%)
       3.4 MB / 168.3 MB (  2.0%)
       3.4 MB / 168.3 MB (  2.0%)
       3.4 MB / 168.3 MB (  2.0%)
       3.4 MB / 168.3 MB (  2.0%)
       3.4 MB / 168.3 MB (  2.0%)
       3.4 MB / 168.3 MB (  2.0%)
       3.5 MB / 168.3 MB (  2.1%)
       3.5 MB / 168.3 MB (  2.1%)
       3.5 MB / 168.3 MB (  2.1%)
       3.5 MB / 168.3 MB (  2.1%)
       3.5 MB / 168.3 MB (  2.1%)
       3.5 MB / 168.3 MB (  2.1%)
       3.5 MB / 168.3 MB (  2.1%)
       3.5 MB / 168.3 MB (  2.1%)
       3.5 MB / 168.3 MB (  2.1%)
       3.5 MB / 168.3 MB (  2.1%)
       3.5 MB / 168.3 MB (  2.1%)
       3.5 MB / 168.3 MB (  2.1%)
       3.6 MB / 168.3 MB (  2.1%)
       3.6 MB / 168.3 MB (  2.1%)
       3.6 MB / 168.3 MB (  2.1%)
       3.6 MB / 168.3 MB (  2.1%)
       3.6 MB / 168.3 MB (  2.1%)
       3.6 MB / 168.3 MB (  2.1%)
       3.6 MB / 168.3 MB (  2.1%)
       3.6 MB / 168.3 MB (  2.1%)
       3.6 MB / 168.3 MB (  2.2%)
       3.6 MB / 168.3 MB (  2.2%)
       3.6 MB / 168.3 MB (  2.2%)
       3.6 MB / 168.3 MB (  2.2%)
       3.7 MB / 168.3 MB (  2.2%)
       3.7 MB / 168.3 MB (  2.2%)
       3.7 MB / 168.3 MB (  2.2%)
       3.7 MB / 168.3 MB (  2.2%)
       3.7 MB / 168.3 MB (  2.2%)
       3.7 MB / 168.3 MB (  2.2%)
       3.7 MB / 168.3 MB (  2.2%)
       3.7 MB / 168.3 MB (  2.2%)
       3.7 MB / 168.3 MB (  2.2%)
       3.7 MB / 168.3 MB (  2.2%)
       3.7 MB / 168.3 MB (  2.2%)
       3.7 MB / 168.3 MB (  2.2%)
       3.8 MB / 168.3 MB (  2.2%)
       3.8 MB / 168.3 MB (  2.2%)
       3.8 MB / 168.3 MB (  2.2%)
       3.8 MB / 168.3 MB (  2.2%)
       3.8 MB / 168.3 MB (  2.2%)
       3.8 MB / 168.3 MB (  2.3%)
       3.8 MB / 168.3 MB (  2.3%)
       3.8 MB / 168.3 MB (  2.3%)
       3.8 MB / 168.3 MB (  2.3%)
       3.8 MB / 168.3 MB (  2.3%)
       3.8 MB / 168.3 MB (  2.3%)
       3.8 MB / 168.3 MB (  2.3%)
       3.9 MB / 168.3 MB (  2.3%)
       3.9 MB / 168.3 MB (  2.3%)
       3.9 MB / 168.3 MB (  2.3%)
       3.9 MB / 168.3 MB (  2.3%)
       3.9 MB / 168.3 MB (  2.3%)
       3.9 MB / 168.3 MB (  2.3%)
       3.9 MB / 168.3 MB (  2.3%)
       3.9 MB / 168.3 MB (  2.3%)
       3.9 MB / 168.3 MB (  2.3%)
       3.9 MB / 168.3 MB (  2.3%)
       3.9 MB / 168.3 MB (  2.3%)
       3.9 MB / 168.3 MB (  2.3%)
       3.9 MB / 168.3 MB (  2.3%)
       4.0 MB / 168.3 MB (  2.4%)
       4.0 MB / 168.3 MB (  2.4%)
       4.0 MB / 168.3 MB (  2.4%)
       4.0 MB / 168.3 MB (  2.4%)
       4.0 MB / 168.3 MB (  2.4%)
       4.0 MB / 168.3 MB (  2.4%)
       4.0 MB / 168.3 MB (  2.4%)
       4.0 MB / 168.3 MB (  2.4%)
       4.0 MB / 168.3 MB (  2.4%)
       4.0 MB / 168.3 MB (  2.4%)
       4.0 MB / 168.3 MB (  2.4%)
       4.0 MB / 168.3 MB (  2.4%)
       4.1 MB / 168.3 MB (  2.4%)
       4.1 MB / 168.3 MB (  2.4%)
       4.1 MB / 168.3 MB (  2.4%)
       4.1 MB / 168.3 MB (  2.4%)
       4.1 MB / 168.3 MB (  2.4%)
       4.1 MB / 168.3 MB (  2.4%)
       4.1 MB / 168.3 MB (  2.4%)
       4.1 MB / 168.3 MB (  2.4%)
       4.1 MB / 168.3 MB (  2.4%)
       4.1 MB / 168.3 MB (  2.5%)
       4.1 MB / 168.3 MB (  2.5%)
       4.1 MB / 168.3 MB (  2.5%)
       4.2 MB / 168.3 MB (  2.5%)
       4.2 MB / 168.3 MB (  2.5%)
       4.2 MB / 168.3 MB (  2.5%)
       4.2 MB / 168.3 MB (  2.5%)
       4.2 MB / 168.3 MB (  2.5%)
       4.2 MB / 168.3 MB (  2.5%)
       4.2 MB / 168.3 MB (  2.5%)
       4.2 MB / 168.3 MB (  2.5%)
       4.2 MB / 168.3 MB (  2.5%)
       4.2 MB / 168.3 MB (  2.5%)
       4.2 MB / 168.3 MB (  2.5%)
       4.2 MB / 168.3 MB (  2.5%)
       4.3 MB / 168.3 MB (  2.5%)
       4.3 MB / 168.3 MB (  2.5%)
       4.3 MB / 168.3 MB (  2.5%)
       4.3 MB / 168.3 MB (  2.5%)
       4.3 MB / 168.3 MB (  2.5%)
       4.3 MB / 168.3 MB (  2.6%)
       4.3 MB / 168.3 MB (  2.6%)
       4.3 MB / 168.3 MB (  2.6%)
       4.3 MB / 168.3 MB (  2.6%)
       4.3 MB / 168.3 MB (  2.6%)
       4.3 MB / 168.3 MB (  2.6%)
       4.3 MB / 168.3 MB (  2.6%)
       4.3 MB / 168.3 MB (  2.6%)
       4.4 MB / 168.3 MB (  2.6%)
       4.4 MB / 168.3 MB (  2.6%)
       4.4 MB / 168.3 MB (  2.6%)
       4.4 MB / 168.3 MB (  2.6%)
       4.4 MB / 168.3 MB (  2.6%)
       4.4 MB / 168.3 MB (  2.6%)
       4.4 MB / 168.3 MB (  2.6%)
       4.4 MB / 168.3 MB (  2.6%)
       4.4 MB / 168.3 MB (  2.6%)
       4.4 MB / 168.3 MB (  2.6%)
       4.4 MB / 168.3 MB (  2.6%)
       4.4 MB / 168.3 MB (  2.6%)
       4.5 MB / 168.3 MB (  2.6%)
       4.5 MB / 168.3 MB (  2.7%)
       4.5 MB / 168.3 MB (  2.7%)
       4.5 MB / 168.3 MB (  2.7%)
       4.5 MB / 168.3 MB (  2.7%)
       4.5 MB / 168.3 MB (  2.7%)
       4.5 MB / 168.3 MB (  2.7%)
       4.5 MB / 168.3 MB (  2.7%)
       4.5 MB / 168.3 MB (  2.7%)
       4.5 MB / 168.3 MB (  2.7%)
       4.5 MB / 168.3 MB (  2.7%)
       4.5 MB / 168.3 MB (  2.7%)
       4.6 MB / 168.3 MB (  2.7%)
       4.6 MB / 168.3 MB (  2.7%)
       4.6 MB / 168.3 MB (  2.7%)
       4.6 MB / 168.3 MB (  2.7%)
       4.6 MB / 168.3 MB (  2.7%)
       4.6 MB / 168.3 MB (  2.7%)
       4.6 MB / 168.3 MB (  2.7%)
       4.6 MB / 168.3 MB (  2.7%)
       4.6 MB / 168.3 MB (  2.7%)
       4.6 MB / 168.3 MB (  2.8%)
       4.6 MB / 168.3 MB (  2.8%)
       4.6 MB / 168.3 MB (  2.8%)
       4.7 MB / 168.3 MB (  2.8%)
       4.7 MB / 168.3 MB (  2.8%)
       4.7 MB / 168.3 MB (  2.8%)
       4.7 MB / 168.3 MB (  2.8%)
       4.7 MB / 168.3 MB (  2.8%)
       4.7 MB / 168.3 MB (  2.8%)
       4.7 MB / 168.3 MB (  2.8%)
       4.7 MB / 168.3 MB (  2.8%)
       4.7 MB / 168.3 MB (  2.8%)
       4.7 MB / 168.3 MB (  2.8%)
       4.7 MB / 168.3 MB (  2.8%)
       4.7 MB / 168.3 MB (  2.8%)
       4.8 MB / 168.3 MB (  2.8%)
       4.8 MB / 168.3 MB (  2.8%)
       4.8 MB / 168.3 MB (  2.8%)
       4.8 MB / 168.3 MB (  2.8%)
       4.8 MB / 168.3 MB (  2.8%)
       4.8 MB / 168.3 MB (  2.8%)
       4.8 MB / 168.3 MB (  2.9%)
       4.8 MB / 168.3 MB (  2.9%)
       4.8 MB / 168.3 MB (  2.9%)
       4.8 MB / 168.3 MB (  2.9%)
       4.8 MB / 168.3 MB (  2.9%)
       4.8 MB / 168.3 MB (  2.9%)
       4.8 MB / 168.3 MB (  2.9%)
       4.9 MB / 168.3 MB (  2.9%)
       4.9 MB / 168.3 MB (  2.9%)
       4.9 MB / 168.3 MB (  2.9%)
       4.9 MB / 168.3 MB (  2.9%)
       4.9 MB / 168.3 MB (  2.9%)
       4.9 MB / 168.3 MB (  2.9%)
       4.9 MB / 168.3 MB (  2.9%)
       4.9 MB / 168.3 MB (  2.9%)
       4.9 MB / 168.3 MB (  2.9%)
       4.9 MB / 168.3 MB (  2.9%)
       4.9 MB / 168.3 MB (  2.9%)
       4.9 MB / 168.3 MB (  2.9%)
       5.0 MB / 168.3 MB (  2.9%)
       5.0 MB / 168.3 MB (  3.0%)
       5.0 MB / 168.3 MB (  3.0%)
       5.0 MB / 168.3 MB (  3.0%)
       5.0 MB / 168.3 MB (  3.0%)
       5.0 MB / 168.3 MB (  3.0%)
       5.0 MB / 168.3 MB (  3.0%)
       5.0 MB / 168.3 MB (  3.0%)
       5.0 MB / 168.3 MB (  3.0%)
       5.0 MB / 168.3 MB (  3.0%)
       5.0 MB / 168.3 MB (  3.0%)
       5.0 MB / 168.3 MB (  3.0%)
       5.1 MB / 168.3 MB (  3.0%)
       5.1 MB / 168.3 MB (  3.0%)
       5.1 MB / 168.3 MB (  3.0%)
       5.1 MB / 168.3 MB (  3.0%)
       5.1 MB / 168.3 MB (  3.0%)
       5.1 MB / 168.3 MB (  3.0%)
       5.1 MB / 168.3 MB (  3.0%)
       5.1 MB / 168.3 MB (  3.0%)
       5.1 MB / 168.3 MB (  3.0%)
       5.1 MB / 168.3 MB (  3.0%)
       5.1 MB / 168.3 MB (  3.1%)
       5.1 MB / 168.3 MB (  3.1%)
       5.2 MB / 168.3 MB (  3.1%)
       5.2 MB / 168.3 MB (  3.1%)
       5.2 MB / 168.3 MB (  3.1%)
       5.2 MB / 168.3 MB (  3.1%)
       5.2 MB / 168.3 MB (  3.1%)
       5.2 MB / 168.3 MB (  3.1%)
       5.2 MB / 168.3 MB (  3.1%)
       5.2 MB / 168.3 MB (  3.1%)
       5.2 MB / 168.3 MB (  3.1%)
       5.2 MB / 168.3 MB (  3.1%)
       5.2 MB / 168.3 MB (  3.1%)
       5.2 MB / 168.3 MB (  3.1%)
       5.3 MB / 168.3 MB (  3.1%)
       5.3 MB / 168.3 MB (  3.1%)
       5.3 MB / 168.3 MB (  3.1%)
       5.3 MB / 168.3 MB (  3.1%)
       5.3 MB / 168.3 MB (  3.1%)
       5.3 MB / 168.3 MB (  3.1%)
       5.3 MB / 168.3 MB (  3.1%)
       5.3 MB / 168.3 MB (  3.2%)
       5.3 MB / 168.3 MB (  3.2%)
       5.3 MB / 168.3 MB (  3.2%)
       5.3 MB / 168.3 MB (  3.2%)
       5.3 MB / 168.3 MB (  3.2%)
       5.3 MB / 168.3 MB (  3.2%)
       5.4 MB / 168.3 MB (  3.2%)
       5.4 MB / 168.3 MB (  3.2%)
       5.4 MB / 168.3 MB (  3.2%)
       5.4 MB / 168.3 MB (  3.2%)
       5.4 MB / 168.3 MB (  3.2%)
       5.4 MB / 168.3 MB (  3.2%)
       5.4 MB / 168.3 MB (  3.2%)
       5.4 MB / 168.3 MB (  3.2%)
       5.4 MB / 168.3 MB (  3.2%)
       5.4 MB / 168.3 MB (  3.2%)
       5.4 MB / 168.3 MB (  3.2%)
       5.4 MB / 168.3 MB (  3.2%)
       5.5 MB / 168.3 MB (  3.2%)
       5.5 MB / 168.3 MB (  3.2%)
       5.5 MB / 168.3 MB (  3.3%)
       5.5 MB / 168.3 MB (  3.3%)
       5.5 MB / 168.3 MB (  3.3%)
       5.5 MB / 168.3 MB (  3.3%)
       5.5 MB / 168.3 MB (  3.3%)
       5.5 MB / 168.3 MB (  3.3%)
       5.5 MB / 168.3 MB (  3.3%)
       5.5 MB / 168.3 MB (  3.3%)
       5.5 MB / 168.3 MB (  3.3%)
       5.5 MB / 168.3 MB (  3.3%)
       5.6 MB / 168.3 MB (  3.3%)
       5.6 MB / 168.3 MB (  3.3%)
       5.6 MB / 168.3 MB (  3.3%)
       5.6 MB / 168.3 MB (  3.3%)
       5.6 MB / 168.3 MB (  3.3%)
       5.6 MB / 168.3 MB (  3.3%)
       5.6 MB / 168.3 MB (  3.3%)
       5.6 MB / 168.3 MB (  3.3%)
       5.6 MB / 168.3 MB (  3.3%)
       5.6 MB / 168.3 MB (  3.3%)
       5.6 MB / 168.3 MB (  3.3%)
       5.6 MB / 168.3 MB (  3.4%)
       5.7 MB / 168.3 MB (  3.4%)
       5.7 MB / 168.3 MB (  3.4%)
       5.7 MB / 168.3 MB (  3.4%)
       5.7 MB / 168.3 MB (  3.4%)
       5.7 MB / 168.3 MB (  3.4%)
       5.7 MB / 168.3 MB (  3.4%)
       5.7 MB / 168.3 MB (  3.4%)
       5.7 MB / 168.3 MB (  3.4%)
       5.7 MB / 168.3 MB (  3.4%)
       5.7 MB / 168.3 MB (  3.4%)
       5.7 MB / 168.3 MB (  3.4%)
       5.7 MB / 168.3 MB (  3.4%)
       5.8 MB / 168.3 MB (  3.4%)
       5.8 MB / 168.3 MB (  3.4%)
       5.8 MB / 168.3 MB (  3.4%)
       5.8 MB / 168.3 MB (  3.4%)
       5.8 MB / 168.3 MB (  3.4%)
       5.8 MB / 168.3 MB (  3.4%)
       5.8 MB / 168.3 MB (  3.4%)
       5.8 MB / 168.3 MB (  3.5%)
       5.8 MB / 168.3 MB (  3.5%)
       5.8 MB / 168.3 MB (  3.5%)
       5.8 MB / 168.3 MB (  3.5%)
       5.8 MB / 168.3 MB (  3.5%)
       5.8 MB / 168.3 MB (  3.5%)
       5.9 MB / 168.3 MB (  3.5%)
       5.9 MB / 168.3 MB (  3.5%)
       5.9 MB / 168.3 MB (  3.5%)
       5.9 MB / 168.3 MB (  3.5%)
       5.9 MB / 168.3 MB (  3.5%)
       5.9 MB / 168.3 MB (  3.5%)
       5.9 MB / 168.3 MB (  3.5%)
       5.9 MB / 168.3 MB (  3.5%)
       5.9 MB / 168.3 MB (  3.5%)
       5.9 MB / 168.3 MB (  3.5%)
       5.9 MB / 168.3 MB (  3.5%)
       5.9 MB / 168.3 MB (  3.5%)
       6.0 MB / 168.3 MB (  3.5%)
       6.0 MB / 168.3 MB (  3.5%)
       6.0 MB / 168.3 MB (  3.5%)
       6.0 MB / 168.3 MB (  3.6%)
       6.0 MB / 168.3 MB (  3.6%)
       6.0 MB / 168.3 MB (  3.6%)
       6.0 MB / 168.3 MB (  3.6%)
       6.0 MB / 168.3 MB (  3.6%)
       6.0 MB / 168.3 MB (  3.6%)
       6.0 MB / 168.3 MB (  3.6%)
       6.0 MB / 168.3 MB (  3.6%)
       6.0 MB / 168.3 MB (  3.6%)
       6.1 MB / 168.3 MB (  3.6%)
       6.1 MB / 168.3 MB (  3.6%)
       6.1 MB / 168.3 MB (  3.6%)
       6.1 MB / 168.3 MB (  3.6%)
       6.1 MB / 168.3 MB (  3.6%)
       6.1 MB / 168.3 MB (  3.6%)
       6.1 MB / 168.3 MB (  3.6%)
       6.1 MB / 168.3 MB (  3.6%)
       6.1 MB / 168.3 MB (  3.6%)
       6.1 MB / 168.3 MB (  3.6%)
       6.1 MB / 168.3 MB (  3.6%)
       6.1 MB / 168.3 MB (  3.7%)
       6.2 MB / 168.3 MB (  3.7%)
       6.2 MB / 168.3 MB (  3.7%)
       6.2 MB / 168.3 MB (  3.7%)
       6.2 MB / 168.3 MB (  3.7%)
       6.2 MB / 168.3 MB (  3.7%)
       6.2 MB / 168.3 MB (  3.7%)
       6.2 MB / 168.3 MB (  3.7%)
       6.2 MB / 168.3 MB (  3.7%)
       6.2 MB / 168.3 MB (  3.7%)
       6.2 MB / 168.3 MB (  3.7%)
       6.2 MB / 168.3 MB (  3.7%)
       6.2 MB / 168.3 MB (  3.7%)
       6.3 MB / 168.3 MB (  3.7%)
       6.3 MB / 168.3 MB (  3.7%)
       6.3 MB / 168.3 MB (  3.7%)
       6.3 MB / 168.3 MB (  3.7%)
       6.3 MB / 168.3 MB (  3.7%)
       6.3 MB / 168.3 MB (  3.7%)
       6.3 MB / 168.3 MB (  3.7%)
       6.3 MB / 168.3 MB (  3.7%)
       6.3 MB / 168.3 MB (  3.8%)
       6.3 MB / 168.3 MB (  3.8%)
       6.3 MB / 168.3 MB (  3.8%)
       6.3 MB / 168.3 MB (  3.8%)
       6.3 MB / 168.3 MB (  3.8%)
       6.4 MB / 168.3 MB (  3.8%)
       6.4 MB / 168.3 MB (  3.8%)
       6.4 MB / 168.3 MB (  3.8%)
       6.4 MB / 168.3 MB (  3.8%)
       6.4 MB / 168.3 MB (  3.8%)
       6.4 MB / 168.3 MB (  3.8%)
       6.4 MB / 168.3 MB (  3.8%)
       6.4 MB / 168.3 MB (  3.8%)
       6.4 MB / 168.3 MB (  3.8%)
       6.4 MB / 168.3 MB (  3.8%)
       6.4 MB / 168.3 MB (  3.8%)
       6.4 MB / 168.3 MB (  3.8%)
       6.5 MB / 168.3 MB (  3.8%)
       6.5 MB / 168.3 MB (  3.8%)
       6.5 MB / 168.3 MB (  3.8%)
       6.5 MB / 168.3 MB (  3.9%)
       6.5 MB / 168.3 MB (  3.9%)
       6.5 MB / 168.3 MB (  3.9%)
       6.5 MB / 168.3 MB (  3.9%)
       6.5 MB / 168.3 MB (  3.9%)
       6.5 MB / 168.3 MB (  3.9%)
       6.5 MB / 168.3 MB (  3.9%)
       6.5 MB / 168.3 MB (  3.9%)
       6.5 MB / 168.3 MB (  3.9%)
       6.6 MB / 168.3 MB (  3.9%)
       6.6 MB / 168.3 MB (  3.9%)
       6.6 MB / 168.3 MB (  3.9%)
       6.6 MB / 168.3 MB (  3.9%)
       6.6 MB / 168.3 MB (  3.9%)
       6.6 MB / 168.3 MB (  3.9%)
       6.6 MB / 168.3 MB (  3.9%)
       6.6 MB / 168.3 MB (  3.9%)
       6.6 MB / 168.3 MB (  3.9%)
       6.6 MB / 168.3 MB (  3.9%)
       6.6 MB / 168.3 MB (  3.9%)
       6.6 MB / 168.3 MB (  3.9%)
       6.7 MB / 168.3 MB (  4.0%)
       6.7 MB / 168.3 MB (  4.0%)
       6.7 MB / 168.3 MB (  4.0%)
       6.7 MB / 168.3 MB (  4.0%)
       6.7 MB / 168.3 MB (  4.0%)
       6.7 MB / 168.3 MB (  4.0%)
       6.7 MB / 168.3 MB (  4.0%)
       6.7 MB / 168.3 MB (  4.0%)
       6.7 MB / 168.3 MB (  4.0%)
       6.7 MB / 168.3 MB (  4.0%)
       6.7 MB / 168.3 MB (  4.0%)
       6.7 MB / 168.3 MB (  4.0%)
       6.8 MB / 168.3 MB (  4.0%)
       6.8 MB / 168.3 MB (  4.0%)
       6.8 MB / 168.3 MB (  4.0%)
       6.8 MB / 168.3 MB (  4.0%)
       6.8 MB / 168.3 MB (  4.0%)
       6.8 MB / 168.3 MB (  4.0%)
       6.8 MB / 168.3 MB (  4.0%)
       6.8 MB / 168.3 MB (  4.0%)
       6.8 MB / 168.3 MB (  4.1%)
       6.8 MB / 168.3 MB (  4.1%)
       6.8 MB / 168.3 MB (  4.1%)
       6.8 MB / 168.3 MB (  4.1%)
       6.8 MB / 168.3 MB (  4.1%)
       6.9 MB / 168.3 MB (  4.1%)
       6.9 MB / 168.3 MB (  4.1%)
       6.9 MB / 168.3 MB (  4.1%)
       6.9 MB / 168.3 MB (  4.1%)
       6.9 MB / 168.3 MB (  4.1%)
       6.9 MB / 168.3 MB (  4.1%)
       6.9 MB / 168.3 MB (  4.1%)
       6.9 MB / 168.3 MB (  4.1%)
       6.9 MB / 168.3 MB (  4.1%)
       6.9 MB / 168.3 MB (  4.1%)
       6.9 MB / 168.3 MB (  4.1%)
       6.9 MB / 168.3 MB (  4.1%)
       7.0 MB / 168.3 MB (  4.1%)
       7.0 MB / 168.3 MB (  4.1%)
       7.0 MB / 168.3 MB (  4.1%)
       7.0 MB / 168.3 MB (  4.1%)
       7.0 MB / 168.3 MB (  4.2%)
       7.0 MB / 168.3 MB (  4.2%)
       7.0 MB / 168.3 MB (  4.2%)
       7.0 MB / 168.3 MB (  4.2%)
       7.0 MB / 168.3 MB (  4.2%)
       7.0 MB / 168.3 MB (  4.2%)
       7.0 MB / 168.3 MB (  4.2%)
       7.0 MB / 168.3 MB (  4.2%)
       7.1 MB / 168.3 MB (  4.2%)
       7.1 MB / 168.3 MB (  4.2%)
       7.1 MB / 168.3 MB (  4.2%)
       7.1 MB / 168.3 MB (  4.2%)
       7.1 MB / 168.3 MB (  4.2%)
       7.1 MB / 168.3 MB (  4.2%)
       7.1 MB / 168.3 MB (  4.2%)
       7.1 MB / 168.3 MB (  4.2%)
       7.1 MB / 168.3 MB (  4.2%)
       7.1 MB / 168.3 MB (  4.2%)
       7.1 MB / 168.3 MB (  4.2%)
       7.1 MB / 168.3 MB (  4.2%)
       7.2 MB / 168.3 MB (  4.2%)
       7.2 MB / 168.3 MB (  4.3%)
       7.2 MB / 168.3 MB (  4.3%)
       7.2 MB / 168.3 MB (  4.3%)
       7.2 MB / 168.3 MB (  4.3%)
       7.2 MB / 168.3 MB (  4.3%)
       7.2 MB / 168.3 MB (  4.3%)
       7.2 MB / 168.3 MB (  4.3%)
       7.2 MB / 168.3 MB (  4.3%)
       7.2 MB / 168.3 MB (  4.3%)
       7.2 MB / 168.3 MB (  4.3%)
       7.2 MB / 168.3 MB (  4.3%)
       7.2 MB / 168.3 MB (  4.3%)
       7.3 MB / 168.3 MB (  4.3%)
       7.3 MB / 168.3 MB (  4.3%)
       7.3 MB / 168.3 MB (  4.3%)
       7.3 MB / 168.3 MB (  4.3%)
       7.3 MB / 168.3 MB (  4.3%)
       7.3 MB / 168.3 MB (  4.3%)
       7.3 MB / 168.3 MB (  4.3%)
       7.3 MB / 168.3 MB (  4.3%)
       7.3 MB / 168.3 MB (  4.4%)
       7.3 MB / 168.3 MB (  4.4%)
       7.3 MB / 168.3 MB (  4.4%)
       7.3 MB / 168.3 MB (  4.4%)
       7.4 MB / 168.3 MB (  4.4%)
       7.4 MB / 168.3 MB (  4.4%)
       7.4 MB / 168.3 MB (  4.4%)
       7.4 MB / 168.3 MB (  4.4%)
       7.4 MB / 168.3 MB (  4.4%)
       7.4 MB / 168.3 MB (  4.4%)
       7.4 MB / 168.3 MB (  4.4%)
       7.4 MB / 168.3 MB (  4.4%)
       7.4 MB / 168.3 MB (  4.4%)
       7.4 MB / 168.3 MB (  4.4%)
       7.4 MB / 168.3 MB (  4.4%)
       7.4 MB / 168.3 MB (  4.4%)
       7.5 MB / 168.3 MB (  4.4%)
       7.5 MB / 168.3 MB (  4.4%)
       7.5 MB / 168.3 MB (  4.4%)
       7.5 MB / 168.3 MB (  4.4%)
       7.5 MB / 168.3 MB (  4.4%)
       7.5 MB / 168.3 MB (  4.5%)
       7.5 MB / 168.3 MB (  4.5%)
       7.5 MB / 168.3 MB (  4.5%)
       7.5 MB / 168.3 MB (  4.5%)
       7.5 MB / 168.3 MB (  4.5%)
       7.5 MB / 168.3 MB (  4.5%)
       7.5 MB / 168.3 MB (  4.5%)
       7.6 MB / 168.3 MB (  4.5%)
       7.6 MB / 168.3 MB (  4.5%)
       7.6 MB / 168.3 MB (  4.5%)
       7.6 MB / 168.3 MB (  4.5%)
       7.6 MB / 168.3 MB (  4.5%)
       7.6 MB / 168.3 MB (  4.5%)
       7.6 MB / 168.3 MB (  4.5%)
       7.6 MB / 168.3 MB (  4.5%)
       7.6 MB / 168.3 MB (  4.5%)
       7.6 MB / 168.3 MB (  4.5%)
       7.6 MB / 168.3 MB (  4.5%)
       7.6 MB / 168.3 MB (  4.5%)
       7.7 MB / 168.3 MB (  4.5%)
       7.7 MB / 168.3 MB (  4.6%)
       7.7 MB / 168.3 MB (  4.6%)
       7.7 MB / 168.3 MB (  4.6%)
       7.7 MB / 168.3 MB (  4.6%)
       7.7 MB / 168.3 MB (  4.6%)
       7.7 MB / 168.3 MB (  4.6%)
       7.7 MB / 168.3 MB (  4.6%)
       7.7 MB / 168.3 MB (  4.6%)
       7.7 MB / 168.3 MB (  4.6%)
       7.7 MB / 168.3 MB (  4.6%)
       7.7 MB / 168.3 MB (  4.6%)
       7.7 MB / 168.3 MB (  4.6%)
       7.8 MB / 168.3 MB (  4.6%)
       7.8 MB / 168.3 MB (  4.6%)
       7.8 MB / 168.3 MB (  4.6%)
       7.8 MB / 168.3 MB (  4.6%)
       7.8 MB / 168.3 MB (  4.6%)
       7.8 MB / 168.3 MB (  4.6%)
       7.8 MB / 168.3 MB (  4.6%)
       7.8 MB / 168.3 MB (  4.6%)
       7.8 MB / 168.3 MB (  4.6%)
       7.8 MB / 168.3 MB (  4.7%)
       7.8 MB / 168.3 MB (  4.7%)
       7.8 MB / 168.3 MB (  4.7%)
       7.9 MB / 168.3 MB (  4.7%)
       7.9 MB / 168.3 MB (  4.7%)
       7.9 MB / 168.3 MB (  4.7%)
       7.9 MB / 168.3 MB (  4.7%)
       7.9 MB / 168.3 MB (  4.7%)
       7.9 MB / 168.3 MB (  4.7%)
       7.9 MB / 168.3 MB (  4.7%)
       7.9 MB / 168.3 MB (  4.7%)
       7.9 MB / 168.3 MB (  4.7%)
       7.9 MB / 168.3 MB (  4.7%)
       7.9 MB / 168.3 MB (  4.7%)
       7.9 MB / 168.3 MB (  4.7%)
       8.0 MB / 168.3 MB (  4.7%)
       8.0 MB / 168.3 MB (  4.7%)
       8.0 MB / 168.3 MB (  4.7%)
       8.0 MB / 168.3 MB (  4.7%)
       8.0 MB / 168.3 MB (  4.7%)
       8.0 MB / 168.3 MB (  4.8%)
       8.0 MB / 168.3 MB (  4.8%)
       8.0 MB / 168.3 MB (  4.8%)
       8.0 MB / 168.3 MB (  4.8%)
       8.0 MB / 168.3 MB (  4.8%)
       8.0 MB / 168.3 MB (  4.8%)
       8.0 MB / 168.3 MB (  4.8%)
       8.1 MB / 168.3 MB (  4.8%)
       8.1 MB / 168.3 MB (  4.8%)
       8.1 MB / 168.3 MB (  4.8%)
       8.1 MB / 168.3 MB (  4.8%)
       8.1 MB / 168.3 MB (  4.8%)
       8.1 MB / 168.3 MB (  4.8%)
       8.1 MB / 168.3 MB (  4.8%)
       8.1 MB / 168.3 MB (  4.8%)
       8.1 MB / 168.3 MB (  4.8%)
       8.1 MB / 168.3 MB (  4.8%)
       8.1 MB / 168.3 MB (  4.8%)
       8.1 MB / 168.3 MB (  4.8%)
       8.2 MB / 168.3 MB (  4.8%)
       8.2 MB / 168.3 MB (  4.8%)
       8.2 MB / 168.3 MB (  4.9%)
       8.2 MB / 168.3 MB (  4.9%)
       8.2 MB / 168.3 MB (  4.9%)
       8.2 MB / 168.3 MB (  4.9%)
       8.2 MB / 168.3 MB (  4.9%)
       8.2 MB / 168.3 MB (  4.9%)
       8.2 MB / 168.3 MB (  4.9%)
       8.2 MB / 168.3 MB (  4.9%)
       8.2 MB / 168.3 MB (  4.9%)
       8.2 MB / 168.3 MB (  4.9%)
       8.2 MB / 168.3 MB (  4.9%)
       8.3 MB / 168.3 MB (  4.9%)
       8.3 MB / 168.3 MB (  4.9%)
       8.3 MB / 168.3 MB (  4.9%)
       8.3 MB / 168.3 MB (  4.9%)
       8.3 MB / 168.3 MB (  4.9%)
       8.3 MB / 168.3 MB (  4.9%)
       8.3 MB / 168.3 MB (  4.9%)
       8.3 MB / 168.3 MB (  4.9%)
       8.3 MB / 168.3 MB (  4.9%)
       8.3 MB / 168.3 MB (  5.0%)
       8.3 MB / 168.3 MB (  5.0%)
       8.3 MB / 168.3 MB (  5.0%)
       8.4 MB / 168.3 MB (  5.0%)
       8.4 MB / 168.3 MB (  5.0%)
       8.4 MB / 168.3 MB (  5.0%)
       8.4 MB / 168.3 MB (  5.0%)
       8.4 MB / 168.3 MB (  5.0%)
       8.4 MB / 168.3 MB (  5.0%)
       8.4 MB / 168.3 MB (  5.0%)
       8.4 MB / 168.3 MB (  5.0%)
       8.4 MB / 168.3 MB (  5.0%)
       8.4 MB / 168.3 MB (  5.0%)
       8.4 MB / 168.3 MB (  5.0%)
       8.4 MB / 168.3 MB (  5.0%)
       8.5 MB / 168.3 MB (  5.0%)
       8.5 MB / 168.3 MB (  5.0%)
       8.5 MB / 168.3 MB (  5.0%)
       8.5 MB / 168.3 MB (  5.0%)
       8.5 MB / 168.3 MB (  5.0%)
       8.5 MB / 168.3 MB (  5.0%)
       8.5 MB / 168.3 MB (  5.1%)
       8.5 MB / 168.3 MB (  5.1%)
       8.5 MB / 168.3 MB (  5.1%)
       8.5 MB / 168.3 MB (  5.1%)
       8.5 MB / 168.3 MB (  5.1%)
       8.5 MB / 168.3 MB (  5.1%)
       8.6 MB / 168.3 MB (  5.1%)
       8.6 MB / 168.3 MB (  5.1%)
       8.6 MB / 168.3 MB (  5.1%)
       8.6 MB / 168.3 MB (  5.1%)
       8.6 MB / 168.3 MB (  5.1%)
       8.6 MB / 168.3 MB (  5.1%)
       8.6 MB / 168.3 MB (  5.1%)
       8.6 MB / 168.3 MB (  5.1%)
       8.6 MB / 168.3 MB (  5.1%)
       8.6 MB / 168.3 MB (  5.1%)
       8.6 MB / 168.3 MB (  5.1%)
       8.6 MB / 168.3 MB (  5.1%)
       8.7 MB / 168.3 MB (  5.1%)
       8.7 MB / 168.3 MB (  5.1%)
       8.7 MB / 168.3 MB (  5.2%)
       8.7 MB / 168.3 MB (  5.2%)
       8.7 MB / 168.3 MB (  5.2%)
       8.7 MB / 168.3 MB (  5.2%)
       8.7 MB / 168.3 MB (  5.2%)
       8.7 MB / 168.3 MB (  5.2%)
       8.7 MB / 168.3 MB (  5.2%)
       8.7 MB / 168.3 MB (  5.2%)
       8.7 MB / 168.3 MB (  5.2%)
       8.7 MB / 168.3 MB (  5.2%)
       8.7 MB / 168.3 MB (  5.2%)
       8.8 MB / 168.3 MB (  5.2%)
       8.8 MB / 168.3 MB (  5.2%)
       8.8 MB / 168.3 MB (  5.2%)
       8.8 MB / 168.3 MB (  5.2%)
       8.8 MB / 168.3 MB (  5.2%)
       8.8 MB / 168.3 MB (  5.2%)
       8.8 MB / 168.3 MB (  5.2%)
       8.8 MB / 168.3 MB (  5.2%)
       8.8 MB / 168.3 MB (  5.2%)
       8.8 MB / 168.3 MB (  5.2%)
       8.8 MB / 168.3 MB (  5.3%)
       8.8 MB / 168.3 MB (  5.3%)
       8.9 MB / 168.3 MB (  5.3%)
       8.9 MB / 168.3 MB (  5.3%)
       8.9 MB / 168.3 MB (  5.3%)
       8.9 MB / 168.3 MB (  5.3%)
       8.9 MB / 168.3 MB (  5.3%)
       8.9 MB / 168.3 MB (  5.3%)
       8.9 MB / 168.3 MB (  5.3%)
       8.9 MB / 168.3 MB (  5.3%)
       8.9 MB / 168.3 MB (  5.3%)
       8.9 MB / 168.3 MB (  5.3%)
       8.9 MB / 168.3 MB (  5.3%)
       8.9 MB / 168.3 MB (  5.3%)
       9.0 MB / 168.3 MB (  5.3%)
       9.0 MB / 168.3 MB (  5.3%)
       9.0 MB / 168.3 MB (  5.3%)
       9.0 MB / 168.3 MB (  5.3%)
       9.0 MB / 168.3 MB (  5.3%)
       9.0 MB / 168.3 MB (  5.3%)
       9.0 MB / 168.3 MB (  5.4%)
       9.0 MB / 168.3 MB (  5.4%)
       9.0 MB / 168.3 MB (  5.4%)
       9.0 MB / 168.3 MB (  5.4%)
       9.0 MB / 168.3 MB (  5.4%)
       9.0 MB / 168.3 MB (  5.4%)
       9.1 MB / 168.3 MB (  5.4%)
       9.1 MB / 168.3 MB (  5.4%)
       9.1 MB / 168.3 MB (  5.4%)
       9.1 MB / 168.3 MB (  5.4%)
       9.1 MB / 168.3 MB (  5.4%)
       9.1 MB / 168.3 MB (  5.4%)
       9.1 MB / 168.3 MB (  5.4%)
       9.1 MB / 168.3 MB (  5.4%)
       9.1 MB / 168.3 MB (  5.4%)
       9.1 MB / 168.3 MB (  5.4%)
       9.1 MB / 168.3 MB (  5.4%)
       9.1 MB / 168.3 MB (  5.4%)
       9.2 MB / 168.3 MB (  5.4%)
       9.2 MB / 168.3 MB (  5.4%)
       9.2 MB / 168.3 MB (  5.4%)
       9.2 MB / 168.3 MB (  5.5%)
       9.2 MB / 168.3 MB (  5.5%)
       9.2 MB / 168.3 MB (  5.5%)
       9.2 MB / 168.3 MB (  5.5%)
       9.2 MB / 168.3 MB (  5.5%)
       9.2 MB / 168.3 MB (  5.5%)
       9.2 MB / 168.3 MB (  5.5%)
       9.2 MB / 168.3 MB (  5.5%)
       9.2 MB / 168.3 MB (  5.5%)
       9.2 MB / 168.3 MB (  5.5%)
       9.3 MB / 168.3 MB (  5.5%)
       9.3 MB / 168.3 MB (  5.5%)
       9.3 MB / 168.3 MB (  5.5%)
       9.3 MB / 168.3 MB (  5.5%)
       9.3 MB / 168.3 MB (  5.5%)
       9.3 MB / 168.3 MB (  5.5%)
       9.3 MB / 168.3 MB (  5.5%)
       9.3 MB / 168.3 MB (  5.5%)
       9.3 MB / 168.3 MB (  5.5%)
       9.3 MB / 168.3 MB (  5.5%)
       9.3 MB / 168.3 MB (  5.5%)
       9.3 MB / 168.3 MB (  5.6%)
       9.4 MB / 168.3 MB (  5.6%)
       9.4 MB / 168.3 MB (  5.6%)
       9.4 MB / 168.3 MB (  5.6%)
       9.4 MB / 168.3 MB (  5.6%)
       9.4 MB / 168.3 MB (  5.6%)
       9.4 MB / 168.3 MB (  5.6%)
       9.4 MB / 168.3 MB (  5.6%)
       9.4 MB / 168.3 MB (  5.6%)
       9.4 MB / 168.3 MB (  5.6%)
       9.4 MB / 168.3 MB (  5.6%)
       9.4 MB / 168.3 MB (  5.6%)
       9.4 MB / 168.3 MB (  5.6%)
       9.5 MB / 168.3 MB (  5.6%)
       9.5 MB / 168.3 MB (  5.6%)
       9.5 MB / 168.3 MB (  5.6%)
       9.5 MB / 168.3 MB (  5.6%)
       9.5 MB / 168.3 MB (  5.6%)
       9.5 MB / 168.3 MB (  5.6%)
       9.5 MB / 168.3 MB (  5.6%)
       9.5 MB / 168.3 MB (  5.7%)
       9.5 MB / 168.3 MB (  5.7%)
       9.5 MB / 168.3 MB (  5.7%)
       9.5 MB / 168.3 MB (  5.7%)
       9.5 MB / 168.3 MB (  5.7%)
       9.6 MB / 168.3 MB (  5.7%)
       9.6 MB / 168.3 MB (  5.7%)
       9.6 MB / 168.3 MB (  5.7%)
       9.6 MB / 168.3 MB (  5.7%)
       9.6 MB / 168.3 MB (  5.7%)
       9.6 MB / 168.3 MB (  5.7%)
       9.6 MB / 168.3 MB (  5.7%)
       9.6 MB / 168.3 MB (  5.7%)
       9.6 MB / 168.3 MB (  5.7%)
       9.6 MB / 168.3 MB (  5.7%)
       9.6 MB / 168.3 MB (  5.7%)
       9.6 MB / 168.3 MB (  5.7%)
       9.7 MB / 168.3 MB (  5.7%)
       9.7 MB / 168.3 MB (  5.7%)
       9.7 MB / 168.3 MB (  5.7%)
       9.7 MB / 168.3 MB (  5.7%)
       9.7 MB / 168.3 MB (  5.8%)
       9.7 MB / 168.3 MB (  5.8%)
       9.7 MB / 168.3 MB (  5.8%)
       9.7 MB / 168.3 MB (  5.8%)
       9.7 MB / 168.3 MB (  5.8%)
       9.7 MB / 168.3 MB (  5.8%)
       9.7 MB / 168.3 MB (  5.8%)
       9.7 MB / 168.3 MB (  5.8%)
       9.7 MB / 168.3 MB (  5.8%)
       9.8 MB / 168.3 MB (  5.8%)
       9.8 MB / 168.3 MB (  5.8%)
       9.8 MB / 168.3 MB (  5.8%)
       9.8 MB / 168.3 MB (  5.8%)
       9.8 MB / 168.3 MB (  5.8%)
       9.8 MB / 168.3 MB (  5.8%)
       9.8 MB / 168.3 MB (  5.8%)
       9.8 MB / 168.3 MB (  5.8%)
       9.8 MB / 168.3 MB (  5.8%)
       9.8 MB / 168.3 MB (  5.8%)
       9.8 MB / 168.3 MB (  5.8%)
       9.8 MB / 168.3 MB (  5.9%)
       9.9 MB / 168.3 MB (  5.9%)
       9.9 MB / 168.3 MB (  5.9%)
       9.9 MB / 168.3 MB (  5.9%)
       9.9 MB / 168.3 MB (  5.9%)
       9.9 MB / 168.3 MB (  5.9%)
       9.9 MB / 168.3 MB (  5.9%)
       9.9 MB / 168.3 MB (  5.9%)
       9.9 MB / 168.3 MB (  5.9%)
       9.9 MB / 168.3 MB (  5.9%)
       9.9 MB / 168.3 MB (  5.9%)
       9.9 MB / 168.3 MB (  5.9%)
       9.9 MB / 168.3 MB (  5.9%)
      10.0 MB / 168.3 MB (  5.9%)
      10.0 MB / 168.3 MB (  5.9%)
      10.0 MB / 168.3 MB (  5.9%)
      10.0 MB / 168.3 MB (  5.9%)
      10.0 MB / 168.3 MB (  5.9%)
      10.0 MB / 168.3 MB (  5.9%)
      10.0 MB / 168.3 MB (  5.9%)
      10.0 MB / 168.3 MB (  5.9%)
      10.0 MB / 168.3 MB (  6.0%)
      10.0 MB / 168.3 MB (  6.0%)
      10.0 MB / 168.3 MB (  6.0%)
      10.0 MB / 168.3 MB (  6.0%)
      10.1 MB / 168.3 MB (  6.0%)
      10.1 MB / 168.3 MB (  6.0%)
      10.1 MB / 168.3 MB (  6.0%)
      10.1 MB / 168.3 MB (  6.0%)
      10.1 MB / 168.3 MB (  6.0%)
      10.1 MB / 168.3 MB (  6.0%)
      10.1 MB / 168.3 MB (  6.0%)
      10.1 MB / 168.3 MB (  6.0%)
      10.1 MB / 168.3 MB (  6.0%)
      10.1 MB / 168.3 MB (  6.0%)
      10.1 MB / 168.3 MB (  6.0%)
      10.1 MB / 168.3 MB (  6.0%)
      10.1 MB / 168.3 MB (  6.0%)
      10.2 MB / 168.3 MB (  6.0%)
      10.2 MB / 168.3 MB (  6.0%)
      10.2 MB / 168.3 MB (  6.0%)
      10.2 MB / 168.3 MB (  6.1%)
      10.2 MB / 168.3 MB (  6.1%)
      10.2 MB / 168.3 MB (  6.1%)
      10.2 MB / 168.3 MB (  6.1%)
      10.2 MB / 168.3 MB (  6.1%)
      10.2 MB / 168.3 MB (  6.1%)
      10.2 MB / 168.3 MB (  6.1%)
      10.2 MB / 168.3 MB (  6.1%)
      10.2 MB / 168.3 MB (  6.1%)
      10.3 MB / 168.3 MB (  6.1%)
      10.3 MB / 168.3 MB (  6.1%)
      10.3 MB / 168.3 MB (  6.1%)
      10.3 MB / 168.3 MB (  6.1%)
      10.3 MB / 168.3 MB (  6.1%)
      10.3 MB / 168.3 MB (  6.1%)
      10.3 MB / 168.3 MB (  6.1%)
      10.3 MB / 168.3 MB (  6.1%)
      10.3 MB / 168.3 MB (  6.1%)
      10.3 MB / 168.3 MB (  6.1%)
      10.3 MB / 168.3 MB (  6.1%)
      10.3 MB / 168.3 MB (  6.1%)
      10.4 MB / 168.3 MB (  6.2%)
      10.4 MB / 168.3 MB (  6.2%)
      10.4 MB / 168.3 MB (  6.2%)
      10.4 MB / 168.3 MB (  6.2%)
      10.4 MB / 168.3 MB (  6.2%)
      10.4 MB / 168.3 MB (  6.2%)
      10.4 MB / 168.3 MB (  6.2%)
      10.4 MB / 168.3 MB (  6.2%)
      10.4 MB / 168.3 MB (  6.2%)
      10.4 MB / 168.3 MB (  6.2%)
      10.4 MB / 168.3 MB (  6.2%)
      10.4 MB / 168.3 MB (  6.2%)
      10.5 MB / 168.3 MB (  6.2%)
      10.5 MB / 168.3 MB (  6.2%)
      10.5 MB / 168.3 MB (  6.2%)
      10.5 MB / 168.3 MB (  6.2%)
      10.5 MB / 168.3 MB (  6.2%)
      10.5 MB / 168.3 MB (  6.2%)
      10.5 MB / 168.3 MB (  6.2%)
      10.5 MB / 168.3 MB (  6.2%)
      10.5 MB / 168.3 MB (  6.3%)
      10.5 MB / 168.3 MB (  6.3%)
      10.5 MB / 168.3 MB (  6.3%)
      10.5 MB / 168.3 MB (  6.3%)
      10.6 MB / 168.3 MB (  6.3%)
      10.6 MB / 168.3 MB (  6.3%)
      10.6 MB / 168.3 MB (  6.3%)
      10.6 MB / 168.3 MB (  6.3%)
      10.6 MB / 168.3 MB (  6.3%)
      10.6 MB / 168.3 MB (  6.3%)
      10.6 MB / 168.3 MB (  6.3%)
      10.6 MB / 168.3 MB (  6.3%)
      10.6 MB / 168.3 MB (  6.3%)
      10.6 MB / 168.3 MB (  6.3%)
      10.6 MB / 168.3 MB (  6.3%)
      10.6 MB / 168.3 MB (  6.3%)
      10.6 MB / 168.3 MB (  6.3%)
      10.7 MB / 168.3 MB (  6.3%)
      10.7 MB / 168.3 MB (  6.3%)
      10.7 MB / 168.3 MB (  6.3%)
      10.7 MB / 168.3 MB (  6.3%)
      10.7 MB / 168.3 MB (  6.4%)
      10.7 MB / 168.3 MB (  6.4%)
      10.7 MB / 168.3 MB (  6.4%)
      10.7 MB / 168.3 MB (  6.4%)
      10.7 MB / 168.3 MB (  6.4%)
      10.7 MB / 168.3 MB (  6.4%)
      10.7 MB / 168.3 MB (  6.4%)
      10.7 MB / 168.3 MB (  6.4%)
      10.8 MB / 168.3 MB (  6.4%)
      10.8 MB / 168.3 MB (  6.4%)
      10.8 MB / 168.3 MB (  6.4%)
      10.8 MB / 168.3 MB (  6.4%)
      10.8 MB / 168.3 MB (  6.4%)
      10.8 MB / 168.3 MB (  6.4%)
      10.8 MB / 168.3 MB (  6.4%)
      10.8 MB / 168.3 MB (  6.4%)
      10.8 MB / 168.3 MB (  6.4%)
      10.8 MB / 168.3 MB (  6.4%)
      10.8 MB / 168.3 MB (  6.4%)
      10.8 MB / 168.3 MB (  6.4%)
      10.9 MB / 168.3 MB (  6.5%)
      10.9 MB / 168.3 MB (  6.5%)
      10.9 MB / 168.3 MB (  6.5%)
      10.9 MB / 168.3 MB (  6.5%)
      10.9 MB / 168.3 MB (  6.5%)
      10.9 MB / 168.3 MB (  6.5%)
      10.9 MB / 168.3 MB (  6.5%)
      10.9 MB / 168.3 MB (  6.5%)
      10.9 MB / 168.3 MB (  6.5%)
      10.9 MB / 168.3 MB (  6.5%)
      10.9 MB / 168.3 MB (  6.5%)
      10.9 MB / 168.3 MB (  6.5%)
      11.0 MB / 168.3 MB (  6.5%)
      11.0 MB / 168.3 MB (  6.5%)
      11.0 MB / 168.3 MB (  6.5%)
      11.0 MB / 168.3 MB (  6.5%)
      11.0 MB / 168.3 MB (  6.5%)
      11.0 MB / 168.3 MB (  6.5%)
      11.0 MB / 168.3 MB (  6.5%)
      11.0 MB / 168.3 MB (  6.5%)
      11.0 MB / 168.3 MB (  6.5%)
      11.0 MB / 168.3 MB (  6.6%)
      11.0 MB / 168.3 MB (  6.6%)
      11.0 MB / 168.3 MB (  6.6%)
      11.1 MB / 168.3 MB (  6.6%)
      11.1 MB / 168.3 MB (  6.6%)
      11.1 MB / 168.3 MB (  6.6%)
      11.1 MB / 168.3 MB (  6.6%)
      11.1 MB / 168.3 MB (  6.6%)
      11.1 MB / 168.3 MB (  6.6%)
      11.1 MB / 168.3 MB (  6.6%)
      11.1 MB / 168.3 MB (  6.6%)
      11.1 MB / 168.3 MB (  6.6%)
      11.1 MB / 168.3 MB (  6.6%)
      11.1 MB / 168.3 MB (  6.6%)
      11.1 MB / 168.3 MB (  6.6%)
      11.1 MB / 168.3 MB (  6.6%)
      11.2 MB / 168.3 MB (  6.6%)
      11.2 MB / 168.3 MB (  6.6%)
      11.2 MB / 168.3 MB (  6.6%)
      11.2 MB / 168.3 MB (  6.6%)
      11.2 MB / 168.3 MB (  6.6%)
      11.2 MB / 168.3 MB (  6.7%)
      11.2 MB / 168.3 MB (  6.7%)
      11.2 MB / 168.3 MB (  6.7%)
      11.2 MB / 168.3 MB (  6.7%)
      11.2 MB / 168.3 MB (  6.7%)
      11.2 MB / 168.3 MB (  6.7%)
      11.2 MB / 168.3 MB (  6.7%)
      11.3 MB / 168.3 MB (  6.7%)
      11.3 MB / 168.3 MB (  6.7%)
      11.3 MB / 168.3 MB (  6.7%)
      11.3 MB / 168.3 MB (  6.7%)
      11.3 MB / 168.3 MB (  6.7%)
      11.3 MB / 168.3 MB (  6.7%)
      11.3 MB / 168.3 MB (  6.7%)
      11.3 MB / 168.3 MB (  6.7%)
      11.3 MB / 168.3 MB (  6.7%)
      11.3 MB / 168.3 MB (  6.7%)
      11.3 MB / 168.3 MB (  6.7%)
      11.3 MB / 168.3 MB (  6.7%)
      11.4 MB / 168.3 MB (  6.7%)
      11.4 MB / 168.3 MB (  6.8%)
      11.4 MB / 168.3 MB (  6.8%)
      11.4 MB / 168.3 MB (  6.8%)
      11.4 MB / 168.3 MB (  6.8%)
      11.4 MB / 168.3 MB (  6.8%)
      11.4 MB / 168.3 MB (  6.8%)
      11.4 MB / 168.3 MB (  6.8%)
      11.4 MB / 168.3 MB (  6.8%)
      11.4 MB / 168.3 MB (  6.8%)
      11.4 MB / 168.3 MB (  6.8%)
      11.4 MB / 168.3 MB (  6.8%)
      11.5 MB / 168.3 MB (  6.8%)
      11.5 MB / 168.3 MB (  6.8%)
      11.5 MB / 168.3 MB (  6.8%)
      11.5 MB / 168.3 MB (  6.8%)
      11.5 MB / 168.3 MB (  6.8%)
      11.5 MB / 168.3 MB (  6.8%)
      11.5 MB / 168.3 MB (  6.8%)
      11.5 MB / 168.3 MB (  6.8%)
      11.5 MB / 168.3 MB (  6.8%)
      11.5 MB / 168.3 MB (  6.8%)
      11.5 MB / 168.3 MB (  6.9%)
      11.5 MB / 168.3 MB (  6.9%)
      11.6 MB / 168.3 MB (  6.9%)
      11.6 MB / 168.3 MB (  6.9%)
      11.6 MB / 168.3 MB (  6.9%)
      11.6 MB / 168.3 MB (  6.9%)
      11.6 MB / 168.3 MB (  6.9%)
      11.6 MB / 168.3 MB (  6.9%)
      11.6 MB / 168.3 MB (  6.9%)
      11.6 MB / 168.3 MB (  6.9%)
      11.6 MB / 168.3 MB (  6.9%)
      11.6 MB / 168.3 MB (  6.9%)
      11.6 MB / 168.3 MB (  6.9%)
      11.6 MB / 168.3 MB (  6.9%)
      11.6 MB / 168.3 MB (  6.9%)
      11.7 MB / 168.3 MB (  6.9%)
      11.7 MB / 168.3 MB (  6.9%)
      11.7 MB / 168.3 MB (  6.9%)
      11.7 MB / 168.3 MB (  6.9%)
      11.7 MB / 168.3 MB (  6.9%)
      11.7 MB / 168.3 MB (  7.0%)
      11.7 MB / 168.3 MB (  7.0%)
      11.7 MB / 168.3 MB (  7.0%)
      11.7 MB / 168.3 MB (  7.0%)
      11.7 MB / 168.3 MB (  7.0%)
      11.7 MB / 168.3 MB (  7.0%)
      11.7 MB / 168.3 MB (  7.0%)
      11.8 MB / 168.3 MB (  7.0%)
      11.8 MB / 168.3 MB (  7.0%)
      11.8 MB / 168.3 MB (  7.0%)
      11.8 MB / 168.3 MB (  7.0%)
      11.8 MB / 168.3 MB (  7.0%)
      11.8 MB / 168.3 MB (  7.0%)
      11.8 MB / 168.3 MB (  7.0%)
      11.8 MB / 168.3 MB (  7.0%)
      11.8 MB / 168.3 MB (  7.0%)
      11.8 MB / 168.3 MB (  7.0%)
      11.8 MB / 168.3 MB (  7.0%)
      11.8 MB / 168.3 MB (  7.0%)
      11.9 MB / 168.3 MB (  7.0%)
      11.9 MB / 168.3 MB (  7.0%)
      11.9 MB / 168.3 MB (  7.1%)
      11.9 MB / 168.3 MB (  7.1%)
      11.9 MB / 168.3 MB (  7.1%)
      11.9 MB / 168.3 MB (  7.1%)
      11.9 MB / 168.3 MB (  7.1%)
      11.9 MB / 168.3 MB (  7.1%)
      11.9 MB / 168.3 MB (  7.1%)
      11.9 MB / 168.3 MB (  7.1%)
      11.9 MB / 168.3 MB (  7.1%)
      11.9 MB / 168.3 MB (  7.1%)
      12.0 MB / 168.3 MB (  7.1%)
      12.0 MB / 168.3 MB (  7.1%)
      12.0 MB / 168.3 MB (  7.1%)
      12.0 MB / 168.3 MB (  7.1%)
      12.0 MB / 168.3 MB (  7.1%)
      12.0 MB / 168.3 MB (  7.1%)
      12.0 MB / 168.3 MB (  7.1%)
      12.0 MB / 168.3 MB (  7.1%)
      12.0 MB / 168.3 MB (  7.1%)
      12.0 MB / 168.3 MB (  7.1%)
      12.0 MB / 168.3 MB (  7.2%)
      12.0 MB / 168.3 MB (  7.2%)
      12.1 MB / 168.3 MB (  7.2%)
      12.1 MB / 168.3 MB (  7.2%)
      12.1 MB / 168.3 MB (  7.2%)
      12.1 MB / 168.3 MB (  7.2%)
      12.1 MB / 168.3 MB (  7.2%)
      12.1 MB / 168.3 MB (  7.2%)
      12.1 MB / 168.3 MB (  7.2%)
      12.1 MB / 168.3 MB (  7.2%)
      12.1 MB / 168.3 MB (  7.2%)
      12.1 MB / 168.3 MB (  7.2%)
      12.1 MB / 168.3 MB (  7.2%)
      12.1 MB / 168.3 MB (  7.2%)
      12.1 MB / 168.3 MB (  7.2%)
      12.2 MB / 168.3 MB (  7.2%)
      12.2 MB / 168.3 MB (  7.2%)
      12.2 MB / 168.3 MB (  7.2%)
      12.2 MB / 168.3 MB (  7.2%)
      12.2 MB / 168.3 MB (  7.2%)
      12.2 MB / 168.3 MB (  7.2%)
      12.2 MB / 168.3 MB (  7.3%)
      12.2 MB / 168.3 MB (  7.3%)
      12.2 MB / 168.3 MB (  7.3%)
      12.2 MB / 168.3 MB (  7.3%)
      12.2 MB / 168.3 MB (  7.3%)
      12.2 MB / 168.3 MB (  7.3%)
      12.3 MB / 168.3 MB (  7.3%)
      12.3 MB / 168.3 MB (  7.3%)
      12.3 MB / 168.3 MB (  7.3%)
      12.3 MB / 168.3 MB (  7.3%)
      12.3 MB / 168.3 MB (  7.3%)
      12.3 MB / 168.3 MB (  7.3%)
      12.3 MB / 168.3 MB (  7.3%)
      12.3 MB / 168.3 MB (  7.3%)
      12.3 MB / 168.3 MB (  7.3%)
      12.3 MB / 168.3 MB (  7.3%)
      12.3 MB / 168.3 MB (  7.3%)
      12.3 MB / 168.3 MB (  7.3%)
      12.4 MB / 168.3 MB (  7.3%)
      12.4 MB / 168.3 MB (  7.3%)
      12.4 MB / 168.3 MB (  7.4%)
      12.4 MB / 168.3 MB (  7.4%)
      12.4 MB / 168.3 MB (  7.4%)
      12.4 MB / 168.3 MB (  7.4%)
      12.4 MB / 168.3 MB (  7.4%)
      12.4 MB / 168.3 MB (  7.4%)
      12.4 MB / 168.3 MB (  7.4%)
      12.4 MB / 168.3 MB (  7.4%)
      12.4 MB / 168.3 MB (  7.4%)
      12.4 MB / 168.3 MB (  7.4%)
      12.5 MB / 168.3 MB (  7.4%)
      12.5 MB / 168.3 MB (  7.4%)
      12.5 MB / 168.3 MB (  7.4%)
      12.5 MB / 168.3 MB (  7.4%)
      12.5 MB / 168.3 MB (  7.4%)
      12.5 MB / 168.3 MB (  7.4%)
      12.5 MB / 168.3 MB (  7.4%)
      12.5 MB / 168.3 MB (  7.4%)
      12.5 MB / 168.3 MB (  7.4%)
      12.5 MB / 168.3 MB (  7.4%)
      12.5 MB / 168.3 MB (  7.4%)
      12.5 MB / 168.3 MB (  7.5%)
      12.6 MB / 168.3 MB (  7.5%)
      12.6 MB / 168.3 MB (  7.5%)
      12.6 MB / 168.3 MB (  7.5%)
      12.6 MB / 168.3 MB (  7.5%)
      12.6 MB / 168.3 MB (  7.5%)
      12.6 MB / 168.3 MB (  7.5%)
      12.6 MB / 168.3 MB (  7.5%)
      12.6 MB / 168.3 MB (  7.5%)
      12.6 MB / 168.3 MB (  7.5%)
      12.6 MB / 168.3 MB (  7.5%)
      12.6 MB / 168.3 MB (  7.5%)
      12.6 MB / 168.3 MB (  7.5%)
      12.6 MB / 168.3 MB (  7.5%)
      12.7 MB / 168.3 MB (  7.5%)
      12.7 MB / 168.3 MB (  7.5%)
      12.7 MB / 168.3 MB (  7.5%)
      12.7 MB / 168.3 MB (  7.5%)
      12.7 MB / 168.3 MB (  7.5%)
      12.7 MB / 168.3 MB (  7.5%)
      12.7 MB / 168.3 MB (  7.6%)
      12.7 MB / 168.3 MB (  7.6%)
      12.7 MB / 168.3 MB (  7.6%)
      12.7 MB / 168.3 MB (  7.6%)
      12.7 MB / 168.3 MB (  7.6%)
      12.7 MB / 168.3 MB (  7.6%)
      12.8 MB / 168.3 MB (  7.6%)
      12.8 MB / 168.3 MB (  7.6%)
      12.8 MB / 168.3 MB (  7.6%)
      12.8 MB / 168.3 MB (  7.6%)
      12.8 MB / 168.3 MB (  7.6%)
      12.8 MB / 168.3 MB (  7.6%)
      12.8 MB / 168.3 MB (  7.6%)
      12.8 MB / 168.3 MB (  7.6%)
      12.8 MB / 168.3 MB (  7.6%)
      12.8 MB / 168.3 MB (  7.6%)
      12.8 MB / 168.3 MB (  7.6%)
      12.8 MB / 168.3 MB (  7.6%)
      12.9 MB / 168.3 MB (  7.6%)
      12.9 MB / 168.3 MB (  7.6%)
      12.9 MB / 168.3 MB (  7.6%)
      12.9 MB / 168.3 MB (  7.7%)
      12.9 MB / 168.3 MB (  7.7%)
      12.9 MB / 168.3 MB (  7.7%)
      12.9 MB / 168.3 MB (  7.7%)
      12.9 MB / 168.3 MB (  7.7%)
      12.9 MB / 168.3 MB (  7.7%)
      12.9 MB / 168.3 MB (  7.7%)
      12.9 MB / 168.3 MB (  7.7%)
      12.9 MB / 168.3 MB (  7.7%)
      13.0 MB / 168.3 MB (  7.7%)
      13.0 MB / 168.3 MB (  7.7%)
      13.0 MB / 168.3 MB (  7.7%)
      13.0 MB / 168.3 MB (  7.7%)
      13.0 MB / 168.3 MB (  7.7%)
      13.0 MB / 168.3 MB (  7.7%)
      13.0 MB / 168.3 MB (  7.7%)
      13.0 MB / 168.3 MB (  7.7%)
      13.0 MB / 168.3 MB (  7.7%)
      13.0 MB / 168.3 MB (  7.7%)
      13.0 MB / 168.3 MB (  7.7%)
      13.0 MB / 168.3 MB (  7.7%)
      13.0 MB / 168.3 MB (  7.8%)
      13.1 MB / 168.3 MB (  7.8%)
      13.1 MB / 168.3 MB (  7.8%)
      13.1 MB / 168.3 MB (  7.8%)
      13.1 MB / 168.3 MB (  7.8%)
      13.1 MB / 168.3 MB (  7.8%)
      13.1 MB / 168.3 MB (  7.8%)
      13.1 MB / 168.3 MB (  7.8%)
      13.1 MB / 168.3 MB (  7.8%)
      13.1 MB / 168.3 MB (  7.8%)
      13.1 MB / 168.3 MB (  7.8%)
      13.1 MB / 168.3 MB (  7.8%)
      13.1 MB / 168.3 MB (  7.8%)
      13.2 MB / 168.3 MB (  7.8%)
      13.2 MB / 168.3 MB (  7.8%)
      13.2 MB / 168.3 MB (  7.8%)
      13.2 MB / 168.3 MB (  7.8%)
      13.2 MB / 168.3 MB (  7.8%)
      13.2 MB / 168.3 MB (  7.8%)
      13.2 MB / 168.3 MB (  7.8%)
      13.2 MB / 168.3 MB (  7.9%)
      13.2 MB / 168.3 MB (  7.9%)
      13.2 MB / 168.3 MB (  7.9%)
      13.2 MB / 168.3 MB (  7.9%)
      13.2 MB / 168.3 MB (  7.9%)
      13.3 MB / 168.3 MB (  7.9%)
      13.3 MB / 168.3 MB (  7.9%)
      13.3 MB / 168.3 MB (  7.9%)
      13.3 MB / 168.3 MB (  7.9%)
      13.3 MB / 168.3 MB (  7.9%)
      13.3 MB / 168.3 MB (  7.9%)
      13.3 MB / 168.3 MB (  7.9%)
      13.3 MB / 168.3 MB (  7.9%)
      13.3 MB / 168.3 MB (  7.9%)
      13.3 MB / 168.3 MB (  7.9%)
      13.3 MB / 168.3 MB (  7.9%)
      13.3 MB / 168.3 MB (  7.9%)
      13.4 MB / 168.3 MB (  7.9%)
      13.4 MB / 168.3 MB (  7.9%)
      13.4 MB / 168.3 MB (  7.9%)
      13.4 MB / 168.3 MB (  7.9%)
      13.4 MB / 168.3 MB (  8.0%)
      13.4 MB / 168.3 MB (  8.0%)
      13.4 MB / 168.3 MB (  8.0%)
      13.4 MB / 168.3 MB (  8.0%)
      13.4 MB / 168.3 MB (  8.0%)
      13.4 MB / 168.3 MB (  8.0%)
      13.4 MB / 168.3 MB (  8.0%)
      13.4 MB / 168.3 MB (  8.0%)
      13.5 MB / 168.3 MB (  8.0%)
      13.5 MB / 168.3 MB (  8.0%)
      13.5 MB / 168.3 MB (  8.0%)
      13.5 MB / 168.3 MB (  8.0%)
      13.5 MB / 168.3 MB (  8.0%)
      13.5 MB / 168.3 MB (  8.0%)
      13.5 MB / 168.3 MB (  8.0%)
      13.5 MB / 168.3 MB (  8.0%)
      13.5 MB / 168.3 MB (  8.0%)
      13.5 MB / 168.3 MB (  8.0%)
      13.5 MB / 168.3 MB (  8.0%)
      13.5 MB / 168.3 MB (  8.0%)
      13.5 MB / 168.3 MB (  8.1%)
      13.6 MB / 168.3 MB (  8.1%)
      13.6 MB / 168.3 MB (  8.1%)
      13.6 MB / 168.3 MB (  8.1%)
      13.6 MB / 168.3 MB (  8.1%)
      13.6 MB / 168.3 MB (  8.1%)
      13.6 MB / 168.3 MB (  8.1%)
      13.6 MB / 168.3 MB (  8.1%)
      13.6 MB / 168.3 MB (  8.1%)
      13.6 MB / 168.3 MB (  8.1%)
      13.6 MB / 168.3 MB (  8.1%)
      13.6 MB / 168.3 MB (  8.1%)
      13.6 MB / 168.3 MB (  8.1%)
      13.7 MB / 168.3 MB (  8.1%)
      13.7 MB / 168.3 MB (  8.1%)
      13.7 MB / 168.3 MB (  8.1%)
      13.7 MB / 168.3 MB (  8.1%)
      13.7 MB / 168.3 MB (  8.1%)
      13.7 MB / 168.3 MB (  8.1%)
      13.7 MB / 168.3 MB (  8.1%)
      13.7 MB / 168.3 MB (  8.1%)
      13.7 MB / 168.3 MB (  8.2%)
      13.7 MB / 168.3 MB (  8.2%)
      13.7 MB / 168.3 MB (  8.2%)
      13.7 MB / 168.3 MB (  8.2%)
      13.8 MB / 168.3 MB (  8.2%)
      13.8 MB / 168.3 MB (  8.2%)
      13.8 MB / 168.3 MB (  8.2%)
      13.8 MB / 168.3 MB (  8.2%)
      13.8 MB / 168.3 MB (  8.2%)
      13.8 MB / 168.3 MB (  8.2%)
      13.8 MB / 168.3 MB (  8.2%)
      13.8 MB / 168.3 MB (  8.2%)
      13.8 MB / 168.3 MB (  8.2%)
      13.8 MB / 168.3 MB (  8.2%)
      13.8 MB / 168.3 MB (  8.2%)
      13.8 MB / 168.3 MB (  8.2%)
      13.9 MB / 168.3 MB (  8.2%)
      13.9 MB / 168.3 MB (  8.2%)
      13.9 MB / 168.3 MB (  8.2%)
      13.9 MB / 168.3 MB (  8.2%)
      13.9 MB / 168.3 MB (  8.3%)
      13.9 MB / 168.3 MB (  8.3%)
      13.9 MB / 168.3 MB (  8.3%)
      13.9 MB / 168.3 MB (  8.3%)
      13.9 MB / 168.3 MB (  8.3%)
      13.9 MB / 168.3 MB (  8.3%)
      13.9 MB / 168.3 MB (  8.3%)
      13.9 MB / 168.3 MB (  8.3%)
      14.0 MB / 168.3 MB (  8.3%)
      14.0 MB / 168.3 MB (  8.3%)
      14.0 MB / 168.3 MB (  8.3%)
      14.0 MB / 168.3 MB (  8.3%)
      14.0 MB / 168.3 MB (  8.3%)
      14.0 MB / 168.3 MB (  8.3%)
      14.0 MB / 168.3 MB (  8.3%)
      14.0 MB / 168.3 MB (  8.3%)
      14.0 MB / 168.3 MB (  8.3%)
      14.0 MB / 168.3 MB (  8.3%)
      14.0 MB / 168.3 MB (  8.3%)
      14.0 MB / 168.3 MB (  8.3%)
      14.0 MB / 168.3 MB (  8.3%)
      14.1 MB / 168.3 MB (  8.4%)
      14.1 MB / 168.3 MB (  8.4%)
      14.1 MB / 168.3 MB (  8.4%)
      14.1 MB / 168.3 MB (  8.4%)
      14.1 MB / 168.3 MB (  8.4%)
      14.1 MB / 168.3 MB (  8.4%)
      14.1 MB / 168.3 MB (  8.4%)
      14.1 MB / 168.3 MB (  8.4%)
      14.1 MB / 168.3 MB (  8.4%)
      14.1 MB / 168.3 MB (  8.4%)
      14.1 MB / 168.3 MB (  8.4%)
      14.1 MB / 168.3 MB (  8.4%)
      14.2 MB / 168.3 MB (  8.4%)
      14.2 MB / 168.3 MB (  8.4%)
      14.2 MB / 168.3 MB (  8.4%)
      14.2 MB / 168.3 MB (  8.4%)
      14.2 MB / 168.3 MB (  8.4%)
      14.2 MB / 168.3 MB (  8.4%)
      14.2 MB / 168.3 MB (  8.4%)
      14.2 MB / 168.3 MB (  8.4%)
      14.2 MB / 168.3 MB (  8.5%)
      14.2 MB / 168.3 MB (  8.5%)
      14.2 MB / 168.3 MB (  8.5%)
      14.2 MB / 168.3 MB (  8.5%)
      14.3 MB / 168.3 MB (  8.5%)
      14.3 MB / 168.3 MB (  8.5%)
      14.3 MB / 168.3 MB (  8.5%)
      14.3 MB / 168.3 MB (  8.5%)
      14.3 MB / 168.3 MB (  8.5%)
      14.3 MB / 168.3 MB (  8.5%)
      14.3 MB / 168.3 MB (  8.5%)
      14.3 MB / 168.3 MB (  8.5%)
      14.3 MB / 168.3 MB (  8.5%)
      14.3 MB / 168.3 MB (  8.5%)
      14.3 MB / 168.3 MB (  8.5%)
      14.3 MB / 168.3 MB (  8.5%)
      14.4 MB / 168.3 MB (  8.5%)
      14.4 MB / 168.3 MB (  8.5%)
      14.4 MB / 168.3 MB (  8.5%)
      14.4 MB / 168.3 MB (  8.5%)
      14.4 MB / 168.3 MB (  8.5%)
      14.4 MB / 168.3 MB (  8.6%)
      14.4 MB / 168.3 MB (  8.6%)
      14.4 MB / 168.3 MB (  8.6%)
      14.4 MB / 168.3 MB (  8.6%)
      14.4 MB / 168.3 MB (  8.6%)
      14.4 MB / 168.3 MB (  8.6%)
      14.4 MB / 168.3 MB (  8.6%)
      14.5 MB / 168.3 MB (  8.6%)
      14.5 MB / 168.3 MB (  8.6%)
      14.5 MB / 168.3 MB (  8.6%)
      14.5 MB / 168.3 MB (  8.6%)
      14.5 MB / 168.3 MB (  8.6%)
      14.5 MB / 168.3 MB (  8.6%)
      14.5 MB / 168.3 MB (  8.6%)
      14.5 MB / 168.3 MB (  8.6%)
      14.5 MB / 168.3 MB (  8.6%)
      14.5 MB / 168.3 MB (  8.6%)
      14.5 MB / 168.3 MB (  8.6%)
      14.5 MB / 168.3 MB (  8.6%)
      14.5 MB / 168.3 MB (  8.6%)
      14.6 MB / 168.3 MB (  8.7%)
      14.6 MB / 168.3 MB (  8.7%)
      14.6 MB / 168.3 MB (  8.7%)
      14.6 MB / 168.3 MB (  8.7%)
      14.6 MB / 168.3 MB (  8.7%)
      14.6 MB / 168.3 MB (  8.7%)
      14.6 MB / 168.3 MB (  8.7%)
      14.6 MB / 168.3 MB (  8.7%)
      14.6 MB / 168.3 MB (  8.7%)
      14.6 MB / 168.3 MB (  8.7%)
      14.6 MB / 168.3 MB (  8.7%)
      14.6 MB / 168.3 MB (  8.7%)
      14.7 MB / 168.3 MB (  8.7%)
      14.7 MB / 168.3 MB (  8.7%)
      14.7 MB / 168.3 MB (  8.7%)
      14.7 MB / 168.3 MB (  8.7%)
      14.7 MB / 168.3 MB (  8.7%)
      14.7 MB / 168.3 MB (  8.7%)
      14.7 MB / 168.3 MB (  8.7%)
      14.7 MB / 168.3 MB (  8.7%)
      14.7 MB / 168.3 MB (  8.7%)
      14.7 MB / 168.3 MB (  8.8%)
      14.7 MB / 168.3 MB (  8.8%)
      14.7 MB / 168.3 MB (  8.8%)
      14.8 MB / 168.3 MB (  8.8%)
      14.8 MB / 168.3 MB (  8.8%)
      14.8 MB / 168.3 MB (  8.8%)
      14.8 MB / 168.3 MB (  8.8%)
      14.8 MB / 168.3 MB (  8.8%)
      14.8 MB / 168.3 MB (  8.8%)
      14.8 MB / 168.3 MB (  8.8%)
      14.8 MB / 168.3 MB (  8.8%)
      14.8 MB / 168.3 MB (  8.8%)
      14.8 MB / 168.3 MB (  8.8%)
      14.8 MB / 168.3 MB (  8.8%)
      14.8 MB / 168.3 MB (  8.8%)
      14.9 MB / 168.3 MB (  8.8%)
      14.9 MB / 168.3 MB (  8.8%)
      14.9 MB / 168.3 MB (  8.8%)
      14.9 MB / 168.3 MB (  8.8%)
      14.9 MB / 168.3 MB (  8.8%)
      14.9 MB / 168.3 MB (  8.9%)
      14.9 MB / 168.3 MB (  8.9%)
      14.9 MB / 168.3 MB (  8.9%)
      14.9 MB / 168.3 MB (  8.9%)
      14.9 MB / 168.3 MB (  8.9%)
      14.9 MB / 168.3 MB (  8.9%)
      14.9 MB / 168.3 MB (  8.9%)
      15.0 MB / 168.3 MB (  8.9%)
      15.0 MB / 168.3 MB (  8.9%)
      15.0 MB / 168.3 MB (  8.9%)
      15.0 MB / 168.3 MB (  8.9%)
      15.0 MB / 168.3 MB (  8.9%)
      15.0 MB / 168.3 MB (  8.9%)
      15.0 MB / 168.3 MB (  8.9%)
      15.0 MB / 168.3 MB (  8.9%)
      15.0 MB / 168.3 MB (  8.9%)
      15.0 MB / 168.3 MB (  8.9%)
      15.0 MB / 168.3 MB (  8.9%)
      15.0 MB / 168.3 MB (  8.9%)
      15.0 MB / 168.3 MB (  8.9%)
      15.1 MB / 168.3 MB (  8.9%)
      15.1 MB / 168.3 MB (  9.0%)
      15.1 MB / 168.3 MB (  9.0%)
      15.1 MB / 168.3 MB (  9.0%)
      15.1 MB / 168.3 MB (  9.0%)
      15.1 MB / 168.3 MB (  9.0%)
      15.1 MB / 168.3 MB (  9.0%)
      15.1 MB / 168.3 MB (  9.0%)
      15.1 MB / 168.3 MB (  9.0%)
      15.1 MB / 168.3 MB (  9.0%)
      15.1 MB / 168.3 MB (  9.0%)
      15.1 MB / 168.3 MB (  9.0%)
      15.2 MB / 168.3 MB (  9.0%)
      15.2 MB / 168.3 MB (  9.0%)
      15.2 MB / 168.3 MB (  9.0%)
      15.2 MB / 168.3 MB (  9.0%)
      15.2 MB / 168.3 MB (  9.0%)
      15.2 MB / 168.3 MB (  9.0%)
      15.2 MB / 168.3 MB (  9.0%)
      15.2 MB / 168.3 MB (  9.0%)
      15.2 MB / 168.3 MB (  9.0%)
      15.2 MB / 168.3 MB (  9.0%)
      15.2 MB / 168.3 MB (  9.1%)
      15.2 MB / 168.3 MB (  9.1%)
      15.3 MB / 168.3 MB (  9.1%)
      15.3 MB / 168.3 MB (  9.1%)
      15.3 MB / 168.3 MB (  9.1%)
      15.3 MB / 168.3 MB (  9.1%)
      15.3 MB / 168.3 MB (  9.1%)
      15.3 MB / 168.3 MB (  9.1%)
      15.3 MB / 168.3 MB (  9.1%)
      15.3 MB / 168.3 MB (  9.1%)
      15.3 MB / 168.3 MB (  9.1%)
      15.3 MB / 168.3 MB (  9.1%)
      15.3 MB / 168.3 MB (  9.1%)
      15.3 MB / 168.3 MB (  9.1%)
      15.4 MB / 168.3 MB (  9.1%)
      15.4 MB / 168.3 MB (  9.1%)
      15.4 MB / 168.3 MB (  9.1%)
      15.4 MB / 168.3 MB (  9.1%)
      15.4 MB / 168.3 MB (  9.1%)
      15.4 MB / 168.3 MB (  9.1%)
      15.4 MB / 168.3 MB (  9.2%)
      15.4 MB / 168.3 MB (  9.2%)
      15.4 MB / 168.3 MB (  9.2%)
      15.4 MB / 168.3 MB (  9.2%)
      15.4 MB / 168.3 MB (  9.2%)
      15.4 MB / 168.3 MB (  9.2%)
      15.5 MB / 168.3 MB (  9.2%)
      15.5 MB / 168.3 MB (  9.2%)
      15.5 MB / 168.3 MB (  9.2%)
      15.5 MB / 168.3 MB (  9.2%)
      15.5 MB / 168.3 MB (  9.2%)
      15.5 MB / 168.3 MB (  9.2%)
      15.5 MB / 168.3 MB (  9.2%)
      15.5 MB / 168.3 MB (  9.2%)
      15.5 MB / 168.3 MB (  9.2%)
      15.5 MB / 168.3 MB (  9.2%)
      15.5 MB / 168.3 MB (  9.2%)
      15.5 MB / 168.3 MB (  9.2%)
      15.5 MB / 168.3 MB (  9.2%)
      15.6 MB / 168.3 MB (  9.2%)
      15.6 MB / 168.3 MB (  9.2%)
      15.6 MB / 168.3 MB (  9.3%)
      15.6 MB / 168.3 MB (  9.3%)
      15.6 MB / 168.3 MB (  9.3%)
      15.6 MB / 168.3 MB (  9.3%)
      15.6 MB / 168.3 MB (  9.3%)
      15.6 MB / 168.3 MB (  9.3%)
      15.6 MB / 168.3 MB (  9.3%)
      15.6 MB / 168.3 MB (  9.3%)
      15.6 MB / 168.3 MB (  9.3%)
      15.6 MB / 168.3 MB (  9.3%)
      15.7 MB / 168.3 MB (  9.3%)
      15.7 MB / 168.3 MB (  9.3%)
      15.7 MB / 168.3 MB (  9.3%)
      15.7 MB / 168.3 MB (  9.3%)
      15.7 MB / 168.3 MB (  9.3%)
      15.7 MB / 168.3 MB (  9.3%)
      15.7 MB / 168.3 MB (  9.3%)
      15.7 MB / 168.3 MB (  9.3%)
      15.7 MB / 168.3 MB (  9.3%)
      15.7 MB / 168.3 MB (  9.3%)
      15.7 MB / 168.3 MB (  9.4%)
      15.7 MB / 168.3 MB (  9.4%)
      15.8 MB / 168.3 MB (  9.4%)
      15.8 MB / 168.3 MB (  9.4%)
      15.8 MB / 168.3 MB (  9.4%)
      15.8 MB / 168.3 MB (  9.4%)
      15.8 MB / 168.3 MB (  9.4%)
      15.8 MB / 168.3 MB (  9.4%)
      15.8 MB / 168.3 MB (  9.4%)
      15.8 MB / 168.3 MB (  9.4%)
      15.8 MB / 168.3 MB (  9.4%)
      15.8 MB / 168.3 MB (  9.4%)
      15.8 MB / 168.3 MB (  9.4%)
      15.8 MB / 168.3 MB (  9.4%)
      15.9 MB / 168.3 MB (  9.4%)
      15.9 MB / 168.3 MB (  9.4%)
      15.9 MB / 168.3 MB (  9.4%)
      15.9 MB / 168.3 MB (  9.4%)
      15.9 MB / 168.3 MB (  9.4%)
      15.9 MB / 168.3 MB (  9.4%)
      15.9 MB / 168.3 MB (  9.4%)
      15.9 MB / 168.3 MB (  9.5%)
      15.9 MB / 168.3 MB (  9.5%)
      15.9 MB / 168.3 MB (  9.5%)
      15.9 MB / 168.3 MB (  9.5%)
      15.9 MB / 168.3 MB (  9.5%)
      15.9 MB / 168.3 MB (  9.5%)
      16.0 MB / 168.3 MB (  9.5%)
      16.0 MB / 168.3 MB (  9.5%)
      16.0 MB / 168.3 MB (  9.5%)
      16.0 MB / 168.3 MB (  9.5%)
      16.0 MB / 168.3 MB (  9.5%)
      16.0 MB / 168.3 MB (  9.5%)
      16.0 MB / 168.3 MB (  9.5%)
      16.0 MB / 168.3 MB (  9.5%)
      16.0 MB / 168.3 MB (  9.5%)
      16.0 MB / 168.3 MB (  9.5%)
      16.0 MB / 168.3 MB (  9.5%)
      16.0 MB / 168.3 MB (  9.5%)
      16.1 MB / 168.3 MB (  9.5%)
      16.1 MB / 168.3 MB (  9.5%)
      16.1 MB / 168.3 MB (  9.6%)
      16.1 MB / 168.3 MB (  9.6%)
      16.1 MB / 168.3 MB (  9.6%)
      16.1 MB / 168.3 MB (  9.6%)
      16.1 MB / 168.3 MB (  9.6%)
      16.1 MB / 168.3 MB (  9.6%)
      16.1 MB / 168.3 MB (  9.6%)
      16.1 MB / 168.3 MB (  9.6%)
      16.1 MB / 168.3 MB (  9.6%)
      16.1 MB / 168.3 MB (  9.6%)
      16.2 MB / 168.3 MB (  9.6%)
      16.2 MB / 168.3 MB (  9.6%)
      16.2 MB / 168.3 MB (  9.6%)
      16.2 MB / 168.3 MB (  9.6%)
      16.2 MB / 168.3 MB (  9.6%)
      16.2 MB / 168.3 MB (  9.6%)
      16.2 MB / 168.3 MB (  9.6%)
      16.2 MB / 168.3 MB (  9.6%)
      16.2 MB / 168.3 MB (  9.6%)
      16.2 MB / 168.3 MB (  9.6%)
      16.2 MB / 168.3 MB (  9.6%)
      16.2 MB / 168.3 MB (  9.7%)
      16.3 MB / 168.3 MB (  9.7%)
      16.3 MB / 168.3 MB (  9.7%)
      16.3 MB / 168.3 MB (  9.7%)
      16.3 MB / 168.3 MB (  9.7%)
      16.3 MB / 168.3 MB (  9.7%)
      16.3 MB / 168.3 MB (  9.7%)
      16.3 MB / 168.3 MB (  9.7%)
      16.3 MB / 168.3 MB (  9.7%)
      16.3 MB / 168.3 MB (  9.7%)
      16.3 MB / 168.3 MB (  9.7%)
      16.3 MB / 168.3 MB (  9.7%)
      16.3 MB / 168.3 MB (  9.7%)
      16.4 MB / 168.3 MB (  9.7%)
      16.4 MB / 168.3 MB (  9.7%)
      16.4 MB / 168.3 MB (  9.7%)
      16.4 MB / 168.3 MB (  9.7%)
      16.4 MB / 168.3 MB (  9.7%)
      16.4 MB / 168.3 MB (  9.7%)
      16.4 MB / 168.3 MB (  9.7%)
      16.4 MB / 168.3 MB (  9.8%)
      16.4 MB / 168.3 MB (  9.8%)
      16.4 MB / 168.3 MB (  9.8%)
      16.4 MB / 168.3 MB (  9.8%)
      16.4 MB / 168.3 MB (  9.8%)
      16.4 MB / 168.3 MB (  9.8%)
      16.5 MB / 168.3 MB (  9.8%)
      16.5 MB / 168.3 MB (  9.8%)
      16.5 MB / 168.3 MB (  9.8%)
      16.5 MB / 168.3 MB (  9.8%)
      16.5 MB / 168.3 MB (  9.8%)
      16.5 MB / 168.3 MB (  9.8%)
      16.5 MB / 168.3 MB (  9.8%)
      16.5 MB / 168.3 MB (  9.8%)
      16.5 MB / 168.3 MB (  9.8%)
      16.5 MB / 168.3 MB (  9.8%)
      16.5 MB / 168.3 MB (  9.8%)
      16.5 MB / 168.3 MB (  9.8%)
      16.6 MB / 168.3 MB (  9.8%)
      16.6 MB / 168.3 MB (  9.8%)
      16.6 MB / 168.3 MB (  9.8%)
      16.6 MB / 168.3 MB (  9.9%)
      16.6 MB / 168.3 MB (  9.9%)
      16.6 MB / 168.3 MB (  9.9%)
      16.6 MB / 168.3 MB (  9.9%)
      16.6 MB / 168.3 MB (  9.9%)
      16.6 MB / 168.3 MB (  9.9%)
      16.6 MB / 168.3 MB (  9.9%)
      16.6 MB / 168.3 MB (  9.9%)
      16.6 MB / 168.3 MB (  9.9%)
      16.7 MB / 168.3 MB (  9.9%)
      16.7 MB / 168.3 MB (  9.9%)
      16.7 MB / 168.3 MB (  9.9%)
      16.7 MB / 168.3 MB (  9.9%)
      16.7 MB / 168.3 MB (  9.9%)
      16.7 MB / 168.3 MB (  9.9%)
      16.7 MB / 168.3 MB (  9.9%)
      16.7 MB / 168.3 MB (  9.9%)
      16.7 MB / 168.3 MB (  9.9%)
      16.7 MB / 168.3 MB (  9.9%)
      16.7 MB / 168.3 MB (  9.9%)
      16.7 MB / 168.3 MB ( 10.0%)
      16.8 MB / 168.3 MB ( 10.0%)
      16.8 MB / 168.3 MB ( 10.0%)
      16.8 MB / 168.3 MB ( 10.0%)
      16.8 MB / 168.3 MB ( 10.0%)
      16.8 MB / 168.3 MB ( 10.0%)
      16.8 MB / 168.3 MB ( 10.0%)
      16.8 MB / 168.3 MB ( 10.0%)
      16.8 MB / 168.3 MB ( 10.0%)
      16.8 MB / 168.3 MB ( 10.0%)
      16.8 MB / 168.3 MB ( 10.0%)
      16.8 MB / 168.3 MB ( 10.0%)
      16.8 MB / 168.3 MB ( 10.0%)
      16.9 MB / 168.3 MB ( 10.0%)
      16.9 MB / 168.3 MB ( 10.0%)
      16.9 MB / 168.3 MB ( 10.0%)
      16.9 MB / 168.3 MB ( 10.0%)
      16.9 MB / 168.3 MB ( 10.0%)
      16.9 MB / 168.3 MB ( 10.0%)
      16.9 MB / 168.3 MB ( 10.0%)
      16.9 MB / 168.3 MB ( 10.0%)
      16.9 MB / 168.3 MB ( 10.1%)
      16.9 MB / 168.3 MB ( 10.1%)
      16.9 MB / 168.3 MB ( 10.1%)
      16.9 MB / 168.3 MB ( 10.1%)
      16.9 MB / 168.3 MB ( 10.1%)
      17.0 MB / 168.3 MB ( 10.1%)
      17.0 MB / 168.3 MB ( 10.1%)
      17.0 MB / 168.3 MB ( 10.1%)
      17.0 MB / 168.3 MB ( 10.1%)
      17.0 MB / 168.3 MB ( 10.1%)
      17.0 MB / 168.3 MB ( 10.1%)
      17.0 MB / 168.3 MB ( 10.1%)
      17.0 MB / 168.3 MB ( 10.1%)
      17.0 MB / 168.3 MB ( 10.1%)
      17.0 MB / 168.3 MB ( 10.1%)
      17.0 MB / 168.3 MB ( 10.1%)
      17.0 MB / 168.3 MB ( 10.1%)
      17.1 MB / 168.3 MB ( 10.1%)
      17.1 MB / 168.3 MB ( 10.1%)
      17.1 MB / 168.3 MB ( 10.1%)
      17.1 MB / 168.3 MB ( 10.1%)
      17.1 MB / 168.3 MB ( 10.2%)
      17.1 MB / 168.3 MB ( 10.2%)
      17.1 MB / 168.3 MB ( 10.2%)
      17.1 MB / 168.3 MB ( 10.2%)
      17.1 MB / 168.3 MB ( 10.2%)
      17.1 MB / 168.3 MB ( 10.2%)
      17.1 MB / 168.3 MB ( 10.2%)
      17.1 MB / 168.3 MB ( 10.2%)
      17.2 MB / 168.3 MB ( 10.2%)
      17.2 MB / 168.3 MB ( 10.2%)
      17.2 MB / 168.3 MB ( 10.2%)
      17.2 MB / 168.3 MB ( 10.2%)
      17.2 MB / 168.3 MB ( 10.2%)
      17.2 MB / 168.3 MB ( 10.2%)
      17.2 MB / 168.3 MB ( 10.2%)
      17.2 MB / 168.3 MB ( 10.2%)
      17.2 MB / 168.3 MB ( 10.2%)
      17.2 MB / 168.3 MB ( 10.2%)
      17.2 MB / 168.3 MB ( 10.2%)
      17.2 MB / 168.3 MB ( 10.2%)
      17.3 MB / 168.3 MB ( 10.3%)
      17.3 MB / 168.3 MB ( 10.3%)
      17.3 MB / 168.3 MB ( 10.3%)
      17.3 MB / 168.3 MB ( 10.3%)
      17.3 MB / 168.3 MB ( 10.3%)
      17.3 MB / 168.3 MB ( 10.3%)
      17.3 MB / 168.3 MB ( 10.3%)
      17.3 MB / 168.3 MB ( 10.3%)
      17.3 MB / 168.3 MB ( 10.3%)
      17.3 MB / 168.3 MB ( 10.3%)
      17.3 MB / 168.3 MB ( 10.3%)
      17.3 MB / 168.3 MB ( 10.3%)
      17.4 MB / 168.3 MB ( 10.3%)
      17.4 MB / 168.3 MB ( 10.3%)
      17.4 MB / 168.3 MB ( 10.3%)
      17.4 MB / 168.3 MB ( 10.3%)
      17.4 MB / 168.3 MB ( 10.3%)
      17.4 MB / 168.3 MB ( 10.3%)
      17.4 MB / 168.3 MB ( 10.3%)
      17.4 MB / 168.3 MB ( 10.3%)
      17.4 MB / 168.3 MB ( 10.3%)
      17.4 MB / 168.3 MB ( 10.4%)
      17.4 MB / 168.3 MB ( 10.4%)
      17.4 MB / 168.3 MB ( 10.4%)
      17.4 MB / 168.3 MB ( 10.4%)
      17.5 MB / 168.3 MB ( 10.4%)
      17.5 MB / 168.3 MB ( 10.4%)
      17.5 MB / 168.3 MB ( 10.4%)
      17.5 MB / 168.3 MB ( 10.4%)
      17.5 MB / 168.3 MB ( 10.4%)
      17.5 MB / 168.3 MB ( 10.4%)
      17.5 MB / 168.3 MB ( 10.4%)
      17.5 MB / 168.3 MB ( 10.4%)
      17.5 MB / 168.3 MB ( 10.4%)
      17.5 MB / 168.3 MB ( 10.4%)
      17.5 MB / 168.3 MB ( 10.4%)
      17.5 MB / 168.3 MB ( 10.4%)
      17.6 MB / 168.3 MB ( 10.4%)
      17.6 MB / 168.3 MB ( 10.4%)
      17.6 MB / 168.3 MB ( 10.4%)
      17.6 MB / 168.3 MB ( 10.4%)
      17.6 MB / 168.3 MB ( 10.5%)
      17.6 MB / 168.3 MB ( 10.5%)
      17.6 MB / 168.3 MB ( 10.5%)
      17.6 MB / 168.3 MB ( 10.5%)
      17.6 MB / 168.3 MB ( 10.5%)
      17.6 MB / 168.3 MB ( 10.5%)
      17.6 MB / 168.3 MB ( 10.5%)
      17.6 MB / 168.3 MB ( 10.5%)
      17.7 MB / 168.3 MB ( 10.5%)
      17.7 MB / 168.3 MB ( 10.5%)
      17.7 MB / 168.3 MB ( 10.5%)
      17.7 MB / 168.3 MB ( 10.5%)
      17.7 MB / 168.3 MB ( 10.5%)
      17.7 MB / 168.3 MB ( 10.5%)
      17.7 MB / 168.3 MB ( 10.5%)
      17.7 MB / 168.3 MB ( 10.5%)
      17.7 MB / 168.3 MB ( 10.5%)
      17.7 MB / 168.3 MB ( 10.5%)
      17.7 MB / 168.3 MB ( 10.5%)
      17.7 MB / 168.3 MB ( 10.5%)
      17.8 MB / 168.3 MB ( 10.5%)
      17.8 MB / 168.3 MB ( 10.6%)
      17.8 MB / 168.3 MB ( 10.6%)
      17.8 MB / 168.3 MB ( 10.6%)
      17.8 MB / 168.3 MB ( 10.6%)
      17.8 MB / 168.3 MB ( 10.6%)
      17.8 MB / 168.3 MB ( 10.6%)
      17.8 MB / 168.3 MB ( 10.6%)
      17.8 MB / 168.3 MB ( 10.6%)
      17.8 MB / 168.3 MB ( 10.6%)
      17.8 MB / 168.3 MB ( 10.6%)
      17.8 MB / 168.3 MB ( 10.6%)
      17.9 MB / 168.3 MB ( 10.6%)
      17.9 MB / 168.3 MB ( 10.6%)
      17.9 MB / 168.3 MB ( 10.6%)
      17.9 MB / 168.3 MB ( 10.6%)
      17.9 MB / 168.3 MB ( 10.6%)
      17.9 MB / 168.3 MB ( 10.6%)
      17.9 MB / 168.3 MB ( 10.6%)
      17.9 MB / 168.3 MB ( 10.6%)
      17.9 MB / 168.3 MB ( 10.6%)
      17.9 MB / 168.3 MB ( 10.7%)
      17.9 MB / 168.3 MB ( 10.7%)
      17.9 MB / 168.3 MB ( 10.7%)
      17.9 MB / 168.3 MB ( 10.7%)
      18.0 MB / 168.3 MB ( 10.7%)
      18.0 MB / 168.3 MB ( 10.7%)
      18.0 MB / 168.3 MB ( 10.7%)
      18.0 MB / 168.3 MB ( 10.7%)
      18.0 MB / 168.3 MB ( 10.7%)
      18.0 MB / 168.3 MB ( 10.7%)
      18.0 MB / 168.3 MB ( 10.7%)
      18.0 MB / 168.3 MB ( 10.7%)
      18.0 MB / 168.3 MB ( 10.7%)
      18.0 MB / 168.3 MB ( 10.7%)
      18.0 MB / 168.3 MB ( 10.7%)
      18.0 MB / 168.3 MB ( 10.7%)
      18.1 MB / 168.3 MB ( 10.7%)
      18.1 MB / 168.3 MB ( 10.7%)
      18.1 MB / 168.3 MB ( 10.7%)
      18.1 MB / 168.3 MB ( 10.7%)
      18.1 MB / 168.3 MB ( 10.7%)
      18.1 MB / 168.3 MB ( 10.8%)
      18.1 MB / 168.3 MB ( 10.8%)
      18.1 MB / 168.3 MB ( 10.8%)
      18.1 MB / 168.3 MB ( 10.8%)
      18.1 MB / 168.3 MB ( 10.8%)
      18.1 MB / 168.3 MB ( 10.8%)
      18.1 MB / 168.3 MB ( 10.8%)
      18.2 MB / 168.3 MB ( 10.8%)
      18.2 MB / 168.3 MB ( 10.8%)
      18.2 MB / 168.3 MB ( 10.8%)
      18.2 MB / 168.3 MB ( 10.8%)
      18.2 MB / 168.3 MB ( 10.8%)
      18.2 MB / 168.3 MB ( 10.8%)
      18.2 MB / 168.3 MB ( 10.8%)
      18.2 MB / 168.3 MB ( 10.8%)
      18.2 MB / 168.3 MB ( 10.8%)
      18.2 MB / 168.3 MB ( 10.8%)
      18.2 MB / 168.3 MB ( 10.8%)
      18.2 MB / 168.3 MB ( 10.8%)
      18.3 MB / 168.3 MB ( 10.8%)
      18.3 MB / 168.3 MB ( 10.9%)
      18.3 MB / 168.3 MB ( 10.9%)
      18.3 MB / 168.3 MB ( 10.9%)
      18.3 MB / 168.3 MB ( 10.9%)
      18.3 MB / 168.3 MB ( 10.9%)
      18.3 MB / 168.3 MB ( 10.9%)
      18.3 MB / 168.3 MB ( 10.9%)
      18.3 MB / 168.3 MB ( 10.9%)
      18.3 MB / 168.3 MB ( 10.9%)
      18.3 MB / 168.3 MB ( 10.9%)
      18.3 MB / 168.3 MB ( 10.9%)
      18.4 MB / 168.3 MB ( 10.9%)
      18.4 MB / 168.3 MB ( 10.9%)
      18.4 MB / 168.3 MB ( 10.9%)
      18.4 MB / 168.3 MB ( 10.9%)
      18.4 MB / 168.3 MB ( 10.9%)
      18.4 MB / 168.3 MB ( 10.9%)
      18.4 MB / 168.3 MB ( 10.9%)
      18.4 MB / 168.3 MB ( 10.9%)
      18.4 MB / 168.3 MB ( 10.9%)
      18.4 MB / 168.3 MB ( 10.9%)
      18.4 MB / 168.3 MB ( 11.0%)
      18.4 MB / 168.3 MB ( 11.0%)
      18.4 MB / 168.3 MB ( 11.0%)
      18.5 MB / 168.3 MB ( 11.0%)
      18.5 MB / 168.3 MB ( 11.0%)
      18.5 MB / 168.3 MB ( 11.0%)
      18.5 MB / 168.3 MB ( 11.0%)
      18.5 MB / 168.3 MB ( 11.0%)
      18.5 MB / 168.3 MB ( 11.0%)
      18.5 MB / 168.3 MB ( 11.0%)
      18.5 MB / 168.3 MB ( 11.0%)
      18.5 MB / 168.3 MB ( 11.0%)
      18.5 MB / 168.3 MB ( 11.0%)
      18.5 MB / 168.3 MB ( 11.0%)
      18.5 MB / 168.3 MB ( 11.0%)
      18.6 MB / 168.3 MB ( 11.0%)
      18.6 MB / 168.3 MB ( 11.0%)
      18.6 MB / 168.3 MB ( 11.0%)
      18.6 MB / 168.3 MB ( 11.0%)
      18.6 MB / 168.3 MB ( 11.0%)
      18.6 MB / 168.3 MB ( 11.1%)
      18.6 MB / 168.3 MB ( 11.1%)
      18.6 MB / 168.3 MB ( 11.1%)
      18.6 MB / 168.3 MB ( 11.1%)
      18.6 MB / 168.3 MB ( 11.1%)
      18.6 MB / 168.3 MB ( 11.1%)
      18.6 MB / 168.3 MB ( 11.1%)
      18.7 MB / 168.3 MB ( 11.1%)
      18.7 MB / 168.3 MB ( 11.1%)
      18.7 MB / 168.3 MB ( 11.1%)
      18.7 MB / 168.3 MB ( 11.1%)
      18.7 MB / 168.3 MB ( 11.1%)
      18.7 MB / 168.3 MB ( 11.1%)
      18.7 MB / 168.3 MB ( 11.1%)
      18.7 MB / 168.3 MB ( 11.1%)
      18.7 MB / 168.3 MB ( 11.1%)
      18.7 MB / 168.3 MB ( 11.1%)
      18.7 MB / 168.3 MB ( 11.1%)
      18.7 MB / 168.3 MB ( 11.1%)
      18.8 MB / 168.3 MB ( 11.1%)
      18.8 MB / 168.3 MB ( 11.1%)
      18.8 MB / 168.3 MB ( 11.2%)
      18.8 MB / 168.3 MB ( 11.2%)
      18.8 MB / 168.3 MB ( 11.2%)
      18.8 MB / 168.3 MB ( 11.2%)
      18.8 MB / 168.3 MB ( 11.2%)
      18.8 MB / 168.3 MB ( 11.2%)
      18.8 MB / 168.3 MB ( 11.2%)
      18.8 MB / 168.3 MB ( 11.2%)
      18.8 MB / 168.3 MB ( 11.2%)
      18.8 MB / 168.3 MB ( 11.2%)
      18.8 MB / 168.3 MB ( 11.2%)
      18.9 MB / 168.3 MB ( 11.2%)
      18.9 MB / 168.3 MB ( 11.2%)
      18.9 MB / 168.3 MB ( 11.2%)
      18.9 MB / 168.3 MB ( 11.2%)
      18.9 MB / 168.3 MB ( 11.2%)
      18.9 MB / 168.3 MB ( 11.2%)
      18.9 MB / 168.3 MB ( 11.2%)
      18.9 MB / 168.3 MB ( 11.2%)
      18.9 MB / 168.3 MB ( 11.2%)
      18.9 MB / 168.3 MB ( 11.3%)
      18.9 MB / 168.3 MB ( 11.3%)
      18.9 MB / 168.3 MB ( 11.3%)
      19.0 MB / 168.3 MB ( 11.3%)
      19.0 MB / 168.3 MB ( 11.3%)
      19.0 MB / 168.3 MB ( 11.3%)
      19.0 MB / 168.3 MB ( 11.3%)
      19.0 MB / 168.3 MB ( 11.3%)
      19.0 MB / 168.3 MB ( 11.3%)
      19.0 MB / 168.3 MB ( 11.3%)
      19.0 MB / 168.3 MB ( 11.3%)
      19.0 MB / 168.3 MB ( 11.3%)
      19.0 MB / 168.3 MB ( 11.3%)
      19.0 MB / 168.3 MB ( 11.3%)
      19.0 MB / 168.3 MB ( 11.3%)
      19.1 MB / 168.3 MB ( 11.3%)
      19.1 MB / 168.3 MB ( 11.3%)
      19.1 MB / 168.3 MB ( 11.3%)
      19.1 MB / 168.3 MB ( 11.3%)
      19.1 MB / 168.3 MB ( 11.3%)
      19.1 MB / 168.3 MB ( 11.3%)
      19.1 MB / 168.3 MB ( 11.4%)
      19.1 MB / 168.3 MB ( 11.4%)
      19.1 MB / 168.3 MB ( 11.4%)
      19.1 MB / 168.3 MB ( 11.4%)
      19.1 MB / 168.3 MB ( 11.4%)
      19.1 MB / 168.3 MB ( 11.4%)
      19.2 MB / 168.3 MB ( 11.4%)
      19.2 MB / 168.3 MB ( 11.4%)
      19.2 MB / 168.3 MB ( 11.4%)
      19.2 MB / 168.3 MB ( 11.4%)
      19.2 MB / 168.3 MB ( 11.4%)
      19.2 MB / 168.3 MB ( 11.4%)
      19.2 MB / 168.3 MB ( 11.4%)
      19.2 MB / 168.3 MB ( 11.4%)
      19.2 MB / 168.3 MB ( 11.4%)
      19.2 MB / 168.3 MB ( 11.4%)
      19.2 MB / 168.3 MB ( 11.4%)
      19.2 MB / 168.3 MB ( 11.4%)
      19.3 MB / 168.3 MB ( 11.4%)
      19.3 MB / 168.3 MB ( 11.4%)
      19.3 MB / 168.3 MB ( 11.4%)
      19.3 MB / 168.3 MB ( 11.5%)
      19.3 MB / 168.3 MB ( 11.5%)
      19.3 MB / 168.3 MB ( 11.5%)
      19.3 MB / 168.3 MB ( 11.5%)
      19.3 MB / 168.3 MB ( 11.5%)
      19.3 MB / 168.3 MB ( 11.5%)
      19.3 MB / 168.3 MB ( 11.5%)
      19.3 MB / 168.3 MB ( 11.5%)
      19.3 MB / 168.3 MB ( 11.5%)
      19.3 MB / 168.3 MB ( 11.5%)
      19.4 MB / 168.3 MB ( 11.5%)
      19.4 MB / 168.3 MB ( 11.5%)
      19.4 MB / 168.3 MB ( 11.5%)
      19.4 MB / 168.3 MB ( 11.5%)
      19.4 MB / 168.3 MB ( 11.5%)
      19.4 MB / 168.3 MB ( 11.5%)
      19.4 MB / 168.3 MB ( 11.5%)
      19.4 MB / 168.3 MB ( 11.5%)
      19.4 MB / 168.3 MB ( 11.5%)
      19.4 MB / 168.3 MB ( 11.5%)
      19.4 MB / 168.3 MB ( 11.6%)
      19.4 MB / 168.3 MB ( 11.6%)
      19.5 MB / 168.3 MB ( 11.6%)
      19.5 MB / 168.3 MB ( 11.6%)
      19.5 MB / 168.3 MB ( 11.6%)
      19.5 MB / 168.3 MB ( 11.6%)
      19.5 MB / 168.3 MB ( 11.6%)
      19.5 MB / 168.3 MB ( 11.6%)
      19.5 MB / 168.3 MB ( 11.6%)
      19.5 MB / 168.3 MB ( 11.6%)
      19.5 MB / 168.3 MB ( 11.6%)
      19.5 MB / 168.3 MB ( 11.6%)
      19.5 MB / 168.3 MB ( 11.6%)
      19.5 MB / 168.3 MB ( 11.6%)
      19.6 MB / 168.3 MB ( 11.6%)
      19.6 MB / 168.3 MB ( 11.6%)
      19.6 MB / 168.3 MB ( 11.6%)
      19.6 MB / 168.3 MB ( 11.6%)
      19.6 MB / 168.3 MB ( 11.6%)
      19.6 MB / 168.3 MB ( 11.6%)
      19.6 MB / 168.3 MB ( 11.6%)
      19.6 MB / 168.3 MB ( 11.7%)
      19.6 MB / 168.3 MB ( 11.7%)
      19.6 MB / 168.3 MB ( 11.7%)
      19.6 MB / 168.3 MB ( 11.7%)
      19.6 MB / 168.3 MB ( 11.7%)
      19.7 MB / 168.3 MB ( 11.7%)
      19.7 MB / 168.3 MB ( 11.7%)
      19.7 MB / 168.3 MB ( 11.7%)
      19.7 MB / 168.3 MB ( 11.7%)
      19.7 MB / 168.3 MB ( 11.7%)
      19.7 MB / 168.3 MB ( 11.7%)
      19.7 MB / 168.3 MB ( 11.7%)
      19.7 MB / 168.3 MB ( 11.7%)
      19.7 MB / 168.3 MB ( 11.7%)
      19.7 MB / 168.3 MB ( 11.7%)
      19.7 MB / 168.3 MB ( 11.7%)
      19.7 MB / 168.3 MB ( 11.7%)
      19.8 MB / 168.3 MB ( 11.7%)
      19.8 MB / 168.3 MB ( 11.7%)
      19.8 MB / 168.3 MB ( 11.7%)
      19.8 MB / 168.3 MB ( 11.8%)
      19.8 MB / 168.3 MB ( 11.8%)
      19.8 MB / 168.3 MB ( 11.8%)
      19.8 MB / 168.3 MB ( 11.8%)
      19.8 MB / 168.3 MB ( 11.8%)
      19.8 MB / 168.3 MB ( 11.8%)
      19.8 MB / 168.3 MB ( 11.8%)
      19.8 MB / 168.3 MB ( 11.8%)
      19.8 MB / 168.3 MB ( 11.8%)
      19.8 MB / 168.3 MB ( 11.8%)
      19.9 MB / 168.3 MB ( 11.8%)
      19.9 MB / 168.3 MB ( 11.8%)
      19.9 MB / 168.3 MB ( 11.8%)
      19.9 MB / 168.3 MB ( 11.8%)
      19.9 MB / 168.3 MB ( 11.8%)
      19.9 MB / 168.3 MB ( 11.8%)
      19.9 MB / 168.3 MB ( 11.8%)
      19.9 MB / 168.3 MB ( 11.8%)
      19.9 MB / 168.3 MB ( 11.8%)
      19.9 MB / 168.3 MB ( 11.8%)
      19.9 MB / 168.3 MB ( 11.8%)
      19.9 MB / 168.3 MB ( 11.9%)
      20.0 MB / 168.3 MB ( 11.9%)
      20.0 MB / 168.3 MB ( 11.9%)
      20.0 MB / 168.3 MB ( 11.9%)
      20.0 MB / 168.3 MB ( 11.9%)
      20.0 MB / 168.3 MB ( 11.9%)
      20.0 MB / 168.3 MB ( 11.9%)
      20.0 MB / 168.3 MB ( 11.9%)
      20.0 MB / 168.3 MB ( 11.9%)
      20.0 MB / 168.3 MB ( 11.9%)
      20.0 MB / 168.3 MB ( 11.9%)
      20.0 MB / 168.3 MB ( 11.9%)
      20.0 MB / 168.3 MB ( 11.9%)
      20.1 MB / 168.3 MB ( 11.9%)
      20.1 MB / 168.3 MB ( 11.9%)
      20.1 MB / 168.3 MB ( 11.9%)
      20.1 MB / 168.3 MB ( 11.9%)
      20.1 MB / 168.3 MB ( 11.9%)
      20.1 MB / 168.3 MB ( 11.9%)
      20.1 MB / 168.3 MB ( 11.9%)
      20.1 MB / 168.3 MB ( 12.0%)
      20.1 MB / 168.3 MB ( 12.0%)
      20.1 MB / 168.3 MB ( 12.0%)
      20.1 MB / 168.3 MB ( 12.0%)
      20.1 MB / 168.3 MB ( 12.0%)
      20.2 MB / 168.3 MB ( 12.0%)
      20.2 MB / 168.3 MB ( 12.0%)
      20.2 MB / 168.3 MB ( 12.0%)
      20.2 MB / 168.3 MB ( 12.0%)
      20.2 MB / 168.3 MB ( 12.0%)
      20.2 MB / 168.3 MB ( 12.0%)
      20.2 MB / 168.3 MB ( 12.0%)
      20.2 MB / 168.3 MB ( 12.0%)
      20.2 MB / 168.3 MB ( 12.0%)
      20.2 MB / 168.3 MB ( 12.0%)
      20.2 MB / 168.3 MB ( 12.0%)
      20.2 MB / 168.3 MB ( 12.0%)
      20.3 MB / 168.3 MB ( 12.0%)
      20.3 MB / 168.3 MB ( 12.0%)
      20.3 MB / 168.3 MB ( 12.0%)
      20.3 MB / 168.3 MB ( 12.0%)
      20.3 MB / 168.3 MB ( 12.1%)
      20.3 MB / 168.3 MB ( 12.1%)
      20.3 MB / 168.3 MB ( 12.1%)
      20.3 MB / 168.3 MB ( 12.1%)
      20.3 MB / 168.3 MB ( 12.1%)
      20.3 MB / 168.3 MB ( 12.1%)
      20.3 MB / 168.3 MB ( 12.1%)
      20.3 MB / 168.3 MB ( 12.1%)
      20.3 MB / 168.3 MB ( 12.1%)
      20.4 MB / 168.3 MB ( 12.1%)
      20.4 MB / 168.3 MB ( 12.1%)
      20.4 MB / 168.3 MB ( 12.1%)
      20.4 MB / 168.3 MB ( 12.1%)
      20.4 MB / 168.3 MB ( 12.1%)
      20.4 MB / 168.3 MB ( 12.1%)
      20.4 MB / 168.3 MB ( 12.1%)
      20.4 MB / 168.3 MB ( 12.1%)
      20.4 MB / 168.3 MB ( 12.1%)
      20.4 MB / 168.3 MB ( 12.1%)
      20.4 MB / 168.3 MB ( 12.1%)
      20.4 MB / 168.3 MB ( 12.2%)
      20.5 MB / 168.3 MB ( 12.2%)
      20.5 MB / 168.3 MB ( 12.2%)
      20.5 MB / 168.3 MB ( 12.2%)
      20.5 MB / 168.3 MB ( 12.2%)
      20.5 MB / 168.3 MB ( 12.2%)
      20.5 MB / 168.3 MB ( 12.2%)
      20.5 MB / 168.3 MB ( 12.2%)
      20.5 MB / 168.3 MB ( 12.2%)
      20.5 MB / 168.3 MB ( 12.2%)
      20.5 MB / 168.3 MB ( 12.2%)
      20.5 MB / 168.3 MB ( 12.2%)
      20.5 MB / 168.3 MB ( 12.2%)
      20.6 MB / 168.3 MB ( 12.2%)
      20.6 MB / 168.3 MB ( 12.2%)
      20.6 MB / 168.3 MB ( 12.2%)
      20.6 MB / 168.3 MB ( 12.2%)
      20.6 MB / 168.3 MB ( 12.2%)
      20.6 MB / 168.3 MB ( 12.2%)
      20.6 MB / 168.3 MB ( 12.2%)
      20.6 MB / 168.3 MB ( 12.2%)
      20.6 MB / 168.3 MB ( 12.3%)
      20.6 MB / 168.3 MB ( 12.3%)
      20.6 MB / 168.3 MB ( 12.3%)
      20.6 MB / 168.3 MB ( 12.3%)
      20.7 MB / 168.3 MB ( 12.3%)
      20.7 MB / 168.3 MB ( 12.3%)
      20.7 MB / 168.3 MB ( 12.3%)
      20.7 MB / 168.3 MB ( 12.3%)
      20.7 MB / 168.3 MB ( 12.3%)
      20.7 MB / 168.3 MB ( 12.3%)
      20.7 MB / 168.3 MB ( 12.3%)
      20.7 MB / 168.3 MB ( 12.3%)
      20.7 MB / 168.3 MB ( 12.3%)
      20.7 MB / 168.3 MB ( 12.3%)
      20.7 MB / 168.3 MB ( 12.3%)
      20.7 MB / 168.3 MB ( 12.3%)
      20.8 MB / 168.3 MB ( 12.3%)
      20.8 MB / 168.3 MB ( 12.3%)
      20.8 MB / 168.3 MB ( 12.3%)
      20.8 MB / 168.3 MB ( 12.3%)
      20.8 MB / 168.3 MB ( 12.4%)
      20.8 MB / 168.3 MB ( 12.4%)
      20.8 MB / 168.3 MB ( 12.4%)
      20.8 MB / 168.3 MB ( 12.4%)
      20.8 MB / 168.3 MB ( 12.4%)
      20.8 MB / 168.3 MB ( 12.4%)
      20.8 MB / 168.3 MB ( 12.4%)
      20.8 MB / 168.3 MB ( 12.4%)
      20.8 MB / 168.3 MB ( 12.4%)
      20.9 MB / 168.3 MB ( 12.4%)
      20.9 MB / 168.3 MB ( 12.4%)
      20.9 MB / 168.3 MB ( 12.4%)
      20.9 MB / 168.3 MB ( 12.4%)
      20.9 MB / 168.3 MB ( 12.4%)
      20.9 MB / 168.3 MB ( 12.4%)
      20.9 MB / 168.3 MB ( 12.4%)
      20.9 MB / 168.3 MB ( 12.4%)
      20.9 MB / 168.3 MB ( 12.4%)
      20.9 MB / 168.3 MB ( 12.4%)
      20.9 MB / 168.3 MB ( 12.4%)
      20.9 MB / 168.3 MB ( 12.4%)
      21.0 MB / 168.3 MB ( 12.5%)
      21.0 MB / 168.3 MB ( 12.5%)
      21.0 MB / 168.3 MB ( 12.5%)
      21.0 MB / 168.3 MB ( 12.5%)
      21.0 MB / 168.3 MB ( 12.5%)
      21.0 MB / 168.3 MB ( 12.5%)
      21.0 MB / 168.3 MB ( 12.5%)
      21.0 MB / 168.3 MB ( 12.5%)
      21.0 MB / 168.3 MB ( 12.5%)
      21.0 MB / 168.3 MB ( 12.5%)
      21.0 MB / 168.3 MB ( 12.5%)
      21.0 MB / 168.3 MB ( 12.5%)
      21.1 MB / 168.3 MB ( 12.5%)
      21.1 MB / 168.3 MB ( 12.5%)
      21.1 MB / 168.3 MB ( 12.5%)
      21.1 MB / 168.3 MB ( 12.5%)
      21.1 MB / 168.3 MB ( 12.5%)
      21.1 MB / 168.3 MB ( 12.5%)
      21.1 MB / 168.3 MB ( 12.5%)
      21.1 MB / 168.3 MB ( 12.5%)
      21.1 MB / 168.3 MB ( 12.5%)
      21.1 MB / 168.3 MB ( 12.6%)
      21.1 MB / 168.3 MB ( 12.6%)
      21.1 MB / 168.3 MB ( 12.6%)
      21.2 MB / 168.3 MB ( 12.6%)
      21.2 MB / 168.3 MB ( 12.6%)
      21.2 MB / 168.3 MB ( 12.6%)
      21.2 MB / 168.3 MB ( 12.6%)
      21.2 MB / 168.3 MB ( 12.6%)
      21.2 MB / 168.3 MB ( 12.6%)
      21.2 MB / 168.3 MB ( 12.6%)
      21.2 MB / 168.3 MB ( 12.6%)
      21.2 MB / 168.3 MB ( 12.6%)
      21.2 MB / 168.3 MB ( 12.6%)
      21.2 MB / 168.3 MB ( 12.6%)
      21.2 MB / 168.3 MB ( 12.6%)
      21.3 MB / 168.3 MB ( 12.6%)
      21.3 MB / 168.3 MB ( 12.6%)
      21.3 MB / 168.3 MB ( 12.6%)
      21.3 MB / 168.3 MB ( 12.6%)
      21.3 MB / 168.3 MB ( 12.6%)
      21.3 MB / 168.3 MB ( 12.7%)
      21.3 MB / 168.3 MB ( 12.7%)
      21.3 MB / 168.3 MB ( 12.7%)
      21.3 MB / 168.3 MB ( 12.7%)
      21.3 MB / 168.3 MB ( 12.7%)
      21.3 MB / 168.3 MB ( 12.7%)
      21.3 MB / 168.3 MB ( 12.7%)
      21.3 MB / 168.3 MB ( 12.7%)
      21.4 MB / 168.3 MB ( 12.7%)
      21.4 MB / 168.3 MB ( 12.7%)
      21.4 MB / 168.3 MB ( 12.7%)
      21.4 MB / 168.3 MB ( 12.7%)
      21.4 MB / 168.3 MB ( 12.7%)
      21.4 MB / 168.3 MB ( 12.7%)
      21.4 MB / 168.3 MB ( 12.7%)
      21.4 MB / 168.3 MB ( 12.7%)
      21.4 MB / 168.3 MB ( 12.7%)
      21.4 MB / 168.3 MB ( 12.7%)
      21.4 MB / 168.3 MB ( 12.7%)
      21.4 MB / 168.3 MB ( 12.7%)
      21.5 MB / 168.3 MB ( 12.7%)
      21.5 MB / 168.3 MB ( 12.8%)
      21.5 MB / 168.3 MB ( 12.8%)
      21.5 MB / 168.3 MB ( 12.8%)
      21.5 MB / 168.3 MB ( 12.8%)
      21.5 MB / 168.3 MB ( 12.8%)
      21.5 MB / 168.3 MB ( 12.8%)
      21.5 MB / 168.3 MB ( 12.8%)
      21.5 MB / 168.3 MB ( 12.8%)
      21.5 MB / 168.3 MB ( 12.8%)
      21.5 MB / 168.3 MB ( 12.8%)
      21.5 MB / 168.3 MB ( 12.8%)
      21.6 MB / 168.3 MB ( 12.8%)
      21.6 MB / 168.3 MB ( 12.8%)
      21.6 MB / 168.3 MB ( 12.8%)
      21.6 MB / 168.3 MB ( 12.8%)
      21.6 MB / 168.3 MB ( 12.8%)
      21.6 MB / 168.3 MB ( 12.8%)
      21.6 MB / 168.3 MB ( 12.8%)
      21.6 MB / 168.3 MB ( 12.8%)
      21.6 MB / 168.3 MB ( 12.8%)
      21.6 MB / 168.3 MB ( 12.9%)
      21.6 MB / 168.3 MB ( 12.9%)
      21.6 MB / 168.3 MB ( 12.9%)
      21.7 MB / 168.3 MB ( 12.9%)
      21.7 MB / 168.3 MB ( 12.9%)
      21.7 MB / 168.3 MB ( 12.9%)
      21.7 MB / 168.3 MB ( 12.9%)
      21.7 MB / 168.3 MB ( 12.9%)
      21.7 MB / 168.3 MB ( 12.9%)
      21.7 MB / 168.3 MB ( 12.9%)
      21.7 MB / 168.3 MB ( 12.9%)
      21.7 MB / 168.3 MB ( 12.9%)
      21.7 MB / 168.3 MB ( 12.9%)
      21.7 MB / 168.3 MB ( 12.9%)
      21.7 MB / 168.3 MB ( 12.9%)
      21.7 MB / 168.3 MB ( 12.9%)
      21.8 MB / 168.3 MB ( 12.9%)
      21.8 MB / 168.3 MB ( 12.9%)
      21.8 MB / 168.3 MB ( 12.9%)
      21.8 MB / 168.3 MB ( 12.9%)
      21.8 MB / 168.3 MB ( 12.9%)
      21.8 MB / 168.3 MB ( 13.0%)
      21.8 MB / 168.3 MB ( 13.0%)
      21.8 MB / 168.3 MB ( 13.0%)
      21.8 MB / 168.3 MB ( 13.0%)
      21.8 MB / 168.3 MB ( 13.0%)
      21.8 MB / 168.3 MB ( 13.0%)
      21.8 MB / 168.3 MB ( 13.0%)
      21.9 MB / 168.3 MB ( 13.0%)
      21.9 MB / 168.3 MB ( 13.0%)
      21.9 MB / 168.3 MB ( 13.0%)
      21.9 MB / 168.3 MB ( 13.0%)
      21.9 MB / 168.3 MB ( 13.0%)
      21.9 MB / 168.3 MB ( 13.0%)
      21.9 MB / 168.3 MB ( 13.0%)
      21.9 MB / 168.3 MB ( 13.0%)
      21.9 MB / 168.3 MB ( 13.0%)
      21.9 MB / 168.3 MB ( 13.0%)
      21.9 MB / 168.3 MB ( 13.0%)
      21.9 MB / 168.3 MB ( 13.0%)
      22.0 MB / 168.3 MB ( 13.0%)
      22.0 MB / 168.3 MB ( 13.1%)
      22.0 MB / 168.3 MB ( 13.1%)
      22.0 MB / 168.3 MB ( 13.1%)
      22.0 MB / 168.3 MB ( 13.1%)
      22.0 MB / 168.3 MB ( 13.1%)
      22.0 MB / 168.3 MB ( 13.1%)
      22.0 MB / 168.3 MB ( 13.1%)
      22.0 MB / 168.3 MB ( 13.1%)
      22.0 MB / 168.3 MB ( 13.1%)
      22.0 MB / 168.3 MB ( 13.1%)
      22.0 MB / 168.3 MB ( 13.1%)
      22.1 MB / 168.3 MB ( 13.1%)
      22.1 MB / 168.3 MB ( 13.1%)
      22.1 MB / 168.3 MB ( 13.1%)
      22.1 MB / 168.3 MB ( 13.1%)
      22.1 MB / 168.3 MB ( 13.1%)
      22.1 MB / 168.3 MB ( 13.1%)
      22.1 MB / 168.3 MB ( 13.1%)
      22.1 MB / 168.3 MB ( 13.1%)
      22.1 MB / 168.3 MB ( 13.1%)
      22.1 MB / 168.3 MB ( 13.1%)
      22.1 MB / 168.3 MB ( 13.2%)
      22.1 MB / 168.3 MB ( 13.2%)
      22.2 MB / 168.3 MB ( 13.2%)
      22.2 MB / 168.3 MB ( 13.2%)
      22.2 MB / 168.3 MB ( 13.2%)
      22.2 MB / 168.3 MB ( 13.2%)
      22.2 MB / 168.3 MB ( 13.2%)
      22.2 MB / 168.3 MB ( 13.2%)
      22.2 MB / 168.3 MB ( 13.2%)
      22.2 MB / 168.3 MB ( 13.2%)
      22.2 MB / 168.3 MB ( 13.2%)
      22.2 MB / 168.3 MB ( 13.2%)
      22.2 MB / 168.3 MB ( 13.2%)
      22.2 MB / 168.3 MB ( 13.2%)
      22.2 MB / 168.3 MB ( 13.2%)
      22.3 MB / 168.3 MB ( 13.2%)
      22.3 MB / 168.3 MB ( 13.2%)
      22.3 MB / 168.3 MB ( 13.2%)
      22.3 MB / 168.3 MB ( 13.2%)
      22.3 MB / 168.3 MB ( 13.2%)
      22.3 MB / 168.3 MB ( 13.3%)
      22.3 MB / 168.3 MB ( 13.3%)
      22.3 MB / 168.3 MB ( 13.3%)
      22.3 MB / 168.3 MB ( 13.3%)
      22.3 MB / 168.3 MB ( 13.3%)
      22.3 MB / 168.3 MB ( 13.3%)
      22.3 MB / 168.3 MB ( 13.3%)
      22.4 MB / 168.3 MB ( 13.3%)
      22.4 MB / 168.3 MB ( 13.3%)
      22.4 MB / 168.3 MB ( 13.3%)
      22.4 MB / 168.3 MB ( 13.3%)
      22.4 MB / 168.3 MB ( 13.3%)
      22.4 MB / 168.3 MB ( 13.3%)
      22.4 MB / 168.3 MB ( 13.3%)
      22.4 MB / 168.3 MB ( 13.3%)
      22.4 MB / 168.3 MB ( 13.3%)
      22.4 MB / 168.3 MB ( 13.3%)
      22.4 MB / 168.3 MB ( 13.3%)
      22.4 MB / 168.3 MB ( 13.3%)
      22.5 MB / 168.3 MB ( 13.3%)
      22.5 MB / 168.3 MB ( 13.3%)
      22.5 MB / 168.3 MB ( 13.4%)
      22.5 MB / 168.3 MB ( 13.4%)
      22.5 MB / 168.3 MB ( 13.4%)
      22.5 MB / 168.3 MB ( 13.4%)
      22.5 MB / 168.3 MB ( 13.4%)
      22.5 MB / 168.3 MB ( 13.4%)
      22.5 MB / 168.3 MB ( 13.4%)
      22.5 MB / 168.3 MB ( 13.4%)
      22.5 MB / 168.3 MB ( 13.4%)
      22.5 MB / 168.3 MB ( 13.4%)
      22.6 MB / 168.3 MB ( 13.4%)
      22.6 MB / 168.3 MB ( 13.4%)
      22.6 MB / 168.3 MB ( 13.4%)
      22.6 MB / 168.3 MB ( 13.4%)
      22.6 MB / 168.3 MB ( 13.4%)
      22.6 MB / 168.3 MB ( 13.4%)
      22.6 MB / 168.3 MB ( 13.4%)
      22.6 MB / 168.3 MB ( 13.4%)
      22.6 MB / 168.3 MB ( 13.4%)
      22.6 MB / 168.3 MB ( 13.4%)
      22.6 MB / 168.3 MB ( 13.5%)
      22.6 MB / 168.3 MB ( 13.5%)
      22.7 MB / 168.3 MB ( 13.5%)
      22.7 MB / 168.3 MB ( 13.5%)
      22.7 MB / 168.3 MB ( 13.5%)
      22.7 MB / 168.3 MB ( 13.5%)
      22.7 MB / 168.3 MB ( 13.5%)
      22.7 MB / 168.3 MB ( 13.5%)
      22.7 MB / 168.3 MB ( 13.5%)
      22.7 MB / 168.3 MB ( 13.5%)
      22.7 MB / 168.3 MB ( 13.5%)
      22.7 MB / 168.3 MB ( 13.5%)
      22.7 MB / 168.3 MB ( 13.5%)
      22.7 MB / 168.3 MB ( 13.5%)
      22.7 MB / 168.3 MB ( 13.5%)
      22.8 MB / 168.3 MB ( 13.5%)
      22.8 MB / 168.3 MB ( 13.5%)
      22.8 MB / 168.3 MB ( 13.5%)
      22.8 MB / 168.3 MB ( 13.5%)
      22.8 MB / 168.3 MB ( 13.5%)
      22.8 MB / 168.3 MB ( 13.5%)
      22.8 MB / 168.3 MB ( 13.6%)
      22.8 MB / 168.3 MB ( 13.6%)
      22.8 MB / 168.3 MB ( 13.6%)
      22.8 MB / 168.3 MB ( 13.6%)
      22.8 MB / 168.3 MB ( 13.6%)
      22.8 MB / 168.3 MB ( 13.6%)
      22.9 MB / 168.3 MB ( 13.6%)
      22.9 MB / 168.3 MB ( 13.6%)
      22.9 MB / 168.3 MB ( 13.6%)
      22.9 MB / 168.3 MB ( 13.6%)
      22.9 MB / 168.3 MB ( 13.6%)
      22.9 MB / 168.3 MB ( 13.6%)
      22.9 MB / 168.3 MB ( 13.6%)
      22.9 MB / 168.3 MB ( 13.6%)
      22.9 MB / 168.3 MB ( 13.6%)
      22.9 MB / 168.3 MB ( 13.6%)
      22.9 MB / 168.3 MB ( 13.6%)
      22.9 MB / 168.3 MB ( 13.6%)
      23.0 MB / 168.3 MB ( 13.6%)
      23.0 MB / 168.3 MB ( 13.6%)
      23.0 MB / 168.3 MB ( 13.7%)
      23.0 MB / 168.3 MB ( 13.7%)
      23.0 MB / 168.3 MB ( 13.7%)
      23.0 MB / 168.3 MB ( 13.7%)
      23.0 MB / 168.3 MB ( 13.7%)
      23.0 MB / 168.3 MB ( 13.7%)
      23.0 MB / 168.3 MB ( 13.7%)
      23.0 MB / 168.3 MB ( 13.7%)
      23.0 MB / 168.3 MB ( 13.7%)
      23.0 MB / 168.3 MB ( 13.7%)
      23.1 MB / 168.3 MB ( 13.7%)
      23.1 MB / 168.3 MB ( 13.7%)
      23.1 MB / 168.3 MB ( 13.7%)
      23.1 MB / 168.3 MB ( 13.7%)
      23.1 MB / 168.3 MB ( 13.7%)
      23.1 MB / 168.3 MB ( 13.7%)
      23.1 MB / 168.3 MB ( 13.7%)
      23.1 MB / 168.3 MB ( 13.7%)
      23.1 MB / 168.3 MB ( 13.7%)
      23.1 MB / 168.3 MB ( 13.7%)
      23.1 MB / 168.3 MB ( 13.7%)
      23.1 MB / 168.3 MB ( 13.8%)
      23.2 MB / 168.3 MB ( 13.8%)
      23.2 MB / 168.3 MB ( 13.8%)
      23.2 MB / 168.3 MB ( 13.8%)
      23.2 MB / 168.3 MB ( 13.8%)
      23.2 MB / 168.3 MB ( 13.8%)
      23.2 MB / 168.3 MB ( 13.8%)
      23.2 MB / 168.3 MB ( 13.8%)
      23.2 MB / 168.3 MB ( 13.8%)
      23.2 MB / 168.3 MB ( 13.8%)
      23.2 MB / 168.3 MB ( 13.8%)
      23.2 MB / 168.3 MB ( 13.8%)
      23.2 MB / 168.3 MB ( 13.8%)
      23.2 MB / 168.3 MB ( 13.8%)
      23.3 MB / 168.3 MB ( 13.8%)
      23.3 MB / 168.3 MB ( 13.8%)
      23.3 MB / 168.3 MB ( 13.8%)
      23.3 MB / 168.3 MB ( 13.8%)
      23.3 MB / 168.3 MB ( 13.8%)
      23.3 MB / 168.3 MB ( 13.8%)
      23.3 MB / 168.3 MB ( 13.8%)
      23.3 MB / 168.3 MB ( 13.9%)
      23.3 MB / 168.3 MB ( 13.9%)
      23.3 MB / 168.3 MB ( 13.9%)
      23.3 MB / 168.3 MB ( 13.9%)
      23.3 MB / 168.3 MB ( 13.9%)
      23.4 MB / 168.3 MB ( 13.9%)
      23.4 MB / 168.3 MB ( 13.9%)
      23.4 MB / 168.3 MB ( 13.9%)
      23.4 MB / 168.3 MB ( 13.9%)
      23.4 MB / 168.3 MB ( 13.9%)
      23.4 MB / 168.3 MB ( 13.9%)
      23.4 MB / 168.3 MB ( 13.9%)
      23.4 MB / 168.3 MB ( 13.9%)
      23.4 MB / 168.3 MB ( 13.9%)
      23.4 MB / 168.3 MB ( 13.9%)
      23.4 MB / 168.3 MB ( 13.9%)
      23.4 MB / 168.3 MB ( 13.9%)
      23.5 MB / 168.3 MB ( 13.9%)
      23.5 MB / 168.3 MB ( 13.9%)
      23.5 MB / 168.3 MB ( 13.9%)
      23.5 MB / 168.3 MB ( 14.0%)
      23.5 MB / 168.3 MB ( 14.0%)
      23.5 MB / 168.3 MB ( 14.0%)
      23.5 MB / 168.3 MB ( 14.0%)
      23.5 MB / 168.3 MB ( 14.0%)
      23.5 MB / 168.3 MB ( 14.0%)
      23.5 MB / 168.3 MB ( 14.0%)
      23.5 MB / 168.3 MB ( 14.0%)
      23.5 MB / 168.3 MB ( 14.0%)
      23.6 MB / 168.3 MB ( 14.0%)
      23.6 MB / 168.3 MB ( 14.0%)
      23.6 MB / 168.3 MB ( 14.0%)
      23.6 MB / 168.3 MB ( 14.0%)
      23.6 MB / 168.3 MB ( 14.0%)
      23.6 MB / 168.3 MB ( 14.0%)
      23.6 MB / 168.3 MB ( 14.0%)
      23.6 MB / 168.3 MB ( 14.0%)
      23.6 MB / 168.3 MB ( 14.0%)
      23.6 MB / 168.3 MB ( 14.0%)
      23.6 MB / 168.3 MB ( 14.0%)
      23.6 MB / 168.3 MB ( 14.0%)
      23.7 MB / 168.3 MB ( 14.1%)
      23.7 MB / 168.3 MB ( 14.1%)
      23.7 MB / 168.3 MB ( 14.1%)
      23.7 MB / 168.3 MB ( 14.1%)
      23.7 MB / 168.3 MB ( 14.1%)
      23.7 MB / 168.3 MB ( 14.1%)
      23.7 MB / 168.3 MB ( 14.1%)
      23.7 MB / 168.3 MB ( 14.1%)
      23.7 MB / 168.3 MB ( 14.1%)
      23.7 MB / 168.3 MB ( 14.1%)
      23.7 MB / 168.3 MB ( 14.1%)
      23.7 MB / 168.3 MB ( 14.1%)
      23.7 MB / 168.3 MB ( 14.1%)
      23.8 MB / 168.3 MB ( 14.1%)
      23.8 MB / 168.3 MB ( 14.1%)
      23.8 MB / 168.3 MB ( 14.1%)
      23.8 MB / 168.3 MB ( 14.1%)
      23.8 MB / 168.3 MB ( 14.1%)
      23.8 MB / 168.3 MB ( 14.1%)
      23.8 MB / 168.3 MB ( 14.1%)
      23.8 MB / 168.3 MB ( 14.2%)
      23.8 MB / 168.3 MB ( 14.2%)
      23.8 MB / 168.3 MB ( 14.2%)
      23.8 MB / 168.3 MB ( 14.2%)
      23.8 MB / 168.3 MB ( 14.2%)
      23.9 MB / 168.3 MB ( 14.2%)
      23.9 MB / 168.3 MB ( 14.2%)
      23.9 MB / 168.3 MB ( 14.2%)
      23.9 MB / 168.3 MB ( 14.2%)
      23.9 MB / 168.3 MB ( 14.2%)
      23.9 MB / 168.3 MB ( 14.2%)
      23.9 MB / 168.3 MB ( 14.2%)
      23.9 MB / 168.3 MB ( 14.2%)
      23.9 MB / 168.3 MB ( 14.2%)
      23.9 MB / 168.3 MB ( 14.2%)
      23.9 MB / 168.3 MB ( 14.2%)
      23.9 MB / 168.3 MB ( 14.2%)
      24.0 MB / 168.3 MB ( 14.2%)
      24.0 MB / 168.3 MB ( 14.2%)
      24.0 MB / 168.3 MB ( 14.2%)
      24.0 MB / 168.3 MB ( 14.2%)
      24.0 MB / 168.3 MB ( 14.3%)
      24.0 MB / 168.3 MB ( 14.3%)
      24.0 MB / 168.3 MB ( 14.3%)
      24.0 MB / 168.3 MB ( 14.3%)
      24.0 MB / 168.3 MB ( 14.3%)
      24.0 MB / 168.3 MB ( 14.3%)
      24.0 MB / 168.3 MB ( 14.3%)
      24.0 MB / 168.3 MB ( 14.3%)
      24.1 MB / 168.3 MB ( 14.3%)
      24.1 MB / 168.3 MB ( 14.3%)
      24.1 MB / 168.3 MB ( 14.3%)
      24.1 MB / 168.3 MB ( 14.3%)
      24.1 MB / 168.3 MB ( 14.3%)
      24.1 MB / 168.3 MB ( 14.3%)
      24.1 MB / 168.3 MB ( 14.3%)
      24.1 MB / 168.3 MB ( 14.3%)
      24.1 MB / 168.3 MB ( 14.3%)
      24.1 MB / 168.3 MB ( 14.3%)
      24.1 MB / 168.3 MB ( 14.3%)
      24.1 MB / 168.3 MB ( 14.3%)
      24.2 MB / 168.3 MB ( 14.4%)
      24.2 MB / 168.3 MB ( 14.4%)
      24.2 MB / 168.3 MB ( 14.4%)
      24.2 MB / 168.3 MB ( 14.4%)
      24.2 MB / 168.3 MB ( 14.4%)
      24.2 MB / 168.3 MB ( 14.4%)
      24.2 MB / 168.3 MB ( 14.4%)
      24.2 MB / 168.3 MB ( 14.4%)
      24.2 MB / 168.3 MB ( 14.4%)
      24.2 MB / 168.3 MB ( 14.4%)
      24.2 MB / 168.3 MB ( 14.4%)
      24.2 MB / 168.3 MB ( 14.4%)
      24.2 MB / 168.3 MB ( 14.4%)
      24.3 MB / 168.3 MB ( 14.4%)
      24.3 MB / 168.3 MB ( 14.4%)
      24.3 MB / 168.3 MB ( 14.4%)
      24.3 MB / 168.3 MB ( 14.4%)
      24.3 MB / 168.3 MB ( 14.4%)
      24.3 MB / 168.3 MB ( 14.4%)
      24.3 MB / 168.3 MB ( 14.4%)
      24.3 MB / 168.3 MB ( 14.4%)
      24.3 MB / 168.3 MB ( 14.5%)
      24.3 MB / 168.3 MB ( 14.5%)
      24.3 MB / 168.3 MB ( 14.5%)
      24.3 MB / 168.3 MB ( 14.5%)
      24.4 MB / 168.3 MB ( 14.5%)
      24.4 MB / 168.3 MB ( 14.5%)
      24.4 MB / 168.3 MB ( 14.5%)
      24.4 MB / 168.3 MB ( 14.5%)
      24.4 MB / 168.3 MB ( 14.5%)
      24.4 MB / 168.3 MB ( 14.5%)
      24.4 MB / 168.3 MB ( 14.5%)
      24.4 MB / 168.3 MB ( 14.5%)
      24.4 MB / 168.3 MB ( 14.5%)
      24.4 MB / 168.3 MB ( 14.5%)
      24.4 MB / 168.3 MB ( 14.5%)
      24.4 MB / 168.3 MB ( 14.5%)
      24.5 MB / 168.3 MB ( 14.5%)
      24.5 MB / 168.3 MB ( 14.5%)
      24.5 MB / 168.3 MB ( 14.5%)
      24.5 MB / 168.3 MB ( 14.5%)
      24.5 MB / 168.3 MB ( 14.6%)
      24.5 MB / 168.3 MB ( 14.6%)
      24.5 MB / 168.3 MB ( 14.6%)
      24.5 MB / 168.3 MB ( 14.6%)
      24.5 MB / 168.3 MB ( 14.6%)
      24.5 MB / 168.3 MB ( 14.6%)
      24.5 MB / 168.3 MB ( 14.6%)
      24.5 MB / 168.3 MB ( 14.6%)
      24.6 MB / 168.3 MB ( 14.6%)
      24.6 MB / 168.3 MB ( 14.6%)
      24.6 MB / 168.3 MB ( 14.6%)
      24.6 MB / 168.3 MB ( 14.6%)
      24.6 MB / 168.3 MB ( 14.6%)
      24.6 MB / 168.3 MB ( 14.6%)
      24.6 MB / 168.3 MB ( 14.6%)
      24.6 MB / 168.3 MB ( 14.6%)
      24.6 MB / 168.3 MB ( 14.6%)
      24.6 MB / 168.3 MB ( 14.6%)
      24.6 MB / 168.3 MB ( 14.6%)
      24.6 MB / 168.3 MB ( 14.6%)
      24.6 MB / 168.3 MB ( 14.6%)
      24.7 MB / 168.3 MB ( 14.7%)
      24.7 MB / 168.3 MB ( 14.7%)
      24.7 MB / 168.3 MB ( 14.7%)
      24.7 MB / 168.3 MB ( 14.7%)
      24.7 MB / 168.3 MB ( 14.7%)
      24.7 MB / 168.3 MB ( 14.7%)
      24.7 MB / 168.3 MB ( 14.7%)
      24.7 MB / 168.3 MB ( 14.7%)
      24.7 MB / 168.3 MB ( 14.7%)
      24.7 MB / 168.3 MB ( 14.7%)
      24.7 MB / 168.3 MB ( 14.7%)
      24.7 MB / 168.3 MB ( 14.7%)
      24.8 MB / 168.3 MB ( 14.7%)
      24.8 MB / 168.3 MB ( 14.7%)
      24.8 MB / 168.3 MB ( 14.7%)
      24.8 MB / 168.3 MB ( 14.7%)
      24.8 MB / 168.3 MB ( 14.7%)
      24.8 MB / 168.3 MB ( 14.7%)
      24.8 MB / 168.3 MB ( 14.7%)
      24.8 MB / 168.3 MB ( 14.7%)
      24.8 MB / 168.3 MB ( 14.8%)
      24.8 MB / 168.3 MB ( 14.8%)
      24.8 MB / 168.3 MB ( 14.8%)
      24.8 MB / 168.3 MB ( 14.8%)
      24.9 MB / 168.3 MB ( 14.8%)
      24.9 MB / 168.3 MB ( 14.8%)
      24.9 MB / 168.3 MB ( 14.8%)
      24.9 MB / 168.3 MB ( 14.8%)
      24.9 MB / 168.3 MB ( 14.8%)
      24.9 MB / 168.3 MB ( 14.8%)
      24.9 MB / 168.3 MB ( 14.8%)
      24.9 MB / 168.3 MB ( 14.8%)
      24.9 MB / 168.3 MB ( 14.8%)
      24.9 MB / 168.3 MB ( 14.8%)
      24.9 MB / 168.3 MB ( 14.8%)
      24.9 MB / 168.3 MB ( 14.8%)
      25.0 MB / 168.3 MB ( 14.8%)
      25.0 MB / 168.3 MB ( 14.8%)
      25.0 MB / 168.3 MB ( 14.8%)
      25.0 MB / 168.3 MB ( 14.8%)
      25.0 MB / 168.3 MB ( 14.8%)
      25.0 MB / 168.3 MB ( 14.9%)
      25.0 MB / 168.3 MB ( 14.9%)
      25.0 MB / 168.3 MB ( 14.9%)
      25.0 MB / 168.3 MB ( 14.9%)
      25.0 MB / 168.3 MB ( 14.9%)
      25.0 MB / 168.3 MB ( 14.9%)
      25.0 MB / 168.3 MB ( 14.9%)
      25.1 MB / 168.3 MB ( 14.9%)
      25.1 MB / 168.3 MB ( 14.9%)
      25.1 MB / 168.3 MB ( 14.9%)
      25.1 MB / 168.3 MB ( 14.9%)
      25.1 MB / 168.3 MB ( 14.9%)
      25.1 MB / 168.3 MB ( 14.9%)
      25.1 MB / 168.3 MB ( 14.9%)
      25.1 MB / 168.3 MB ( 14.9%)
      25.1 MB / 168.3 MB ( 14.9%)
      25.1 MB / 168.3 MB ( 14.9%)
      25.1 MB / 168.3 MB ( 14.9%)
      25.1 MB / 168.3 MB ( 14.9%)
      25.1 MB / 168.3 MB ( 14.9%)
      25.2 MB / 168.3 MB ( 14.9%)
      25.2 MB / 168.3 MB ( 15.0%)
      25.2 MB / 168.3 MB ( 15.0%)
      25.2 MB / 168.3 MB ( 15.0%)
      25.2 MB / 168.3 MB ( 15.0%)
      25.2 MB / 168.3 MB ( 15.0%)
      25.2 MB / 168.3 MB ( 15.0%)
      25.2 MB / 168.3 MB ( 15.0%)
      25.2 MB / 168.3 MB ( 15.0%)
      25.2 MB / 168.3 MB ( 15.0%)
      25.2 MB / 168.3 MB ( 15.0%)
      25.2 MB / 168.3 MB ( 15.0%)
      25.3 MB / 168.3 MB ( 15.0%)
      25.3 MB / 168.3 MB ( 15.0%)
      25.3 MB / 168.3 MB ( 15.0%)
      25.3 MB / 168.3 MB ( 15.0%)
      25.3 MB / 168.3 MB ( 15.0%)
      25.3 MB / 168.3 MB ( 15.0%)
      25.3 MB / 168.3 MB ( 15.0%)
      25.3 MB / 168.3 MB ( 15.0%)
      25.3 MB / 168.3 MB ( 15.0%)
      25.3 MB / 168.3 MB ( 15.1%)
      25.3 MB / 168.3 MB ( 15.1%)
      25.3 MB / 168.3 MB ( 15.1%)
      25.4 MB / 168.3 MB ( 15.1%)
      25.4 MB / 168.3 MB ( 15.1%)
      25.4 MB / 168.3 MB ( 15.1%)
      25.4 MB / 168.3 MB ( 15.1%)
      25.4 MB / 168.3 MB ( 15.1%)
      25.4 MB / 168.3 MB ( 15.1%)
      25.4 MB / 168.3 MB ( 15.1%)
      25.4 MB / 168.3 MB ( 15.1%)
      25.4 MB / 168.3 MB ( 15.1%)
      25.4 MB / 168.3 MB ( 15.1%)
      25.4 MB / 168.3 MB ( 15.1%)
      25.4 MB / 168.3 MB ( 15.1%)
      25.5 MB / 168.3 MB ( 15.1%)
      25.5 MB / 168.3 MB ( 15.1%)
      25.5 MB / 168.3 MB ( 15.1%)
      25.5 MB / 168.3 MB ( 15.1%)
      25.5 MB / 168.3 MB ( 15.1%)
      25.5 MB / 168.3 MB ( 15.1%)
      25.5 MB / 168.3 MB ( 15.2%)
      25.5 MB / 168.3 MB ( 15.2%)
      25.5 MB / 168.3 MB ( 15.2%)
      25.5 MB / 168.3 MB ( 15.2%)
      25.5 MB / 168.3 MB ( 15.2%)
      25.5 MB / 168.3 MB ( 15.2%)
      25.6 MB / 168.3 MB ( 15.2%)
      25.6 MB / 168.3 MB ( 15.2%)
      25.6 MB / 168.3 MB ( 15.2%)
      25.6 MB / 168.3 MB ( 15.2%)
      25.6 MB / 168.3 MB ( 15.2%)
      25.6 MB / 168.3 MB ( 15.2%)
      25.6 MB / 168.3 MB ( 15.2%)
      25.6 MB / 168.3 MB ( 15.2%)
      25.6 MB / 168.3 MB ( 15.2%)
      25.6 MB / 168.3 MB ( 15.2%)
      25.6 MB / 168.3 MB ( 15.2%)
      25.6 MB / 168.3 MB ( 15.2%)
      25.6 MB / 168.3 MB ( 15.2%)
      25.7 MB / 168.3 MB ( 15.2%)
      25.7 MB / 168.3 MB ( 15.3%)
      25.7 MB / 168.3 MB ( 15.3%)
      25.7 MB / 168.3 MB ( 15.3%)
      25.7 MB / 168.3 MB ( 15.3%)
      25.7 MB / 168.3 MB ( 15.3%)
      25.7 MB / 168.3 MB ( 15.3%)
      25.7 MB / 168.3 MB ( 15.3%)
      25.7 MB / 168.3 MB ( 15.3%)
      25.7 MB / 168.3 MB ( 15.3%)
      25.7 MB / 168.3 MB ( 15.3%)
      25.7 MB / 168.3 MB ( 15.3%)
      25.8 MB / 168.3 MB ( 15.3%)
      25.8 MB / 168.3 MB ( 15.3%)
      25.8 MB / 168.3 MB ( 15.3%)
      25.8 MB / 168.3 MB ( 15.3%)
      25.8 MB / 168.3 MB ( 15.3%)
      25.8 MB / 168.3 MB ( 15.3%)
      25.8 MB / 168.3 MB ( 15.3%)
      25.8 MB / 168.3 MB ( 15.3%)
      25.8 MB / 168.3 MB ( 15.3%)
      25.8 MB / 168.3 MB ( 15.3%)
      25.8 MB / 168.3 MB ( 15.4%)
      25.8 MB / 168.3 MB ( 15.4%)
      25.9 MB / 168.3 MB ( 15.4%)
      25.9 MB / 168.3 MB ( 15.4%)
      25.9 MB / 168.3 MB ( 15.4%)
      25.9 MB / 168.3 MB ( 15.4%)
      25.9 MB / 168.3 MB ( 15.4%)
      25.9 MB / 168.3 MB ( 15.4%)
      25.9 MB / 168.3 MB ( 15.4%)
      25.9 MB / 168.3 MB ( 15.4%)
      25.9 MB / 168.3 MB ( 15.4%)
      25.9 MB / 168.3 MB ( 15.4%)
      25.9 MB / 168.3 MB ( 15.4%)
      25.9 MB / 168.3 MB ( 15.4%)
      26.0 MB / 168.3 MB ( 15.4%)
      26.0 MB / 168.3 MB ( 15.4%)
      26.0 MB / 168.3 MB ( 15.4%)
      26.0 MB / 168.3 MB ( 15.4%)
      26.0 MB / 168.3 MB ( 15.4%)
      26.0 MB / 168.3 MB ( 15.4%)
      26.0 MB / 168.3 MB ( 15.5%)
      26.0 MB / 168.3 MB ( 15.5%)
      26.0 MB / 168.3 MB ( 15.5%)
      26.0 MB / 168.3 MB ( 15.5%)
      26.0 MB / 168.3 MB ( 15.5%)
      26.0 MB / 168.3 MB ( 15.5%)
      26.1 MB / 168.3 MB ( 15.5%)
      26.1 MB / 168.3 MB ( 15.5%)
      26.1 MB / 168.3 MB ( 15.5%)
      26.1 MB / 168.3 MB ( 15.5%)
      26.1 MB / 168.3 MB ( 15.5%)
      26.1 MB / 168.3 MB ( 15.5%)
      26.1 MB / 168.3 MB ( 15.5%)
      26.1 MB / 168.3 MB ( 15.5%)
      26.1 MB / 168.3 MB ( 15.5%)
      26.1 MB / 168.3 MB ( 15.5%)
      26.1 MB / 168.3 MB ( 15.5%)
      26.1 MB / 168.3 MB ( 15.5%)
      26.1 MB / 168.3 MB ( 15.5%)
      26.2 MB / 168.3 MB ( 15.5%)
      26.2 MB / 168.3 MB ( 15.5%)
      26.2 MB / 168.3 MB ( 15.6%)
      26.2 MB / 168.3 MB ( 15.6%)
      26.2 MB / 168.3 MB ( 15.6%)
      26.2 MB / 168.3 MB ( 15.6%)
      26.2 MB / 168.3 MB ( 15.6%)
      26.2 MB / 168.3 MB ( 15.6%)
      26.2 MB / 168.3 MB ( 15.6%)
      26.2 MB / 168.3 MB ( 15.6%)
      26.2 MB / 168.3 MB ( 15.6%)
      26.2 MB / 168.3 MB ( 15.6%)
      26.3 MB / 168.3 MB ( 15.6%)
      26.3 MB / 168.3 MB ( 15.6%)
      26.3 MB / 168.3 MB ( 15.6%)
      26.3 MB / 168.3 MB ( 15.6%)
      26.3 MB / 168.3 MB ( 15.6%)
      26.3 MB / 168.3 MB ( 15.6%)
      26.3 MB / 168.3 MB ( 15.6%)
      26.3 MB / 168.3 MB ( 15.6%)
      26.3 MB / 168.3 MB ( 15.6%)
      26.3 MB / 168.3 MB ( 15.6%)
      26.3 MB / 168.3 MB ( 15.7%)
      26.3 MB / 168.3 MB ( 15.7%)
      26.4 MB / 168.3 MB ( 15.7%)
      26.4 MB / 168.3 MB ( 15.7%)
      26.4 MB / 168.3 MB ( 15.7%)
      26.4 MB / 168.3 MB ( 15.7%)
      26.4 MB / 168.3 MB ( 15.7%)
      26.4 MB / 168.3 MB ( 15.7%)
      26.4 MB / 168.3 MB ( 15.7%)
      26.4 MB / 168.3 MB ( 15.7%)
      26.4 MB / 168.3 MB ( 15.7%)
      26.4 MB / 168.3 MB ( 15.7%)
      26.4 MB / 168.3 MB ( 15.7%)
      26.4 MB / 168.3 MB ( 15.7%)
      26.5 MB / 168.3 MB ( 15.7%)
      26.5 MB / 168.3 MB ( 15.7%)
      26.5 MB / 168.3 MB ( 15.7%)
      26.5 MB / 168.3 MB ( 15.7%)
      26.5 MB / 168.3 MB ( 15.7%)
      26.5 MB / 168.3 MB ( 15.7%)
      26.5 MB / 168.3 MB ( 15.7%)
      26.5 MB / 168.3 MB ( 15.8%)
      26.5 MB / 168.3 MB ( 15.8%)
      26.5 MB / 168.3 MB ( 15.8%)
      26.5 MB / 168.3 MB ( 15.8%)
      26.5 MB / 168.3 MB ( 15.8%)
      26.6 MB / 168.3 MB ( 15.8%)
      26.6 MB / 168.3 MB ( 15.8%)
      26.6 MB / 168.3 MB ( 15.8%)
      26.6 MB / 168.3 MB ( 15.8%)
      26.6 MB / 168.3 MB ( 15.8%)
      26.6 MB / 168.3 MB ( 15.8%)
      26.6 MB / 168.3 MB ( 15.8%)
      26.6 MB / 168.3 MB ( 15.8%)
      26.6 MB / 168.3 MB ( 15.8%)
      26.6 MB / 168.3 MB ( 15.8%)
      26.6 MB / 168.3 MB ( 15.8%)
      26.6 MB / 168.3 MB ( 15.8%)
      26.6 MB / 168.3 MB ( 15.8%)
      26.7 MB / 168.3 MB ( 15.8%)
      26.7 MB / 168.3 MB ( 15.8%)
      26.7 MB / 168.3 MB ( 15.9%)
      26.7 MB / 168.3 MB ( 15.9%)
      26.7 MB / 168.3 MB ( 15.9%)
      26.7 MB / 168.3 MB ( 15.9%)
      26.7 MB / 168.3 MB ( 15.9%)
      26.7 MB / 168.3 MB ( 15.9%)
      26.7 MB / 168.3 MB ( 15.9%)
      26.7 MB / 168.3 MB ( 15.9%)
      26.7 MB / 168.3 MB ( 15.9%)
      26.7 MB / 168.3 MB ( 15.9%)
      26.8 MB / 168.3 MB ( 15.9%)
      26.8 MB / 168.3 MB ( 15.9%)
      26.8 MB / 168.3 MB ( 15.9%)
      26.8 MB / 168.3 MB ( 15.9%)
      26.8 MB / 168.3 MB ( 15.9%)
      26.8 MB / 168.3 MB ( 15.9%)
      26.8 MB / 168.3 MB ( 15.9%)
      26.8 MB / 168.3 MB ( 15.9%)
      26.8 MB / 168.3 MB ( 15.9%)
      26.8 MB / 168.3 MB ( 15.9%)
      26.8 MB / 168.3 MB ( 15.9%)
      26.8 MB / 168.3 MB ( 16.0%)
      26.9 MB / 168.3 MB ( 16.0%)
      26.9 MB / 168.3 MB ( 16.0%)
      26.9 MB / 168.3 MB ( 16.0%)
      26.9 MB / 168.3 MB ( 16.0%)
      26.9 MB / 168.3 MB ( 16.0%)
      26.9 MB / 168.3 MB ( 16.0%)
      26.9 MB / 168.3 MB ( 16.0%)
      26.9 MB / 168.3 MB ( 16.0%)
      26.9 MB / 168.3 MB ( 16.0%)
      26.9 MB / 168.3 MB ( 16.0%)
      26.9 MB / 168.3 MB ( 16.0%)
      26.9 MB / 168.3 MB ( 16.0%)
      27.0 MB / 168.3 MB ( 16.0%)
      27.0 MB / 168.3 MB ( 16.0%)
      27.0 MB / 168.3 MB ( 16.0%)
      27.0 MB / 168.3 MB ( 16.0%)
      27.0 MB / 168.3 MB ( 16.0%)
      27.0 MB / 168.3 MB ( 16.0%)
      27.0 MB / 168.3 MB ( 16.0%)
      27.0 MB / 168.3 MB ( 16.1%)
      27.0 MB / 168.3 MB ( 16.1%)
      27.0 MB / 168.3 MB ( 16.1%)
      27.0 MB / 168.3 MB ( 16.1%)
      27.0 MB / 168.3 MB ( 16.1%)
      27.0 MB / 168.3 MB ( 16.1%)
      27.1 MB / 168.3 MB ( 16.1%)
      27.1 MB / 168.3 MB ( 16.1%)
      27.1 MB / 168.3 MB ( 16.1%)
      27.1 MB / 168.3 MB ( 16.1%)
      27.1 MB / 168.3 MB ( 16.1%)
      27.1 MB / 168.3 MB ( 16.1%)
      27.1 MB / 168.3 MB ( 16.1%)
      27.1 MB / 168.3 MB ( 16.1%)
      27.1 MB / 168.3 MB ( 16.1%)
      27.1 MB / 168.3 MB ( 16.1%)
      27.1 MB / 168.3 MB ( 16.1%)
      27.1 MB / 168.3 MB ( 16.1%)
      27.2 MB / 168.3 MB ( 16.1%)
      27.2 MB / 168.3 MB ( 16.1%)
      27.2 MB / 168.3 MB ( 16.1%)
      27.2 MB / 168.3 MB ( 16.2%)
      27.2 MB / 168.3 MB ( 16.2%)
      27.2 MB / 168.3 MB ( 16.2%)
      27.2 MB / 168.3 MB ( 16.2%)
      27.2 MB / 168.3 MB ( 16.2%)
      27.2 MB / 168.3 MB ( 16.2%)
      27.2 MB / 168.3 MB ( 16.2%)
      27.2 MB / 168.3 MB ( 16.2%)
      27.2 MB / 168.3 MB ( 16.2%)
      27.3 MB / 168.3 MB ( 16.2%)
      27.3 MB / 168.3 MB ( 16.2%)
      27.3 MB / 168.3 MB ( 16.2%)
      27.3 MB / 168.3 MB ( 16.2%)
      27.3 MB / 168.3 MB ( 16.2%)
      27.3 MB / 168.3 MB ( 16.2%)
      27.3 MB / 168.3 MB ( 16.2%)
      27.3 MB / 168.3 MB ( 16.2%)
      27.3 MB / 168.3 MB ( 16.2%)
      27.3 MB / 168.3 MB ( 16.2%)
      27.3 MB / 168.3 MB ( 16.2%)
      27.3 MB / 168.3 MB ( 16.2%)
      27.4 MB / 168.3 MB ( 16.3%)
      27.4 MB / 168.3 MB ( 16.3%)
      27.4 MB / 168.3 MB ( 16.3%)
      27.4 MB / 168.3 MB ( 16.3%)
      27.4 MB / 168.3 MB ( 16.3%)
      27.4 MB / 168.3 MB ( 16.3%)
      27.4 MB / 168.3 MB ( 16.3%)
      27.4 MB / 168.3 MB ( 16.3%)
      27.4 MB / 168.3 MB ( 16.3%)
      27.4 MB / 168.3 MB ( 16.3%)
      27.4 MB / 168.3 MB ( 16.3%)
      27.4 MB / 168.3 MB ( 16.3%)
      27.5 MB / 168.3 MB ( 16.3%)
      27.5 MB / 168.3 MB ( 16.3%)
      27.5 MB / 168.3 MB ( 16.3%)
      27.5 MB / 168.3 MB ( 16.3%)
      27.5 MB / 168.3 MB ( 16.3%)
      27.5 MB / 168.3 MB ( 16.3%)
      27.5 MB / 168.3 MB ( 16.3%)
      27.5 MB / 168.3 MB ( 16.3%)
      27.5 MB / 168.3 MB ( 16.4%)
      27.5 MB / 168.3 MB ( 16.4%)
      27.5 MB / 168.3 MB ( 16.4%)
      27.5 MB / 168.3 MB ( 16.4%)
      27.5 MB / 168.3 MB ( 16.4%)
      27.6 MB / 168.3 MB ( 16.4%)
      27.6 MB / 168.3 MB ( 16.4%)
      27.6 MB / 168.3 MB ( 16.4%)
      27.6 MB / 168.3 MB ( 16.4%)
      27.6 MB / 168.3 MB ( 16.4%)
      27.6 MB / 168.3 MB ( 16.4%)
      27.6 MB / 168.3 MB ( 16.4%)
      27.6 MB / 168.3 MB ( 16.4%)
      27.6 MB / 168.3 MB ( 16.4%)
      27.6 MB / 168.3 MB ( 16.4%)
      27.6 MB / 168.3 MB ( 16.4%)
      27.6 MB / 168.3 MB ( 16.4%)
      27.7 MB / 168.3 MB ( 16.4%)
      27.7 MB / 168.3 MB ( 16.4%)
      27.7 MB / 168.3 MB ( 16.4%)
      27.7 MB / 168.3 MB ( 16.4%)
      27.7 MB / 168.3 MB ( 16.5%)
      27.7 MB / 168.3 MB ( 16.5%)
      27.7 MB / 168.3 MB ( 16.5%)
      27.7 MB / 168.3 MB ( 16.5%)
      27.7 MB / 168.3 MB ( 16.5%)
      27.7 MB / 168.3 MB ( 16.5%)
      27.7 MB / 168.3 MB ( 16.5%)
      27.7 MB / 168.3 MB ( 16.5%)
      27.8 MB / 168.3 MB ( 16.5%)
      27.8 MB / 168.3 MB ( 16.5%)
      27.8 MB / 168.3 MB ( 16.5%)
      27.8 MB / 168.3 MB ( 16.5%)
      27.8 MB / 168.3 MB ( 16.5%)
      27.8 MB / 168.3 MB ( 16.5%)
      27.8 MB / 168.3 MB ( 16.5%)
      27.8 MB / 168.3 MB ( 16.5%)
      27.8 MB / 168.3 MB ( 16.5%)
      27.8 MB / 168.3 MB ( 16.5%)
      27.8 MB / 168.3 MB ( 16.5%)
      27.8 MB / 168.3 MB ( 16.5%)
      27.9 MB / 168.3 MB ( 16.6%)
      27.9 MB / 168.3 MB ( 16.6%)
      27.9 MB / 168.3 MB ( 16.6%)
      27.9 MB / 168.3 MB ( 16.6%)
      27.9 MB / 168.3 MB ( 16.6%)
      27.9 MB / 168.3 MB ( 16.6%)
      27.9 MB / 168.3 MB ( 16.6%)
      27.9 MB / 168.3 MB ( 16.6%)
      27.9 MB / 168.3 MB ( 16.6%)
      27.9 MB / 168.3 MB ( 16.6%)
      27.9 MB / 168.3 MB ( 16.6%)
      27.9 MB / 168.3 MB ( 16.6%)
      28.0 MB / 168.3 MB ( 16.6%)
      28.0 MB / 168.3 MB ( 16.6%)
      28.0 MB / 168.3 MB ( 16.6%)
      28.0 MB / 168.3 MB ( 16.6%)
      28.0 MB / 168.3 MB ( 16.6%)
      28.0 MB / 168.3 MB ( 16.6%)
      28.0 MB / 168.3 MB ( 16.6%)
      28.0 MB / 168.3 MB ( 16.6%)
      28.0 MB / 168.3 MB ( 16.6%)
      28.0 MB / 168.3 MB ( 16.7%)
      28.0 MB / 168.3 MB ( 16.7%)
      28.0 MB / 168.3 MB ( 16.7%)
      28.0 MB / 168.3 MB ( 16.7%)
      28.1 MB / 168.3 MB ( 16.7%)
      28.1 MB / 168.3 MB ( 16.7%)
      28.1 MB / 168.3 MB ( 16.7%)
      28.1 MB / 168.3 MB ( 16.7%)
      28.1 MB / 168.3 MB ( 16.7%)
      28.1 MB / 168.3 MB ( 16.7%)
      28.1 MB / 168.3 MB ( 16.7%)
      28.1 MB / 168.3 MB ( 16.7%)
      28.1 MB / 168.3 MB ( 16.7%)
      28.1 MB / 168.3 MB ( 16.7%)
      28.1 MB / 168.3 MB ( 16.7%)
      28.1 MB / 168.3 MB ( 16.7%)
      28.2 MB / 168.3 MB ( 16.7%)
      28.2 MB / 168.3 MB ( 16.7%)
      28.2 MB / 168.3 MB ( 16.7%)
      28.2 MB / 168.3 MB ( 16.7%)
      28.2 MB / 168.3 MB ( 16.8%)
      28.2 MB / 168.3 MB ( 16.8%)
      28.2 MB / 168.3 MB ( 16.8%)
      28.2 MB / 168.3 MB ( 16.8%)
      28.2 MB / 168.3 MB ( 16.8%)
      28.2 MB / 168.3 MB ( 16.8%)
      28.2 MB / 168.3 MB ( 16.8%)
      28.2 MB / 168.3 MB ( 16.8%)
      28.3 MB / 168.3 MB ( 16.8%)
      28.3 MB / 168.3 MB ( 16.8%)
      28.3 MB / 168.3 MB ( 16.8%)
      28.3 MB / 168.3 MB ( 16.8%)
      28.3 MB / 168.3 MB ( 16.8%)
      28.3 MB / 168.3 MB ( 16.8%)
      28.3 MB / 168.3 MB ( 16.8%)
      28.3 MB / 168.3 MB ( 16.8%)
      28.3 MB / 168.3 MB ( 16.8%)
      28.3 MB / 168.3 MB ( 16.8%)
      28.3 MB / 168.3 MB ( 16.8%)
      28.3 MB / 168.3 MB ( 16.8%)
      28.4 MB / 168.3 MB ( 16.8%)
      28.4 MB / 168.3 MB ( 16.9%)
      28.4 MB / 168.3 MB ( 16.9%)
      28.4 MB / 168.3 MB ( 16.9%)
      28.4 MB / 168.3 MB ( 16.9%)
      28.4 MB / 168.3 MB ( 16.9%)
      28.4 MB / 168.3 MB ( 16.9%)
      28.4 MB / 168.3 MB ( 16.9%)
      28.4 MB / 168.3 MB ( 16.9%)
      28.4 MB / 168.3 MB ( 16.9%)
      28.4 MB / 168.3 MB ( 16.9%)
      28.4 MB / 168.3 MB ( 16.9%)
      28.5 MB / 168.3 MB ( 16.9%)
      28.5 MB / 168.3 MB ( 16.9%)
      28.5 MB / 168.3 MB ( 16.9%)
      28.5 MB / 168.3 MB ( 16.9%)
      28.5 MB / 168.3 MB ( 16.9%)
      28.5 MB / 168.3 MB ( 16.9%)
      28.5 MB / 168.3 MB ( 16.9%)
      28.5 MB / 168.3 MB ( 16.9%)
      28.5 MB / 168.3 MB ( 16.9%)
      28.5 MB / 168.3 MB ( 17.0%)
      28.5 MB / 168.3 MB ( 17.0%)
      28.5 MB / 168.3 MB ( 17.0%)
      28.5 MB / 168.3 MB ( 17.0%)
      28.6 MB / 168.3 MB ( 17.0%)
      28.6 MB / 168.3 MB ( 17.0%)
      28.6 MB / 168.3 MB ( 17.0%)
      28.6 MB / 168.3 MB ( 17.0%)
      28.6 MB / 168.3 MB ( 17.0%)
      28.6 MB / 168.3 MB ( 17.0%)
      28.6 MB / 168.3 MB ( 17.0%)
      28.6 MB / 168.3 MB ( 17.0%)
      28.6 MB / 168.3 MB ( 17.0%)
      28.6 MB / 168.3 MB ( 17.0%)
      28.6 MB / 168.3 MB ( 17.0%)
      28.6 MB / 168.3 MB ( 17.0%)
      28.7 MB / 168.3 MB ( 17.0%)
      28.7 MB / 168.3 MB ( 17.0%)
      28.7 MB / 168.3 MB ( 17.0%)
      28.7 MB / 168.3 MB ( 17.0%)
      28.7 MB / 168.3 MB ( 17.0%)
      28.7 MB / 168.3 MB ( 17.1%)
      28.7 MB / 168.3 MB ( 17.1%)
      28.7 MB / 168.3 MB ( 17.1%)
      28.7 MB / 168.3 MB ( 17.1%)
      28.7 MB / 168.3 MB ( 17.1%)
      28.7 MB / 168.3 MB ( 17.1%)
      28.7 MB / 168.3 MB ( 17.1%)
      28.8 MB / 168.3 MB ( 17.1%)
      28.8 MB / 168.3 MB ( 17.1%)
      28.8 MB / 168.3 MB ( 17.1%)
      28.8 MB / 168.3 MB ( 17.1%)
      28.8 MB / 168.3 MB ( 17.1%)
      28.8 MB / 168.3 MB ( 17.1%)
      28.8 MB / 168.3 MB ( 17.1%)
      28.8 MB / 168.3 MB ( 17.1%)
      28.8 MB / 168.3 MB ( 17.1%)
      28.8 MB / 168.3 MB ( 17.1%)
      28.8 MB / 168.3 MB ( 17.1%)
      28.8 MB / 168.3 MB ( 17.1%)
      28.9 MB / 168.3 MB ( 17.1%)
      28.9 MB / 168.3 MB ( 17.2%)
      28.9 MB / 168.3 MB ( 17.2%)
      28.9 MB / 168.3 MB ( 17.2%)
      28.9 MB / 168.3 MB ( 17.2%)
      28.9 MB / 168.3 MB ( 17.2%)
      28.9 MB / 168.3 MB ( 17.2%)
      28.9 MB / 168.3 MB ( 17.2%)
      28.9 MB / 168.3 MB ( 17.2%)
      28.9 MB / 168.3 MB ( 17.2%)
      28.9 MB / 168.3 MB ( 17.2%)
      28.9 MB / 168.3 MB ( 17.2%)
      29.0 MB / 168.3 MB ( 17.2%)
      29.0 MB / 168.3 MB ( 17.2%)
      29.0 MB / 168.3 MB ( 17.2%)
      29.0 MB / 168.3 MB ( 17.2%)
      29.0 MB / 168.3 MB ( 17.2%)
      29.0 MB / 168.3 MB ( 17.2%)
      29.0 MB / 168.3 MB ( 17.2%)
      29.0 MB / 168.3 MB ( 17.2%)
      29.0 MB / 168.3 MB ( 17.2%)
      29.0 MB / 168.3 MB ( 17.2%)
      29.0 MB / 168.3 MB ( 17.3%)
      29.0 MB / 168.3 MB ( 17.3%)
      29.0 MB / 168.3 MB ( 17.3%)
      29.1 MB / 168.3 MB ( 17.3%)
      29.1 MB / 168.3 MB ( 17.3%)
      29.1 MB / 168.3 MB ( 17.3%)
      29.1 MB / 168.3 MB ( 17.3%)
      29.1 MB / 168.3 MB ( 17.3%)
      29.1 MB / 168.3 MB ( 17.3%)
      29.1 MB / 168.3 MB ( 17.3%)
      29.1 MB / 168.3 MB ( 17.3%)
      29.1 MB / 168.3 MB ( 17.3%)
      29.1 MB / 168.3 MB ( 17.3%)
      29.1 MB / 168.3 MB ( 17.3%)
      29.1 MB / 168.3 MB ( 17.3%)
      29.2 MB / 168.3 MB ( 17.3%)
      29.2 MB / 168.3 MB ( 17.3%)
      29.2 MB / 168.3 MB ( 17.3%)
      29.2 MB / 168.3 MB ( 17.3%)
      29.2 MB / 168.3 MB ( 17.3%)
      29.2 MB / 168.3 MB ( 17.3%)
      29.2 MB / 168.3 MB ( 17.4%)
      29.2 MB / 168.3 MB ( 17.4%)
      29.2 MB / 168.3 MB ( 17.4%)
      29.2 MB / 168.3 MB ( 17.4%)
      29.2 MB / 168.3 MB ( 17.4%)
      29.2 MB / 168.3 MB ( 17.4%)
      29.3 MB / 168.3 MB ( 17.4%)
      29.3 MB / 168.3 MB ( 17.4%)
      29.3 MB / 168.3 MB ( 17.4%)
      29.3 MB / 168.3 MB ( 17.4%)
      29.3 MB / 168.3 MB ( 17.4%)
      29.3 MB / 168.3 MB ( 17.4%)
      29.3 MB / 168.3 MB ( 17.4%)
      29.3 MB / 168.3 MB ( 17.4%)
      29.3 MB / 168.3 MB ( 17.4%)
      29.3 MB / 168.3 MB ( 17.4%)
      29.3 MB / 168.3 MB ( 17.4%)
      29.3 MB / 168.3 MB ( 17.4%)
      29.4 MB / 168.3 MB ( 17.4%)
      29.4 MB / 168.3 MB ( 17.4%)
      29.4 MB / 168.3 MB ( 17.5%)
      29.4 MB / 168.3 MB ( 17.5%)
      29.4 MB / 168.3 MB ( 17.5%)
      29.4 MB / 168.3 MB ( 17.5%)
      29.4 MB / 168.3 MB ( 17.5%)
      29.4 MB / 168.3 MB ( 17.5%)
      29.4 MB / 168.3 MB ( 17.5%)
      29.4 MB / 168.3 MB ( 17.5%)
      29.4 MB / 168.3 MB ( 17.5%)
      29.4 MB / 168.3 MB ( 17.5%)
      29.5 MB / 168.3 MB ( 17.5%)
      29.5 MB / 168.3 MB ( 17.5%)
      29.5 MB / 168.3 MB ( 17.5%)
      29.5 MB / 168.3 MB ( 17.5%)
      29.5 MB / 168.3 MB ( 17.5%)
      29.5 MB / 168.3 MB ( 17.5%)
      29.5 MB / 168.3 MB ( 17.5%)
      29.5 MB / 168.3 MB ( 17.5%)
      29.5 MB / 168.3 MB ( 17.5%)
      29.5 MB / 168.3 MB ( 17.5%)
      29.5 MB / 168.3 MB ( 17.5%)
      29.5 MB / 168.3 MB ( 17.6%)
      29.5 MB / 168.3 MB ( 17.6%)
      29.6 MB / 168.3 MB ( 17.6%)
      29.6 MB / 168.3 MB ( 17.6%)
      29.6 MB / 168.3 MB ( 17.6%)
      29.6 MB / 168.3 MB ( 17.6%)
      29.6 MB / 168.3 MB ( 17.6%)
      29.6 MB / 168.3 MB ( 17.6%)
      29.6 MB / 168.3 MB ( 17.6%)
      29.6 MB / 168.3 MB ( 17.6%)
      29.6 MB / 168.3 MB ( 17.6%)
      29.6 MB / 168.3 MB ( 17.6%)
      29.6 MB / 168.3 MB ( 17.6%)
      29.6 MB / 168.3 MB ( 17.6%)
      29.7 MB / 168.3 MB ( 17.6%)
      29.7 MB / 168.3 MB ( 17.6%)
      29.7 MB / 168.3 MB ( 17.6%)
      29.7 MB / 168.3 MB ( 17.6%)
      29.7 MB / 168.3 MB ( 17.6%)
      29.7 MB / 168.3 MB ( 17.6%)
      29.7 MB / 168.3 MB ( 17.7%)
      29.7 MB / 168.3 MB ( 17.7%)
      29.7 MB / 168.3 MB ( 17.7%)
      29.7 MB / 168.3 MB ( 17.7%)
      29.7 MB / 168.3 MB ( 17.7%)
      29.7 MB / 168.3 MB ( 17.7%)
      29.8 MB / 168.3 MB ( 17.7%)
      29.8 MB / 168.3 MB ( 17.7%)
      29.8 MB / 168.3 MB ( 17.7%)
      29.8 MB / 168.3 MB ( 17.7%)
      29.8 MB / 168.3 MB ( 17.7%)
      29.8 MB / 168.3 MB ( 17.7%)
      29.8 MB / 168.3 MB ( 17.7%)
      29.8 MB / 168.3 MB ( 17.7%)
      29.8 MB / 168.3 MB ( 17.7%)
      29.8 MB / 168.3 MB ( 17.7%)
      29.8 MB / 168.3 MB ( 17.7%)
      29.8 MB / 168.3 MB ( 17.7%)
      29.9 MB / 168.3 MB ( 17.7%)
      29.9 MB / 168.3 MB ( 17.7%)
      29.9 MB / 168.3 MB ( 17.7%)
      29.9 MB / 168.3 MB ( 17.8%)
      29.9 MB / 168.3 MB ( 17.8%)
      29.9 MB / 168.3 MB ( 17.8%)
      29.9 MB / 168.3 MB ( 17.8%)
      29.9 MB / 168.3 MB ( 17.8%)
      29.9 MB / 168.3 MB ( 17.8%)
      29.9 MB / 168.3 MB ( 17.8%)
      29.9 MB / 168.3 MB ( 17.8%)
      29.9 MB / 168.3 MB ( 17.8%)
      29.9 MB / 168.3 MB ( 17.8%)
      30.0 MB / 168.3 MB ( 17.8%)
      30.0 MB / 168.3 MB ( 17.8%)
      30.0 MB / 168.3 MB ( 17.8%)
      30.0 MB / 168.3 MB ( 17.8%)
      30.0 MB / 168.3 MB ( 17.8%)
      30.0 MB / 168.3 MB ( 17.8%)
      30.0 MB / 168.3 MB ( 17.8%)
      30.0 MB / 168.3 MB ( 17.8%)
      30.0 MB / 168.3 MB ( 17.8%)
      30.0 MB / 168.3 MB ( 17.8%)
      30.0 MB / 168.3 MB ( 17.9%)
      30.0 MB / 168.3 MB ( 17.9%)
      30.1 MB / 168.3 MB ( 17.9%)
      30.1 MB / 168.3 MB ( 17.9%)
      30.1 MB / 168.3 MB ( 17.9%)
      30.1 MB / 168.3 MB ( 17.9%)
      30.1 MB / 168.3 MB ( 17.9%)
      30.1 MB / 168.3 MB ( 17.9%)
      30.1 MB / 168.3 MB ( 17.9%)
      30.1 MB / 168.3 MB ( 17.9%)
      30.1 MB / 168.3 MB ( 17.9%)
      30.1 MB / 168.3 MB ( 17.9%)
      30.1 MB / 168.3 MB ( 17.9%)
      30.1 MB / 168.3 MB ( 17.9%)
      30.2 MB / 168.3 MB ( 17.9%)
      30.2 MB / 168.3 MB ( 17.9%)
      30.2 MB / 168.3 MB ( 17.9%)
      30.2 MB / 168.3 MB ( 17.9%)
      30.2 MB / 168.3 MB ( 17.9%)
      30.2 MB / 168.3 MB ( 17.9%)
      30.2 MB / 168.3 MB ( 17.9%)
      30.2 MB / 168.3 MB ( 18.0%)
      30.2 MB / 168.3 MB ( 18.0%)
      30.2 MB / 168.3 MB ( 18.0%)
      30.2 MB / 168.3 MB ( 18.0%)
      30.2 MB / 168.3 MB ( 18.0%)
      30.3 MB / 168.3 MB ( 18.0%)
      30.3 MB / 168.3 MB ( 18.0%)
      30.3 MB / 168.3 MB ( 18.0%)
      30.3 MB / 168.3 MB ( 18.0%)
      30.3 MB / 168.3 MB ( 18.0%)
      30.3 MB / 168.3 MB ( 18.0%)
      30.3 MB / 168.3 MB ( 18.0%)
      30.3 MB / 168.3 MB ( 18.0%)
      30.3 MB / 168.3 MB ( 18.0%)
      30.3 MB / 168.3 MB ( 18.0%)
      30.3 MB / 168.3 MB ( 18.0%)
      30.3 MB / 168.3 MB ( 18.0%)
      30.4 MB / 168.3 MB ( 18.0%)
      30.4 MB / 168.3 MB ( 18.0%)
      30.4 MB / 168.3 MB ( 18.0%)
      30.4 MB / 168.3 MB ( 18.1%)
      30.4 MB / 168.3 MB ( 18.1%)
      30.4 MB / 168.3 MB ( 18.1%)
      30.4 MB / 168.3 MB ( 18.1%)
      30.4 MB / 168.3 MB ( 18.1%)
      30.4 MB / 168.3 MB ( 18.1%)
      30.4 MB / 168.3 MB ( 18.1%)
      30.4 MB / 168.3 MB ( 18.1%)
      30.4 MB / 168.3 MB ( 18.1%)
      30.4 MB / 168.3 MB ( 18.1%)
      30.5 MB / 168.3 MB ( 18.1%)
      30.5 MB / 168.3 MB ( 18.1%)
      30.5 MB / 168.3 MB ( 18.1%)
      30.5 MB / 168.3 MB ( 18.1%)
      30.5 MB / 168.3 MB ( 18.1%)
      30.5 MB / 168.3 MB ( 18.1%)
      30.5 MB / 168.3 MB ( 18.1%)
      30.5 MB / 168.3 MB ( 18.1%)
      30.5 MB / 168.3 MB ( 18.1%)
      30.5 MB / 168.3 MB ( 18.1%)
      30.5 MB / 168.3 MB ( 18.1%)
      30.5 MB / 168.3 MB ( 18.2%)
      30.6 MB / 168.3 MB ( 18.2%)
      30.6 MB / 168.3 MB ( 18.2%)
      30.6 MB / 168.3 MB ( 18.2%)
      30.6 MB / 168.3 MB ( 18.2%)
      30.6 MB / 168.3 MB ( 18.2%)
      30.6 MB / 168.3 MB ( 18.2%)
      30.6 MB / 168.3 MB ( 18.2%)
      30.6 MB / 168.3 MB ( 18.2%)
      30.6 MB / 168.3 MB ( 18.2%)
      30.6 MB / 168.3 MB ( 18.2%)
      30.6 MB / 168.3 MB ( 18.2%)
      30.6 MB / 168.3 MB ( 18.2%)
      30.7 MB / 168.3 MB ( 18.2%)
      30.7 MB / 168.3 MB ( 18.2%)
      30.7 MB / 168.3 MB ( 18.2%)
      30.7 MB / 168.3 MB ( 18.2%)
      30.7 MB / 168.3 MB ( 18.2%)
      30.7 MB / 168.3 MB ( 18.2%)
      30.7 MB / 168.3 MB ( 18.2%)
      30.7 MB / 168.3 MB ( 18.3%)
      30.7 MB / 168.3 MB ( 18.3%)
      30.7 MB / 168.3 MB ( 18.3%)
      30.7 MB / 168.3 MB ( 18.3%)
      30.7 MB / 168.3 MB ( 18.3%)
      30.8 MB / 168.3 MB ( 18.3%)
      30.8 MB / 168.3 MB ( 18.3%)
      30.8 MB / 168.3 MB ( 18.3%)
      30.8 MB / 168.3 MB ( 18.3%)
      30.8 MB / 168.3 MB ( 18.3%)
      30.8 MB / 168.3 MB ( 18.3%)
      30.8 MB / 168.3 MB ( 18.3%)
      30.8 MB / 168.3 MB ( 18.3%)
      30.8 MB / 168.3 MB ( 18.3%)
      30.8 MB / 168.3 MB ( 18.3%)
      30.8 MB / 168.3 MB ( 18.3%)
      30.8 MB / 168.3 MB ( 18.3%)
      30.9 MB / 168.3 MB ( 18.3%)
      30.9 MB / 168.3 MB ( 18.3%)
      30.9 MB / 168.3 MB ( 18.3%)
      30.9 MB / 168.3 MB ( 18.3%)
      30.9 MB / 168.3 MB ( 18.4%)
      30.9 MB / 168.3 MB ( 18.4%)
      30.9 MB / 168.3 MB ( 18.4%)
      30.9 MB / 168.3 MB ( 18.4%)
      30.9 MB / 168.3 MB ( 18.4%)
      30.9 MB / 168.3 MB ( 18.4%)
      30.9 MB / 168.3 MB ( 18.4%)
      30.9 MB / 168.3 MB ( 18.4%)
      30.9 MB / 168.3 MB ( 18.4%)
      31.0 MB / 168.3 MB ( 18.4%)
      31.0 MB / 168.3 MB ( 18.4%)
      31.0 MB / 168.3 MB ( 18.4%)
      31.0 MB / 168.3 MB ( 18.4%)
      31.0 MB / 168.3 MB ( 18.4%)
      31.0 MB / 168.3 MB ( 18.4%)
      31.0 MB / 168.3 MB ( 18.4%)
      31.0 MB / 168.3 MB ( 18.4%)
      31.0 MB / 168.3 MB ( 18.4%)
      31.0 MB / 168.3 MB ( 18.4%)
      31.0 MB / 168.3 MB ( 18.4%)
      31.0 MB / 168.3 MB ( 18.4%)
      31.1 MB / 168.3 MB ( 18.5%)
      31.1 MB / 168.3 MB ( 18.5%)
      31.1 MB / 168.3 MB ( 18.5%)
      31.1 MB / 168.3 MB ( 18.5%)
      31.1 MB / 168.3 MB ( 18.5%)
      31.1 MB / 168.3 MB ( 18.5%)
      31.1 MB / 168.3 MB ( 18.5%)
      31.1 MB / 168.3 MB ( 18.5%)
      31.1 MB / 168.3 MB ( 18.5%)
      31.1 MB / 168.3 MB ( 18.5%)
      31.1 MB / 168.3 MB ( 18.5%)
      31.1 MB / 168.3 MB ( 18.5%)
      31.2 MB / 168.3 MB ( 18.5%)
      31.2 MB / 168.3 MB ( 18.5%)
      31.2 MB / 168.3 MB ( 18.5%)
      31.2 MB / 168.3 MB ( 18.5%)
      31.2 MB / 168.3 MB ( 18.5%)
      31.2 MB / 168.3 MB ( 18.5%)
      31.2 MB / 168.3 MB ( 18.5%)
      31.2 MB / 168.3 MB ( 18.5%)
      31.2 MB / 168.3 MB ( 18.6%)
      31.2 MB / 168.3 MB ( 18.6%)
      31.2 MB / 168.3 MB ( 18.6%)
      31.2 MB / 168.3 MB ( 18.6%)
      31.3 MB / 168.3 MB ( 18.6%)
      31.3 MB / 168.3 MB ( 18.6%)
      31.3 MB / 168.3 MB ( 18.6%)
      31.3 MB / 168.3 MB ( 18.6%)
      31.3 MB / 168.3 MB ( 18.6%)
      31.3 MB / 168.3 MB ( 18.6%)
      31.3 MB / 168.3 MB ( 18.6%)
      31.3 MB / 168.3 MB ( 18.6%)
      31.3 MB / 168.3 MB ( 18.6%)
      31.3 MB / 168.3 MB ( 18.6%)
      31.3 MB / 168.3 MB ( 18.6%)
      31.3 MB / 168.3 MB ( 18.6%)
      31.4 MB / 168.3 MB ( 18.6%)
      31.4 MB / 168.3 MB ( 18.6%)
      31.4 MB / 168.3 MB ( 18.6%)
      31.4 MB / 168.3 MB ( 18.6%)
      31.4 MB / 168.3 MB ( 18.6%)
      31.4 MB / 168.3 MB ( 18.7%)
      31.4 MB / 168.3 MB ( 18.7%)
      31.4 MB / 168.3 MB ( 18.7%)
      31.4 MB / 168.3 MB ( 18.7%)
      31.4 MB / 168.3 MB ( 18.7%)
      31.4 MB / 168.3 MB ( 18.7%)
      31.4 MB / 168.3 MB ( 18.7%)
      31.4 MB / 168.3 MB ( 18.7%)
      31.5 MB / 168.3 MB ( 18.7%)
      31.5 MB / 168.3 MB ( 18.7%)
      31.5 MB / 168.3 MB ( 18.7%)
      31.5 MB / 168.3 MB ( 18.7%)
      31.5 MB / 168.3 MB ( 18.7%)
      31.5 MB / 168.3 MB ( 18.7%)
      31.5 MB / 168.3 MB ( 18.7%)
      31.5 MB / 168.3 MB ( 18.7%)
      31.5 MB / 168.3 MB ( 18.7%)
      31.5 MB / 168.3 MB ( 18.7%)
      31.5 MB / 168.3 MB ( 18.7%)
      31.5 MB / 168.3 MB ( 18.7%)
      31.6 MB / 168.3 MB ( 18.8%)
      31.6 MB / 168.3 MB ( 18.8%)
      31.6 MB / 168.3 MB ( 18.8%)
      31.6 MB / 168.3 MB ( 18.8%)
      31.6 MB / 168.3 MB ( 18.8%)
      31.6 MB / 168.3 MB ( 18.8%)
      31.6 MB / 168.3 MB ( 18.8%)
      31.6 MB / 168.3 MB ( 18.8%)
      31.6 MB / 168.3 MB ( 18.8%)
      31.6 MB / 168.3 MB ( 18.8%)
      31.6 MB / 168.3 MB ( 18.8%)
      31.6 MB / 168.3 MB ( 18.8%)
      31.7 MB / 168.3 MB ( 18.8%)
      31.7 MB / 168.3 MB ( 18.8%)
      31.7 MB / 168.3 MB ( 18.8%)
      31.7 MB / 168.3 MB ( 18.8%)
      31.7 MB / 168.3 MB ( 18.8%)
      31.7 MB / 168.3 MB ( 18.8%)
      31.7 MB / 168.3 MB ( 18.8%)
      31.7 MB / 168.3 MB ( 18.8%)
      31.7 MB / 168.3 MB ( 18.8%)
      31.7 MB / 168.3 MB ( 18.9%)
      31.7 MB / 168.3 MB ( 18.9%)
      31.7 MB / 168.3 MB ( 18.9%)
      31.8 MB / 168.3 MB ( 18.9%)
      31.8 MB / 168.3 MB ( 18.9%)
      31.8 MB / 168.3 MB ( 18.9%)
      31.8 MB / 168.3 MB ( 18.9%)
      31.8 MB / 168.3 MB ( 18.9%)
      31.8 MB / 168.3 MB ( 18.9%)
      31.8 MB / 168.3 MB ( 18.9%)
      31.8 MB / 168.3 MB ( 18.9%)
      31.8 MB / 168.3 MB ( 18.9%)
      31.8 MB / 168.3 MB ( 18.9%)
      31.8 MB / 168.3 MB ( 18.9%)
      31.8 MB / 168.3 MB ( 18.9%)
      31.9 MB / 168.3 MB ( 18.9%)
      31.9 MB / 168.3 MB ( 18.9%)
      31.9 MB / 168.3 MB ( 18.9%)
      31.9 MB / 168.3 MB ( 18.9%)
      31.9 MB / 168.3 MB ( 18.9%)
      31.9 MB / 168.3 MB ( 19.0%)
      31.9 MB / 168.3 MB ( 19.0%)
      31.9 MB / 168.3 MB ( 19.0%)
      31.9 MB / 168.3 MB ( 19.0%)
      31.9 MB / 168.3 MB ( 19.0%)
      31.9 MB / 168.3 MB ( 19.0%)
      31.9 MB / 168.3 MB ( 19.0%)
      31.9 MB / 168.3 MB ( 19.0%)
      32.0 MB / 168.3 MB ( 19.0%)
      32.0 MB / 168.3 MB ( 19.0%)
      32.0 MB / 168.3 MB ( 19.0%)
      32.0 MB / 168.3 MB ( 19.0%)
      32.0 MB / 168.3 MB ( 19.0%)
      32.0 MB / 168.3 MB ( 19.0%)
      32.0 MB / 168.3 MB ( 19.0%)
      32.0 MB / 168.3 MB ( 19.0%)
      32.0 MB / 168.3 MB ( 19.0%)
      32.0 MB / 168.3 MB ( 19.0%)
      32.0 MB / 168.3 MB ( 19.0%)
      32.0 MB / 168.3 MB ( 19.0%)
      32.1 MB / 168.3 MB ( 19.0%)
      32.1 MB / 168.3 MB ( 19.1%)
      32.1 MB / 168.3 MB ( 19.1%)
      32.1 MB / 168.3 MB ( 19.1%)
      32.1 MB / 168.3 MB ( 19.1%)
      32.1 MB / 168.3 MB ( 19.1%)
      32.1 MB / 168.3 MB ( 19.1%)
      32.1 MB / 168.3 MB ( 19.1%)
      32.1 MB / 168.3 MB ( 19.1%)
      32.1 MB / 168.3 MB ( 19.1%)
      32.1 MB / 168.3 MB ( 19.1%)
      32.1 MB / 168.3 MB ( 19.1%)
      32.2 MB / 168.3 MB ( 19.1%)
      32.2 MB / 168.3 MB ( 19.1%)
      32.2 MB / 168.3 MB ( 19.1%)
      32.2 MB / 168.3 MB ( 19.1%)
      32.2 MB / 168.3 MB ( 19.1%)
      32.2 MB / 168.3 MB ( 19.1%)
      32.2 MB / 168.3 MB ( 19.1%)
      32.2 MB / 168.3 MB ( 19.1%)
      32.2 MB / 168.3 MB ( 19.1%)
      32.2 MB / 168.3 MB ( 19.2%)
      32.2 MB / 168.3 MB ( 19.2%)
      32.2 MB / 168.3 MB ( 19.2%)
      32.3 MB / 168.3 MB ( 19.2%)
      32.3 MB / 168.3 MB ( 19.2%)
      32.3 MB / 168.3 MB ( 19.2%)
      32.3 MB / 168.3 MB ( 19.2%)
      32.3 MB / 168.3 MB ( 19.2%)
      32.3 MB / 168.3 MB ( 19.2%)
      32.3 MB / 168.3 MB ( 19.2%)
      32.3 MB / 168.3 MB ( 19.2%)
      32.3 MB / 168.3 MB ( 19.2%)
      32.3 MB / 168.3 MB ( 19.2%)
      32.3 MB / 168.3 MB ( 19.2%)
      32.3 MB / 168.3 MB ( 19.2%)
      32.4 MB / 168.3 MB ( 19.2%)
      32.4 MB / 168.3 MB ( 19.2%)
      32.4 MB / 168.3 MB ( 19.2%)
      32.4 MB / 168.3 MB ( 19.2%)
      32.4 MB / 168.3 MB ( 19.2%)
      32.4 MB / 168.3 MB ( 19.2%)
      32.4 MB / 168.3 MB ( 19.3%)
      32.4 MB / 168.3 MB ( 19.3%)
      32.4 MB / 168.3 MB ( 19.3%)
      32.4 MB / 168.3 MB ( 19.3%)
      32.4 MB / 168.3 MB ( 19.3%)
      32.4 MB / 168.3 MB ( 19.3%)
      32.4 MB / 168.3 MB ( 19.3%)
      32.5 MB / 168.3 MB ( 19.3%)
      32.5 MB / 168.3 MB ( 19.3%)
      32.5 MB / 168.3 MB ( 19.3%)
      32.5 MB / 168.3 MB ( 19.3%)
      32.5 MB / 168.3 MB ( 19.3%)
      32.5 MB / 168.3 MB ( 19.3%)
      32.5 MB / 168.3 MB ( 19.3%)
      32.5 MB / 168.3 MB ( 19.3%)
      32.5 MB / 168.3 MB ( 19.3%)
      32.5 MB / 168.3 MB ( 19.3%)
      32.5 MB / 168.3 MB ( 19.3%)
      32.5 MB / 168.3 MB ( 19.3%)
      32.6 MB / 168.3 MB ( 19.3%)
      32.6 MB / 168.3 MB ( 19.4%)
      32.6 MB / 168.3 MB ( 19.4%)
      32.6 MB / 168.3 MB ( 19.4%)
      32.6 MB / 168.3 MB ( 19.4%)
      32.6 MB / 168.3 MB ( 19.4%)
      32.6 MB / 168.3 MB ( 19.4%)
      32.6 MB / 168.3 MB ( 19.4%)
      32.6 MB / 168.3 MB ( 19.4%)
      32.6 MB / 168.3 MB ( 19.4%)
      32.6 MB / 168.3 MB ( 19.4%)
      32.6 MB / 168.3 MB ( 19.4%)
      32.7 MB / 168.3 MB ( 19.4%)
      32.7 MB / 168.3 MB ( 19.4%)
      32.7 MB / 168.3 MB ( 19.4%)
      32.7 MB / 168.3 MB ( 19.4%)
      32.7 MB / 168.3 MB ( 19.4%)
      32.7 MB / 168.3 MB ( 19.4%)
      32.7 MB / 168.3 MB ( 19.4%)
      32.7 MB / 168.3 MB ( 19.4%)
      32.7 MB / 168.3 MB ( 19.4%)
      32.7 MB / 168.3 MB ( 19.4%)
      32.7 MB / 168.3 MB ( 19.5%)
      32.7 MB / 168.3 MB ( 19.5%)
      32.8 MB / 168.3 MB ( 19.5%)
      32.8 MB / 168.3 MB ( 19.5%)
      32.8 MB / 168.3 MB ( 19.5%)
      32.8 MB / 168.3 MB ( 19.5%)
      32.8 MB / 168.3 MB ( 19.5%)
      32.8 MB / 168.3 MB ( 19.5%)
      32.8 MB / 168.3 MB ( 19.5%)
      32.8 MB / 168.3 MB ( 19.5%)
      32.8 MB / 168.3 MB ( 19.5%)
      32.8 MB / 168.3 MB ( 19.5%)
      32.8 MB / 168.3 MB ( 19.5%)
      32.8 MB / 168.3 MB ( 19.5%)
      32.8 MB / 168.3 MB ( 19.5%)
      32.9 MB / 168.3 MB ( 19.5%)
      32.9 MB / 168.3 MB ( 19.5%)
      32.9 MB / 168.3 MB ( 19.5%)
      32.9 MB / 168.3 MB ( 19.5%)
      32.9 MB / 168.3 MB ( 19.5%)
      32.9 MB / 168.3 MB ( 19.6%)
      32.9 MB / 168.3 MB ( 19.6%)
      32.9 MB / 168.3 MB ( 19.6%)
      32.9 MB / 168.3 MB ( 19.6%)
      32.9 MB / 168.3 MB ( 19.6%)
      32.9 MB / 168.3 MB ( 19.6%)
      32.9 MB / 168.3 MB ( 19.6%)
      33.0 MB / 168.3 MB ( 19.6%)
      33.0 MB / 168.3 MB ( 19.6%)
      33.0 MB / 168.3 MB ( 19.6%)
      33.0 MB / 168.3 MB ( 19.6%)
      33.0 MB / 168.3 MB ( 19.6%)
      33.0 MB / 168.3 MB ( 19.6%)
      33.0 MB / 168.3 MB ( 19.6%)
      33.0 MB / 168.3 MB ( 19.6%)
      33.0 MB / 168.3 MB ( 19.6%)
      33.0 MB / 168.3 MB ( 19.6%)
      33.0 MB / 168.3 MB ( 19.6%)
      33.0 MB / 168.3 MB ( 19.6%)
      33.1 MB / 168.3 MB ( 19.6%)
      33.1 MB / 168.3 MB ( 19.6%)
      33.1 MB / 168.3 MB ( 19.7%)
      33.1 MB / 168.3 MB ( 19.7%)
      33.1 MB / 168.3 MB ( 19.7%)
      33.1 MB / 168.3 MB ( 19.7%)
      33.1 MB / 168.3 MB ( 19.7%)
      33.1 MB / 168.3 MB ( 19.7%)
      33.1 MB / 168.3 MB ( 19.7%)
      33.1 MB / 168.3 MB ( 19.7%)
      33.1 MB / 168.3 MB ( 19.7%)
      33.1 MB / 168.3 MB ( 19.7%)
      33.2 MB / 168.3 MB ( 19.7%)
      33.2 MB / 168.3 MB ( 19.7%)
      33.2 MB / 168.3 MB ( 19.7%)
      33.2 MB / 168.3 MB ( 19.7%)
      33.2 MB / 168.3 MB ( 19.7%)
      33.2 MB / 168.3 MB ( 19.7%)
      33.2 MB / 168.3 MB ( 19.7%)
      33.2 MB / 168.3 MB ( 19.7%)
      33.2 MB / 168.3 MB ( 19.7%)
      33.2 MB / 168.3 MB ( 19.7%)
      33.2 MB / 168.3 MB ( 19.7%)
      33.2 MB / 168.3 MB ( 19.8%)
      33.3 MB / 168.3 MB ( 19.8%)
      33.3 MB / 168.3 MB ( 19.8%)
      33.3 MB / 168.3 MB ( 19.8%)
      33.3 MB / 168.3 MB ( 19.8%)
      33.3 MB / 168.3 MB ( 19.8%)
      33.3 MB / 168.3 MB ( 19.8%)
      33.3 MB / 168.3 MB ( 19.8%)
      33.3 MB / 168.3 MB ( 19.8%)
      33.3 MB / 168.3 MB ( 19.8%)
      33.3 MB / 168.3 MB ( 19.8%)
      33.3 MB / 168.3 MB ( 19.8%)
      33.3 MB / 168.3 MB ( 19.8%)
      33.3 MB / 168.3 MB ( 19.8%)
      33.4 MB / 168.3 MB ( 19.8%)
      33.4 MB / 168.3 MB ( 19.8%)
      33.4 MB / 168.3 MB ( 19.8%)
      33.4 MB / 168.3 MB ( 19.8%)
      33.4 MB / 168.3 MB ( 19.8%)
      33.4 MB / 168.3 MB ( 19.8%)
      33.4 MB / 168.3 MB ( 19.9%)
      33.4 MB / 168.3 MB ( 19.9%)
      33.4 MB / 168.3 MB ( 19.9%)
      33.4 MB / 168.3 MB ( 19.9%)
      33.4 MB / 168.3 MB ( 19.9%)
      33.4 MB / 168.3 MB ( 19.9%)
      33.5 MB / 168.3 MB ( 19.9%)
      33.5 MB / 168.3 MB ( 19.9%)
      33.5 MB / 168.3 MB ( 19.9%)
      33.5 MB / 168.3 MB ( 19.9%)
      33.5 MB / 168.3 MB ( 19.9%)
      33.5 MB / 168.3 MB ( 19.9%)
      33.5 MB / 168.3 MB ( 19.9%)
      33.5 MB / 168.3 MB ( 19.9%)
      33.5 MB / 168.3 MB ( 19.9%)
      33.5 MB / 168.3 MB ( 19.9%)
      33.5 MB / 168.3 MB ( 19.9%)
      33.5 MB / 168.3 MB ( 19.9%)
      33.6 MB / 168.3 MB ( 19.9%)
      33.6 MB / 168.3 MB ( 19.9%)
      33.6 MB / 168.3 MB ( 19.9%)
      33.6 MB / 168.3 MB ( 20.0%)
      33.6 MB / 168.3 MB ( 20.0%)
      33.6 MB / 168.3 MB ( 20.0%)
      33.6 MB / 168.3 MB ( 20.0%)
      33.6 MB / 168.3 MB ( 20.0%)
      33.6 MB / 168.3 MB ( 20.0%)
      33.6 MB / 168.3 MB ( 20.0%)
      33.6 MB / 168.3 MB ( 20.0%)
      33.6 MB / 168.3 MB ( 20.0%)
      33.7 MB / 168.3 MB ( 20.0%)
      33.7 MB / 168.3 MB ( 20.0%)
      33.7 MB / 168.3 MB ( 20.0%)
      33.7 MB / 168.3 MB ( 20.0%)
      33.7 MB / 168.3 MB ( 20.0%)
      33.7 MB / 168.3 MB ( 20.0%)
      33.7 MB / 168.3 MB ( 20.0%)
      33.7 MB / 168.3 MB ( 20.0%)
      33.7 MB / 168.3 MB ( 20.0%)
      33.7 MB / 168.3 MB ( 20.0%)
      33.7 MB / 168.3 MB ( 20.0%)
      33.7 MB / 168.3 MB ( 20.1%)
      33.8 MB / 168.3 MB ( 20.1%)
      33.8 MB / 168.3 MB ( 20.1%)
      33.8 MB / 168.3 MB ( 20.1%)
      33.8 MB / 168.3 MB ( 20.1%)
      33.8 MB / 168.3 MB ( 20.1%)
      33.8 MB / 168.3 MB ( 20.1%)
      33.8 MB / 168.3 MB ( 20.1%)
      33.8 MB / 168.3 MB ( 20.1%)
      33.8 MB / 168.3 MB ( 20.1%)
      33.8 MB / 168.3 MB ( 20.1%)
      33.8 MB / 168.3 MB ( 20.1%)
      33.8 MB / 168.3 MB ( 20.1%)
      33.8 MB / 168.3 MB ( 20.1%)
      33.9 MB / 168.3 MB ( 20.1%)
      33.9 MB / 168.3 MB ( 20.1%)
      33.9 MB / 168.3 MB ( 20.1%)
      33.9 MB / 168.3 MB ( 20.1%)
      33.9 MB / 168.3 MB ( 20.1%)
      33.9 MB / 168.3 MB ( 20.1%)
      33.9 MB / 168.3 MB ( 20.1%)
      33.9 MB / 168.3 MB ( 20.2%)
      33.9 MB / 168.3 MB ( 20.2%)
      33.9 MB / 168.3 MB ( 20.2%)
      33.9 MB / 168.3 MB ( 20.2%)
      33.9 MB / 168.3 MB ( 20.2%)
      34.0 MB / 168.3 MB ( 20.2%)
      34.0 MB / 168.3 MB ( 20.2%)
      34.0 MB / 168.3 MB ( 20.2%)
      34.0 MB / 168.3 MB ( 20.2%)
      34.0 MB / 168.3 MB ( 20.2%)
      34.0 MB / 168.3 MB ( 20.2%)
      34.0 MB / 168.3 MB ( 20.2%)
      34.0 MB / 168.3 MB ( 20.2%)
      34.0 MB / 168.3 MB ( 20.2%)
      34.0 MB / 168.3 MB ( 20.2%)
      34.0 MB / 168.3 MB ( 20.2%)
      34.0 MB / 168.3 MB ( 20.2%)
      34.1 MB / 168.3 MB ( 20.2%)
      34.1 MB / 168.3 MB ( 20.2%)
      34.1 MB / 168.3 MB ( 20.2%)
      34.1 MB / 168.3 MB ( 20.3%)
      34.1 MB / 168.3 MB ( 20.3%)
      34.1 MB / 168.3 MB ( 20.3%)
      34.1 MB / 168.3 MB ( 20.3%)
      34.1 MB / 168.3 MB ( 20.3%)
      34.1 MB / 168.3 MB ( 20.3%)
      34.1 MB / 168.3 MB ( 20.3%)
      34.1 MB / 168.3 MB ( 20.3%)
      34.1 MB / 168.3 MB ( 20.3%)
      34.2 MB / 168.3 MB ( 20.3%)
      34.2 MB / 168.3 MB ( 20.3%)
      34.2 MB / 168.3 MB ( 20.3%)
      34.2 MB / 168.3 MB ( 20.3%)
      34.2 MB / 168.3 MB ( 20.3%)
      34.2 MB / 168.3 MB ( 20.3%)
      34.2 MB / 168.3 MB ( 20.3%)
      34.2 MB / 168.3 MB ( 20.3%)
      34.2 MB / 168.3 MB ( 20.3%)
      34.2 MB / 168.3 MB ( 20.3%)
      34.2 MB / 168.3 MB ( 20.3%)
      34.2 MB / 168.3 MB ( 20.3%)
      34.3 MB / 168.3 MB ( 20.4%)
      34.3 MB / 168.3 MB ( 20.4%)
      34.3 MB / 168.3 MB ( 20.4%)
      34.3 MB / 168.3 MB ( 20.4%)
      34.3 MB / 168.3 MB ( 20.4%)
      34.3 MB / 168.3 MB ( 20.4%)
      34.3 MB / 168.3 MB ( 20.4%)
      34.3 MB / 168.3 MB ( 20.4%)
      34.3 MB / 168.3 MB ( 20.4%)
      34.3 MB / 168.3 MB ( 20.4%)
      34.3 MB / 168.3 MB ( 20.4%)
      34.3 MB / 168.3 MB ( 20.4%)
      34.3 MB / 168.3 MB ( 20.4%)
      34.4 MB / 168.3 MB ( 20.4%)
      34.4 MB / 168.3 MB ( 20.4%)
      34.4 MB / 168.3 MB ( 20.4%)
      34.4 MB / 168.3 MB ( 20.4%)
      34.4 MB / 168.3 MB ( 20.4%)
      34.4 MB / 168.3 MB ( 20.4%)
      34.4 MB / 168.3 MB ( 20.4%)
      34.4 MB / 168.3 MB ( 20.5%)
      34.4 MB / 168.3 MB ( 20.5%)
      34.4 MB / 168.3 MB ( 20.5%)
      34.4 MB / 168.3 MB ( 20.5%)
      34.4 MB / 168.3 MB ( 20.5%)
      34.5 MB / 168.3 MB ( 20.5%)
      34.5 MB / 168.3 MB ( 20.5%)
      34.5 MB / 168.3 MB ( 20.5%)
      34.5 MB / 168.3 MB ( 20.5%)
      34.5 MB / 168.3 MB ( 20.5%)
      34.5 MB / 168.3 MB ( 20.5%)
      34.5 MB / 168.3 MB ( 20.5%)
      34.5 MB / 168.3 MB ( 20.5%)
      34.5 MB / 168.3 MB ( 20.5%)
      34.5 MB / 168.3 MB ( 20.5%)
      34.5 MB / 168.3 MB ( 20.5%)
      34.5 MB / 168.3 MB ( 20.5%)
      34.6 MB / 168.3 MB ( 20.5%)
      34.6 MB / 168.3 MB ( 20.5%)
      34.6 MB / 168.3 MB ( 20.5%)
      34.6 MB / 168.3 MB ( 20.5%)
      34.6 MB / 168.3 MB ( 20.6%)
      34.6 MB / 168.3 MB ( 20.6%)
      34.6 MB / 168.3 MB ( 20.6%)
      34.6 MB / 168.3 MB ( 20.6%)
      34.6 MB / 168.3 MB ( 20.6%)
      34.6 MB / 168.3 MB ( 20.6%)
      34.6 MB / 168.3 MB ( 20.6%)
      34.6 MB / 168.3 MB ( 20.6%)
      34.7 MB / 168.3 MB ( 20.6%)
      34.7 MB / 168.3 MB ( 20.6%)
      34.7 MB / 168.3 MB ( 20.6%)
      34.7 MB / 168.3 MB ( 20.6%)
      34.7 MB / 168.3 MB ( 20.6%)
      34.7 MB / 168.3 MB ( 20.6%)
      34.7 MB / 168.3 MB ( 20.6%)
      34.7 MB / 168.3 MB ( 20.6%)
      34.7 MB / 168.3 MB ( 20.6%)
      34.7 MB / 168.3 MB ( 20.6%)
      34.7 MB / 168.3 MB ( 20.6%)
      34.7 MB / 168.3 MB ( 20.6%)
      34.8 MB / 168.3 MB ( 20.7%)
      34.8 MB / 168.3 MB ( 20.7%)
      34.8 MB / 168.3 MB ( 20.7%)
      34.8 MB / 168.3 MB ( 20.7%)
      34.8 MB / 168.3 MB ( 20.7%)
      34.8 MB / 168.3 MB ( 20.7%)
      34.8 MB / 168.3 MB ( 20.7%)
      34.8 MB / 168.3 MB ( 20.7%)
      34.8 MB / 168.3 MB ( 20.7%)
      34.8 MB / 168.3 MB ( 20.7%)
      34.8 MB / 168.3 MB ( 20.7%)
      34.8 MB / 168.3 MB ( 20.7%)
      34.8 MB / 168.3 MB ( 20.7%)
      34.9 MB / 168.3 MB ( 20.7%)
      34.9 MB / 168.3 MB ( 20.7%)
      34.9 MB / 168.3 MB ( 20.7%)
      34.9 MB / 168.3 MB ( 20.7%)
      34.9 MB / 168.3 MB ( 20.7%)
      34.9 MB / 168.3 MB ( 20.7%)
      34.9 MB / 168.3 MB ( 20.7%)
      34.9 MB / 168.3 MB ( 20.7%)
      34.9 MB / 168.3 MB ( 20.8%)
      34.9 MB / 168.3 MB ( 20.8%)
      34.9 MB / 168.3 MB ( 20.8%)
      34.9 MB / 168.3 MB ( 20.8%)
      35.0 MB / 168.3 MB ( 20.8%)
      35.0 MB / 168.3 MB ( 20.8%)
      35.0 MB / 168.3 MB ( 20.8%)
      35.0 MB / 168.3 MB ( 20.8%)
      35.0 MB / 168.3 MB ( 20.8%)
      35.0 MB / 168.3 MB ( 20.8%)
      35.0 MB / 168.3 MB ( 20.8%)
      35.0 MB / 168.3 MB ( 20.8%)
      35.0 MB / 168.3 MB ( 20.8%)
      35.0 MB / 168.3 MB ( 20.8%)
      35.0 MB / 168.3 MB ( 20.8%)
      35.0 MB / 168.3 MB ( 20.8%)
      35.1 MB / 168.3 MB ( 20.8%)
      35.1 MB / 168.3 MB ( 20.8%)
      35.1 MB / 168.3 MB ( 20.8%)
      35.1 MB / 168.3 MB ( 20.8%)
      35.1 MB / 168.3 MB ( 20.8%)
      35.1 MB / 168.3 MB ( 20.9%)
      35.1 MB / 168.3 MB ( 20.9%)
      35.1 MB / 168.3 MB ( 20.9%)
      35.1 MB / 168.3 MB ( 20.9%)
      35.1 MB / 168.3 MB ( 20.9%)
      35.1 MB / 168.3 MB ( 20.9%)
      35.1 MB / 168.3 MB ( 20.9%)
      35.2 MB / 168.3 MB ( 20.9%)
      35.2 MB / 168.3 MB ( 20.9%)
      35.2 MB / 168.3 MB ( 20.9%)
      35.2 MB / 168.3 MB ( 20.9%)
      35.2 MB / 168.3 MB ( 20.9%)
      35.2 MB / 168.3 MB ( 20.9%)
      35.2 MB / 168.3 MB ( 20.9%)
      35.2 MB / 168.3 MB ( 20.9%)
      35.2 MB / 168.3 MB ( 20.9%)
      35.2 MB / 168.3 MB ( 20.9%)
      35.2 MB / 168.3 MB ( 20.9%)
      35.2 MB / 168.3 MB ( 20.9%)
      35.3 MB / 168.3 MB ( 20.9%)
      35.3 MB / 168.3 MB ( 21.0%)
      35.3 MB / 168.3 MB ( 21.0%)
      35.3 MB / 168.3 MB ( 21.0%)
      35.3 MB / 168.3 MB ( 21.0%)
      35.3 MB / 168.3 MB ( 21.0%)
      35.3 MB / 168.3 MB ( 21.0%)
      35.3 MB / 168.3 MB ( 21.0%)
      35.3 MB / 168.3 MB ( 21.0%)
      35.3 MB / 168.3 MB ( 21.0%)
      35.3 MB / 168.3 MB ( 21.0%)
      35.3 MB / 168.3 MB ( 21.0%)
      35.3 MB / 168.3 MB ( 21.0%)
      35.4 MB / 168.3 MB ( 21.0%)
      35.4 MB / 168.3 MB ( 21.0%)
      35.4 MB / 168.3 MB ( 21.0%)
      35.4 MB / 168.3 MB ( 21.0%)
      35.4 MB / 168.3 MB ( 21.0%)
      35.4 MB / 168.3 MB ( 21.0%)
      35.4 MB / 168.3 MB ( 21.0%)
      35.4 MB / 168.3 MB ( 21.0%)
      35.4 MB / 168.3 MB ( 21.0%)
      35.4 MB / 168.3 MB ( 21.1%)
      35.4 MB / 168.3 MB ( 21.1%)
      35.4 MB / 168.3 MB ( 21.1%)
      35.5 MB / 168.3 MB ( 21.1%)
      35.5 MB / 168.3 MB ( 21.1%)
      35.5 MB / 168.3 MB ( 21.1%)
      35.5 MB / 168.3 MB ( 21.1%)
      35.5 MB / 168.3 MB ( 21.1%)
      35.5 MB / 168.3 MB ( 21.1%)
      35.5 MB / 168.3 MB ( 21.1%)
      35.5 MB / 168.3 MB ( 21.1%)
      35.5 MB / 168.3 MB ( 21.1%)
      35.5 MB / 168.3 MB ( 21.1%)
      35.5 MB / 168.3 MB ( 21.1%)
      35.5 MB / 168.3 MB ( 21.1%)
      35.6 MB / 168.3 MB ( 21.1%)
      35.6 MB / 168.3 MB ( 21.1%)
      35.6 MB / 168.3 MB ( 21.1%)
      35.6 MB / 168.3 MB ( 21.1%)
      35.6 MB / 168.3 MB ( 21.1%)
      35.6 MB / 168.3 MB ( 21.2%)
      35.6 MB / 168.3 MB ( 21.2%)
      35.6 MB / 168.3 MB ( 21.2%)
      35.6 MB / 168.3 MB ( 21.2%)
      35.6 MB / 168.3 MB ( 21.2%)
      35.6 MB / 168.3 MB ( 21.2%)
      35.6 MB / 168.3 MB ( 21.2%)
      35.7 MB / 168.3 MB ( 21.2%)
      35.7 MB / 168.3 MB ( 21.2%)
      35.7 MB / 168.3 MB ( 21.2%)
      35.7 MB / 168.3 MB ( 21.2%)
      35.7 MB / 168.3 MB ( 21.2%)
      35.7 MB / 168.3 MB ( 21.2%)
      35.7 MB / 168.3 MB ( 21.2%)
      35.7 MB / 168.3 MB ( 21.2%)
      35.7 MB / 168.3 MB ( 21.2%)
      35.7 MB / 168.3 MB ( 21.2%)
      35.7 MB / 168.3 MB ( 21.2%)
      35.7 MB / 168.3 MB ( 21.2%)
      35.7 MB / 168.3 MB ( 21.2%)
      35.8 MB / 168.3 MB ( 21.2%)
      35.8 MB / 168.3 MB ( 21.3%)
      35.8 MB / 168.3 MB ( 21.3%)
      35.8 MB / 168.3 MB ( 21.3%)
      35.8 MB / 168.3 MB ( 21.3%)
      35.8 MB / 168.3 MB ( 21.3%)
      35.8 MB / 168.3 MB ( 21.3%)
      35.8 MB / 168.3 MB ( 21.3%)
      35.8 MB / 168.3 MB ( 21.3%)
      35.8 MB / 168.3 MB ( 21.3%)
      35.8 MB / 168.3 MB ( 21.3%)
      35.8 MB / 168.3 MB ( 21.3%)
      35.9 MB / 168.3 MB ( 21.3%)
      35.9 MB / 168.3 MB ( 21.3%)
      35.9 MB / 168.3 MB ( 21.3%)
      35.9 MB / 168.3 MB ( 21.3%)
      35.9 MB / 168.3 MB ( 21.3%)
      35.9 MB / 168.3 MB ( 21.3%)
      35.9 MB / 168.3 MB ( 21.3%)
      35.9 MB / 168.3 MB ( 21.3%)
      35.9 MB / 168.3 MB ( 21.3%)
      35.9 MB / 168.3 MB ( 21.4%)
      35.9 MB / 168.3 MB ( 21.4%)
      35.9 MB / 168.3 MB ( 21.4%)
      36.0 MB / 168.3 MB ( 21.4%)
      36.0 MB / 168.3 MB ( 21.4%)
      36.0 MB / 168.3 MB ( 21.4%)
      36.0 MB / 168.3 MB ( 21.4%)
      36.0 MB / 168.3 MB ( 21.4%)
      36.0 MB / 168.3 MB ( 21.4%)
      36.0 MB / 168.3 MB ( 21.4%)
      36.0 MB / 168.3 MB ( 21.4%)
      36.0 MB / 168.3 MB ( 21.4%)
      36.0 MB / 168.3 MB ( 21.4%)
      36.0 MB / 168.3 MB ( 21.4%)
      36.0 MB / 168.3 MB ( 21.4%)
      36.1 MB / 168.3 MB ( 21.4%)
      36.1 MB / 168.3 MB ( 21.4%)
      36.1 MB / 168.3 MB ( 21.4%)
      36.1 MB / 168.3 MB ( 21.4%)
      36.1 MB / 168.3 MB ( 21.4%)
      36.1 MB / 168.3 MB ( 21.4%)
      36.1 MB / 168.3 MB ( 21.5%)
      36.1 MB / 168.3 MB ( 21.5%)
      36.1 MB / 168.3 MB ( 21.5%)
      36.1 MB / 168.3 MB ( 21.5%)
      36.1 MB / 168.3 MB ( 21.5%)
      36.1 MB / 168.3 MB ( 21.5%)
      36.2 MB / 168.3 MB ( 21.5%)
      36.2 MB / 168.3 MB ( 21.5%)
      36.2 MB / 168.3 MB ( 21.5%)
      36.2 MB / 168.3 MB ( 21.5%)
      36.2 MB / 168.3 MB ( 21.5%)
      36.2 MB / 168.3 MB ( 21.5%)
      36.2 MB / 168.3 MB ( 21.5%)
      36.2 MB / 168.3 MB ( 21.5%)
      36.2 MB / 168.3 MB ( 21.5%)
      36.2 MB / 168.3 MB ( 21.5%)
      36.2 MB / 168.3 MB ( 21.5%)
      36.2 MB / 168.3 MB ( 21.5%)
      36.2 MB / 168.3 MB ( 21.5%)
      36.3 MB / 168.3 MB ( 21.5%)
      36.3 MB / 168.3 MB ( 21.6%)
      36.3 MB / 168.3 MB ( 21.6%)
      36.3 MB / 168.3 MB ( 21.6%)
      36.3 MB / 168.3 MB ( 21.6%)
      36.3 MB / 168.3 MB ( 21.6%)
      36.3 MB / 168.3 MB ( 21.6%)
      36.3 MB / 168.3 MB ( 21.6%)
      36.3 MB / 168.3 MB ( 21.6%)
      36.3 MB / 168.3 MB ( 21.6%)
      36.3 MB / 168.3 MB ( 21.6%)
      36.3 MB / 168.3 MB ( 21.6%)
      36.4 MB / 168.3 MB ( 21.6%)
      36.4 MB / 168.3 MB ( 21.6%)
      36.4 MB / 168.3 MB ( 21.6%)
      36.4 MB / 168.3 MB ( 21.6%)
      36.4 MB / 168.3 MB ( 21.6%)
      36.4 MB / 168.3 MB ( 21.6%)
      36.4 MB / 168.3 MB ( 21.6%)
      36.4 MB / 168.3 MB ( 21.6%)
      36.4 MB / 168.3 MB ( 21.6%)
      36.4 MB / 168.3 MB ( 21.6%)
      36.4 MB / 168.3 MB ( 21.7%)
      36.4 MB / 168.3 MB ( 21.7%)
      36.5 MB / 168.3 MB ( 21.7%)
      36.5 MB / 168.3 MB ( 21.7%)
      36.5 MB / 168.3 MB ( 21.7%)
      36.5 MB / 168.3 MB ( 21.7%)
      36.5 MB / 168.3 MB ( 21.7%)
      36.5 MB / 168.3 MB ( 21.7%)
      36.5 MB / 168.3 MB ( 21.7%)
      36.5 MB / 168.3 MB ( 21.7%)
      36.5 MB / 168.3 MB ( 21.7%)
      36.5 MB / 168.3 MB ( 21.7%)
      36.5 MB / 168.3 MB ( 21.7%)
      36.5 MB / 168.3 MB ( 21.7%)
      36.6 MB / 168.3 MB ( 21.7%)
      36.6 MB / 168.3 MB ( 21.7%)
      36.6 MB / 168.3 MB ( 21.7%)
      36.6 MB / 168.3 MB ( 21.7%)
      36.6 MB / 168.3 MB ( 21.7%)
      36.6 MB / 168.3 MB ( 21.7%)
      36.6 MB / 168.3 MB ( 21.8%)
      36.6 MB / 168.3 MB ( 21.8%)
      36.6 MB / 168.3 MB ( 21.8%)
      36.6 MB / 168.3 MB ( 21.8%)
      36.6 MB / 168.3 MB ( 21.8%)
      36.6 MB / 168.3 MB ( 21.8%)
      36.7 MB / 168.3 MB ( 21.8%)
      36.7 MB / 168.3 MB ( 21.8%)
      36.7 MB / 168.3 MB ( 21.8%)
      36.7 MB / 168.3 MB ( 21.8%)
      36.7 MB / 168.3 MB ( 21.8%)
      36.7 MB / 168.3 MB ( 21.8%)
      36.7 MB / 168.3 MB ( 21.8%)
      36.7 MB / 168.3 MB ( 21.8%)
      36.7 MB / 168.3 MB ( 21.8%)
      36.7 MB / 168.3 MB ( 21.8%)
      36.7 MB / 168.3 MB ( 21.8%)
      36.7 MB / 168.3 MB ( 21.8%)
      36.7 MB / 168.3 MB ( 21.8%)
      36.8 MB / 168.3 MB ( 21.8%)
      36.8 MB / 168.3 MB ( 21.8%)
      36.8 MB / 168.3 MB ( 21.9%)
      36.8 MB / 168.3 MB ( 21.9%)
      36.8 MB / 168.3 MB ( 21.9%)
      36.8 MB / 168.3 MB ( 21.9%)
      36.8 MB / 168.3 MB ( 21.9%)
      36.8 MB / 168.3 MB ( 21.9%)
      36.8 MB / 168.3 MB ( 21.9%)
      36.8 MB / 168.3 MB ( 21.9%)
      36.8 MB / 168.3 MB ( 21.9%)
      36.8 MB / 168.3 MB ( 21.9%)
      36.9 MB / 168.3 MB ( 21.9%)
      36.9 MB / 168.3 MB ( 21.9%)
      36.9 MB / 168.3 MB ( 21.9%)
      36.9 MB / 168.3 MB ( 21.9%)
      36.9 MB / 168.3 MB ( 21.9%)
      36.9 MB / 168.3 MB ( 21.9%)
      36.9 MB / 168.3 MB ( 21.9%)
      36.9 MB / 168.3 MB ( 21.9%)
      36.9 MB / 168.3 MB ( 21.9%)
      36.9 MB / 168.3 MB ( 21.9%)
      36.9 MB / 168.3 MB ( 22.0%)
      36.9 MB / 168.3 MB ( 22.0%)
      37.0 MB / 168.3 MB ( 22.0%)
      37.0 MB / 168.3 MB ( 22.0%)
      37.0 MB / 168.3 MB ( 22.0%)
      37.0 MB / 168.3 MB ( 22.0%)
      37.0 MB / 168.3 MB ( 22.0%)
      37.0 MB / 168.3 MB ( 22.0%)
      37.0 MB / 168.3 MB ( 22.0%)
      37.0 MB / 168.3 MB ( 22.0%)
      37.0 MB / 168.3 MB ( 22.0%)
      37.0 MB / 168.3 MB ( 22.0%)
      37.0 MB / 168.3 MB ( 22.0%)
      37.0 MB / 168.3 MB ( 22.0%)
      37.1 MB / 168.3 MB ( 22.0%)
      37.1 MB / 168.3 MB ( 22.0%)
      37.1 MB / 168.3 MB ( 22.0%)
      37.1 MB / 168.3 MB ( 22.0%)
      37.1 MB / 168.3 MB ( 22.0%)
      37.1 MB / 168.3 MB ( 22.0%)
      37.1 MB / 168.3 MB ( 22.0%)
      37.1 MB / 168.3 MB ( 22.1%)
      37.1 MB / 168.3 MB ( 22.1%)
      37.1 MB / 168.3 MB ( 22.1%)
      37.1 MB / 168.3 MB ( 22.1%)
      37.1 MB / 168.3 MB ( 22.1%)
      37.2 MB / 168.3 MB ( 22.1%)
      37.2 MB / 168.3 MB ( 22.1%)
      37.2 MB / 168.3 MB ( 22.1%)
      37.2 MB / 168.3 MB ( 22.1%)
      37.2 MB / 168.3 MB ( 22.1%)
      37.2 MB / 168.3 MB ( 22.1%)
      37.2 MB / 168.3 MB ( 22.1%)
      37.2 MB / 168.3 MB ( 22.1%)
      37.2 MB / 168.3 MB ( 22.1%)
      37.2 MB / 168.3 MB ( 22.1%)
      37.2 MB / 168.3 MB ( 22.1%)
      37.2 MB / 168.3 MB ( 22.1%)
      37.2 MB / 168.3 MB ( 22.1%)
      37.3 MB / 168.3 MB ( 22.1%)
      37.3 MB / 168.3 MB ( 22.1%)
      37.3 MB / 168.3 MB ( 22.1%)
      37.3 MB / 168.3 MB ( 22.2%)
      37.3 MB / 168.3 MB ( 22.2%)
      37.3 MB / 168.3 MB ( 22.2%)
      37.3 MB / 168.3 MB ( 22.2%)
      37.3 MB / 168.3 MB ( 22.2%)
      37.3 MB / 168.3 MB ( 22.2%)
      37.3 MB / 168.3 MB ( 22.2%)
      37.3 MB / 168.3 MB ( 22.2%)
      37.3 MB / 168.3 MB ( 22.2%)
      37.4 MB / 168.3 MB ( 22.2%)
      37.4 MB / 168.3 MB ( 22.2%)
      37.4 MB / 168.3 MB ( 22.2%)
      37.4 MB / 168.3 MB ( 22.2%)
      37.4 MB / 168.3 MB ( 22.2%)
      37.4 MB / 168.3 MB ( 22.2%)
      37.4 MB / 168.3 MB ( 22.2%)
      37.4 MB / 168.3 MB ( 22.2%)
      37.4 MB / 168.3 MB ( 22.2%)
      37.4 MB / 168.3 MB ( 22.2%)
      37.4 MB / 168.3 MB ( 22.2%)
      37.4 MB / 168.3 MB ( 22.3%)
      37.5 MB / 168.3 MB ( 22.3%)
      37.5 MB / 168.3 MB ( 22.3%)
      37.5 MB / 168.3 MB ( 22.3%)
      37.5 MB / 168.3 MB ( 22.3%)
      37.5 MB / 168.3 MB ( 22.3%)
      37.5 MB / 168.3 MB ( 22.3%)
      37.5 MB / 168.3 MB ( 22.3%)
      37.5 MB / 168.3 MB ( 22.3%)
      37.5 MB / 168.3 MB ( 22.3%)
      37.5 MB / 168.3 MB ( 22.3%)
      37.5 MB / 168.3 MB ( 22.3%)
      37.5 MB / 168.3 MB ( 22.3%)
      37.6 MB / 168.3 MB ( 22.3%)
      37.6 MB / 168.3 MB ( 22.3%)
      37.6 MB / 168.3 MB ( 22.3%)
      37.6 MB / 168.3 MB ( 22.3%)
      37.6 MB / 168.3 MB ( 22.3%)
      37.6 MB / 168.3 MB ( 22.3%)
      37.6 MB / 168.3 MB ( 22.3%)
      37.6 MB / 168.3 MB ( 22.3%)
      37.6 MB / 168.3 MB ( 22.4%)
      37.6 MB / 168.3 MB ( 22.4%)
      37.6 MB / 168.3 MB ( 22.4%)
      37.6 MB / 168.3 MB ( 22.4%)
      37.7 MB / 168.3 MB ( 22.4%)
      37.7 MB / 168.3 MB ( 22.4%)
      37.7 MB / 168.3 MB ( 22.4%)
      37.7 MB / 168.3 MB ( 22.4%)
      37.7 MB / 168.3 MB ( 22.4%)
      37.7 MB / 168.3 MB ( 22.4%)
      37.7 MB / 168.3 MB ( 22.4%)
      37.7 MB / 168.3 MB ( 22.4%)
      37.7 MB / 168.3 MB ( 22.4%)
      37.7 MB / 168.3 MB ( 22.4%)
      37.7 MB / 168.3 MB ( 22.4%)
      37.7 MB / 168.3 MB ( 22.4%)
      37.7 MB / 168.3 MB ( 22.4%)
      37.8 MB / 168.3 MB ( 22.4%)
      37.8 MB / 168.3 MB ( 22.4%)
      37.8 MB / 168.3 MB ( 22.4%)
      37.8 MB / 168.3 MB ( 22.5%)
      37.8 MB / 168.3 MB ( 22.5%)
      37.8 MB / 168.3 MB ( 22.5%)
      37.8 MB / 168.3 MB ( 22.5%)
      37.8 MB / 168.3 MB ( 22.5%)
      37.8 MB / 168.3 MB ( 22.5%)
      37.8 MB / 168.3 MB ( 22.5%)
      37.8 MB / 168.3 MB ( 22.5%)
      37.8 MB / 168.3 MB ( 22.5%)
      37.9 MB / 168.3 MB ( 22.5%)
      37.9 MB / 168.3 MB ( 22.5%)
      37.9 MB / 168.3 MB ( 22.5%)
      37.9 MB / 168.3 MB ( 22.5%)
      37.9 MB / 168.3 MB ( 22.5%)
      37.9 MB / 168.3 MB ( 22.5%)
      37.9 MB / 168.3 MB ( 22.5%)
      37.9 MB / 168.3 MB ( 22.5%)
      37.9 MB / 168.3 MB ( 22.5%)
      37.9 MB / 168.3 MB ( 22.5%)
      37.9 MB / 168.3 MB ( 22.5%)
      37.9 MB / 168.3 MB ( 22.5%)
      38.0 MB / 168.3 MB ( 22.6%)
      38.0 MB / 168.3 MB ( 22.6%)
      38.0 MB / 168.3 MB ( 22.6%)
      38.0 MB / 168.3 MB ( 22.6%)
      38.0 MB / 168.3 MB ( 22.6%)
      38.0 MB / 168.3 MB ( 22.6%)
      38.0 MB / 168.3 MB ( 22.6%)
      38.0 MB / 168.3 MB ( 22.6%)
      38.0 MB / 168.3 MB ( 22.6%)
      38.0 MB / 168.3 MB ( 22.6%)
      38.0 MB / 168.3 MB ( 22.6%)
      38.0 MB / 168.3 MB ( 22.6%)
      38.1 MB / 168.3 MB ( 22.6%)
      38.1 MB / 168.3 MB ( 22.6%)
      38.1 MB / 168.3 MB ( 22.6%)
      38.1 MB / 168.3 MB ( 22.6%)
      38.1 MB / 168.3 MB ( 22.6%)
      38.1 MB / 168.3 MB ( 22.6%)
      38.1 MB / 168.3 MB ( 22.6%)
      38.1 MB / 168.3 MB ( 22.6%)
      38.1 MB / 168.3 MB ( 22.7%)
      38.1 MB / 168.3 MB ( 22.7%)
      38.1 MB / 168.3 MB ( 22.7%)
      38.1 MB / 168.3 MB ( 22.7%)
      38.2 MB / 168.3 MB ( 22.7%)
      38.2 MB / 168.3 MB ( 22.7%)
      38.2 MB / 168.3 MB ( 22.7%)
      38.2 MB / 168.3 MB ( 22.7%)
      38.2 MB / 168.3 MB ( 22.7%)
      38.2 MB / 168.3 MB ( 22.7%)
      38.2 MB / 168.3 MB ( 22.7%)
      38.2 MB / 168.3 MB ( 22.7%)
      38.2 MB / 168.3 MB ( 22.7%)
      38.2 MB / 168.3 MB ( 22.7%)
      38.2 MB / 168.3 MB ( 22.7%)
      38.2 MB / 168.3 MB ( 22.7%)
      38.2 MB / 168.3 MB ( 22.7%)
      38.3 MB / 168.3 MB ( 22.7%)
      38.3 MB / 168.3 MB ( 22.7%)
      38.3 MB / 168.3 MB ( 22.7%)
      38.3 MB / 168.3 MB ( 22.7%)
      38.3 MB / 168.3 MB ( 22.8%)
      38.3 MB / 168.3 MB ( 22.8%)
      38.3 MB / 168.3 MB ( 22.8%)
      38.3 MB / 168.3 MB ( 22.8%)
      38.3 MB / 168.3 MB ( 22.8%)
      38.3 MB / 168.3 MB ( 22.8%)
      38.3 MB / 168.3 MB ( 22.8%)
      38.3 MB / 168.3 MB ( 22.8%)
      38.4 MB / 168.3 MB ( 22.8%)
      38.4 MB / 168.3 MB ( 22.8%)
      38.4 MB / 168.3 MB ( 22.8%)
      38.4 MB / 168.3 MB ( 22.8%)
      38.4 MB / 168.3 MB ( 22.8%)
      38.4 MB / 168.3 MB ( 22.8%)
      38.4 MB / 168.3 MB ( 22.8%)
      38.4 MB / 168.3 MB ( 22.8%)
      38.4 MB / 168.3 MB ( 22.8%)
      38.4 MB / 168.3 MB ( 22.8%)
      38.4 MB / 168.3 MB ( 22.8%)
      38.4 MB / 168.3 MB ( 22.8%)
      38.5 MB / 168.3 MB ( 22.9%)
      38.5 MB / 168.3 MB ( 22.9%)
      38.5 MB / 168.3 MB ( 22.9%)
      38.5 MB / 168.3 MB ( 22.9%)
      38.5 MB / 168.3 MB ( 22.9%)
      38.5 MB / 168.3 MB ( 22.9%)
      38.5 MB / 168.3 MB ( 22.9%)
      38.5 MB / 168.3 MB ( 22.9%)
      38.5 MB / 168.3 MB ( 22.9%)
      38.5 MB / 168.3 MB ( 22.9%)
      38.5 MB / 168.3 MB ( 22.9%)
      38.5 MB / 168.3 MB ( 22.9%)
      38.6 MB / 168.3 MB ( 22.9%)
      38.6 MB / 168.3 MB ( 22.9%)
      38.6 MB / 168.3 MB ( 22.9%)
      38.6 MB / 168.3 MB ( 22.9%)
      38.6 MB / 168.3 MB ( 22.9%)
      38.6 MB / 168.3 MB ( 22.9%)
      38.6 MB / 168.3 MB ( 22.9%)
      38.6 MB / 168.3 MB ( 22.9%)
      38.6 MB / 168.3 MB ( 22.9%)
      38.6 MB / 168.3 MB ( 23.0%)
      38.6 MB / 168.3 MB ( 23.0%)
      38.6 MB / 168.3 MB ( 23.0%)
      38.6 MB / 168.3 MB ( 23.0%)
      38.7 MB / 168.3 MB ( 23.0%)
      38.7 MB / 168.3 MB ( 23.0%)
      38.7 MB / 168.3 MB ( 23.0%)
      38.7 MB / 168.3 MB ( 23.0%)
      38.7 MB / 168.3 MB ( 23.0%)
      38.7 MB / 168.3 MB ( 23.0%)
      38.7 MB / 168.3 MB ( 23.0%)
      38.7 MB / 168.3 MB ( 23.0%)
      38.7 MB / 168.3 MB ( 23.0%)
      38.7 MB / 168.3 MB ( 23.0%)
      38.7 MB / 168.3 MB ( 23.0%)
      38.7 MB / 168.3 MB ( 23.0%)
      38.8 MB / 168.3 MB ( 23.0%)
      38.8 MB / 168.3 MB ( 23.0%)
      38.8 MB / 168.3 MB ( 23.0%)
      38.8 MB / 168.3 MB ( 23.0%)
      38.8 MB / 168.3 MB ( 23.1%)
      38.8 MB / 168.3 MB ( 23.1%)
      38.8 MB / 168.3 MB ( 23.1%)
      38.8 MB / 168.3 MB ( 23.1%)
      38.8 MB / 168.3 MB ( 23.1%)
      38.8 MB / 168.3 MB ( 23.1%)
      38.8 MB / 168.3 MB ( 23.1%)
      38.8 MB / 168.3 MB ( 23.1%)
      38.9 MB / 168.3 MB ( 23.1%)
      38.9 MB / 168.3 MB ( 23.1%)
      38.9 MB / 168.3 MB ( 23.1%)
      38.9 MB / 168.3 MB ( 23.1%)
      38.9 MB / 168.3 MB ( 23.1%)
      38.9 MB / 168.3 MB ( 23.1%)
      38.9 MB / 168.3 MB ( 23.1%)
      38.9 MB / 168.3 MB ( 23.1%)
      38.9 MB / 168.3 MB ( 23.1%)
      38.9 MB / 168.3 MB ( 23.1%)
      38.9 MB / 168.3 MB ( 23.1%)
      38.9 MB / 168.3 MB ( 23.1%)
      39.0 MB / 168.3 MB ( 23.1%)
      39.0 MB / 168.3 MB ( 23.2%)
      39.0 MB / 168.3 MB ( 23.2%)
      39.0 MB / 168.3 MB ( 23.2%)
      39.0 MB / 168.3 MB ( 23.2%)
      39.0 MB / 168.3 MB ( 23.2%)
      39.0 MB / 168.3 MB ( 23.2%)
      39.0 MB / 168.3 MB ( 23.2%)
      39.0 MB / 168.3 MB ( 23.2%)
      39.0 MB / 168.3 MB ( 23.2%)
      39.0 MB / 168.3 MB ( 23.2%)
      39.0 MB / 168.3 MB ( 23.2%)
      39.1 MB / 168.3 MB ( 23.2%)
      39.1 MB / 168.3 MB ( 23.2%)
      39.1 MB / 168.3 MB ( 23.2%)
      39.1 MB / 168.3 MB ( 23.2%)
      39.1 MB / 168.3 MB ( 23.2%)
      39.1 MB / 168.3 MB ( 23.2%)
      39.1 MB / 168.3 MB ( 23.2%)
      39.1 MB / 168.3 MB ( 23.2%)
      39.1 MB / 168.3 MB ( 23.2%)
      39.1 MB / 168.3 MB ( 23.2%)
      39.1 MB / 168.3 MB ( 23.3%)
      39.1 MB / 168.3 MB ( 23.3%)
      39.1 MB / 168.3 MB ( 23.3%)
      39.2 MB / 168.3 MB ( 23.3%)
      39.2 MB / 168.3 MB ( 23.3%)
      39.2 MB / 168.3 MB ( 23.3%)
      39.2 MB / 168.3 MB ( 23.3%)
      39.2 MB / 168.3 MB ( 23.3%)
      39.2 MB / 168.3 MB ( 23.3%)
      39.2 MB / 168.3 MB ( 23.3%)
      39.2 MB / 168.3 MB ( 23.3%)
      39.2 MB / 168.3 MB ( 23.3%)
      39.2 MB / 168.3 MB ( 23.3%)
      39.2 MB / 168.3 MB ( 23.3%)
      39.2 MB / 168.3 MB ( 23.3%)
      39.3 MB / 168.3 MB ( 23.3%)
      39.3 MB / 168.3 MB ( 23.3%)
      39.3 MB / 168.3 MB ( 23.3%)
      39.3 MB / 168.3 MB ( 23.3%)
      39.3 MB / 168.3 MB ( 23.3%)
      39.3 MB / 168.3 MB ( 23.4%)
      39.3 MB / 168.3 MB ( 23.4%)
      39.3 MB / 168.3 MB ( 23.4%)
      39.3 MB / 168.3 MB ( 23.4%)
      39.3 MB / 168.3 MB ( 23.4%)
      39.3 MB / 168.3 MB ( 23.4%)
      39.3 MB / 168.3 MB ( 23.4%)
      39.4 MB / 168.3 MB ( 23.4%)
      39.4 MB / 168.3 MB ( 23.4%)
      39.4 MB / 168.3 MB ( 23.4%)
      39.4 MB / 168.3 MB ( 23.4%)
      39.4 MB / 168.3 MB ( 23.4%)
      39.4 MB / 168.3 MB ( 23.4%)
      39.4 MB / 168.3 MB ( 23.4%)
      39.4 MB / 168.3 MB ( 23.4%)
      39.4 MB / 168.3 MB ( 23.4%)
      39.4 MB / 168.3 MB ( 23.4%)
      39.4 MB / 168.3 MB ( 23.4%)
      39.4 MB / 168.3 MB ( 23.4%)
      39.5 MB / 168.3 MB ( 23.4%)
      39.5 MB / 168.3 MB ( 23.4%)
      39.5 MB / 168.3 MB ( 23.5%)
      39.5 MB / 168.3 MB ( 23.5%)
      39.5 MB / 168.3 MB ( 23.5%)
      39.5 MB / 168.3 MB ( 23.5%)
      39.5 MB / 168.3 MB ( 23.5%)
      39.5 MB / 168.3 MB ( 23.5%)
      39.5 MB / 168.3 MB ( 23.5%)
      39.5 MB / 168.3 MB ( 23.5%)
      39.5 MB / 168.3 MB ( 23.5%)
      39.5 MB / 168.3 MB ( 23.5%)
      39.6 MB / 168.3 MB ( 23.5%)
      39.6 MB / 168.3 MB ( 23.5%)
      39.6 MB / 168.3 MB ( 23.5%)
      39.6 MB / 168.3 MB ( 23.5%)
      39.6 MB / 168.3 MB ( 23.5%)
      39.6 MB / 168.3 MB ( 23.5%)
      39.6 MB / 168.3 MB ( 23.5%)
      39.6 MB / 168.3 MB ( 23.5%)
      39.6 MB / 168.3 MB ( 23.5%)
      39.6 MB / 168.3 MB ( 23.5%)
      39.6 MB / 168.3 MB ( 23.6%)
      39.6 MB / 168.3 MB ( 23.6%)
      39.6 MB / 168.3 MB ( 23.6%)
      39.7 MB / 168.3 MB ( 23.6%)
      39.7 MB / 168.3 MB ( 23.6%)
      39.7 MB / 168.3 MB ( 23.6%)
      39.7 MB / 168.3 MB ( 23.6%)
      39.7 MB / 168.3 MB ( 23.6%)
      39.7 MB / 168.3 MB ( 23.6%)
      39.7 MB / 168.3 MB ( 23.6%)
      39.7 MB / 168.3 MB ( 23.6%)
      39.7 MB / 168.3 MB ( 23.6%)
      39.7 MB / 168.3 MB ( 23.6%)
      39.7 MB / 168.3 MB ( 23.6%)
      39.7 MB / 168.3 MB ( 23.6%)
      39.8 MB / 168.3 MB ( 23.6%)
      39.8 MB / 168.3 MB ( 23.6%)
      39.8 MB / 168.3 MB ( 23.6%)
      39.8 MB / 168.3 MB ( 23.6%)
      39.8 MB / 168.3 MB ( 23.6%)
      39.8 MB / 168.3 MB ( 23.6%)
      39.8 MB / 168.3 MB ( 23.7%)
      39.8 MB / 168.3 MB ( 23.7%)
      39.8 MB / 168.3 MB ( 23.7%)
      39.8 MB / 168.3 MB ( 23.7%)
      39.8 MB / 168.3 MB ( 23.7%)
      39.8 MB / 168.3 MB ( 23.7%)
      39.9 MB / 168.3 MB ( 23.7%)
      39.9 MB / 168.3 MB ( 23.7%)
      39.9 MB / 168.3 MB ( 23.7%)
      39.9 MB / 168.3 MB ( 23.7%)
      39.9 MB / 168.3 MB ( 23.7%)
      39.9 MB / 168.3 MB ( 23.7%)
      39.9 MB / 168.3 MB ( 23.7%)
      39.9 MB / 168.3 MB ( 23.7%)
      39.9 MB / 168.3 MB ( 23.7%)
      39.9 MB / 168.3 MB ( 23.7%)
      39.9 MB / 168.3 MB ( 23.7%)
      39.9 MB / 168.3 MB ( 23.7%)
      40.0 MB / 168.3 MB ( 23.7%)
      40.0 MB / 168.3 MB ( 23.7%)
      40.0 MB / 168.3 MB ( 23.8%)
      40.0 MB / 168.3 MB ( 23.8%)
      40.0 MB / 168.3 MB ( 23.8%)
      40.0 MB / 168.3 MB ( 23.8%)
      40.0 MB / 168.3 MB ( 23.8%)
      40.0 MB / 168.3 MB ( 23.8%)
      40.0 MB / 168.3 MB ( 23.8%)
      40.0 MB / 168.3 MB ( 23.8%)
      40.0 MB / 168.3 MB ( 23.8%)
      40.0 MB / 168.3 MB ( 23.8%)
      40.1 MB / 168.3 MB ( 23.8%)
      40.1 MB / 168.3 MB ( 23.8%)
      40.1 MB / 168.3 MB ( 23.8%)
      40.1 MB / 168.3 MB ( 23.8%)
      40.1 MB / 168.3 MB ( 23.8%)
      40.1 MB / 168.3 MB ( 23.8%)
      40.1 MB / 168.3 MB ( 23.8%)
      40.1 MB / 168.3 MB ( 23.8%)
      40.1 MB / 168.3 MB ( 23.8%)
      40.1 MB / 168.3 MB ( 23.8%)
      40.1 MB / 168.3 MB ( 23.8%)
      40.1 MB / 168.3 MB ( 23.9%)
      40.1 MB / 168.3 MB ( 23.9%)
      40.2 MB / 168.3 MB ( 23.9%)
      40.2 MB / 168.3 MB ( 23.9%)
      40.2 MB / 168.3 MB ( 23.9%)
      40.2 MB / 168.3 MB ( 23.9%)
      40.2 MB / 168.3 MB ( 23.9%)
      40.2 MB / 168.3 MB ( 23.9%)
      40.2 MB / 168.3 MB ( 23.9%)
      40.2 MB / 168.3 MB ( 23.9%)
      40.2 MB / 168.3 MB ( 23.9%)
      40.2 MB / 168.3 MB ( 23.9%)
      40.2 MB / 168.3 MB ( 23.9%)
      40.2 MB / 168.3 MB ( 23.9%)
      40.3 MB / 168.3 MB ( 23.9%)
      40.3 MB / 168.3 MB ( 23.9%)
      40.3 MB / 168.3 MB ( 23.9%)
      40.3 MB / 168.3 MB ( 23.9%)
      40.3 MB / 168.3 MB ( 23.9%)
      40.3 MB / 168.3 MB ( 23.9%)
      40.3 MB / 168.3 MB ( 24.0%)
      40.3 MB / 168.3 MB ( 24.0%)
      40.3 MB / 168.3 MB ( 24.0%)
      40.3 MB / 168.3 MB ( 24.0%)
      40.3 MB / 168.3 MB ( 24.0%)
      40.3 MB / 168.3 MB ( 24.0%)
      40.4 MB / 168.3 MB ( 24.0%)
      40.4 MB / 168.3 MB ( 24.0%)
      40.4 MB / 168.3 MB ( 24.0%)
      40.4 MB / 168.3 MB ( 24.0%)
      40.4 MB / 168.3 MB ( 24.0%)
      40.4 MB / 168.3 MB ( 24.0%)
      40.4 MB / 168.3 MB ( 24.0%)
      40.4 MB / 168.3 MB ( 24.0%)
      40.4 MB / 168.3 MB ( 24.0%)
      40.4 MB / 168.3 MB ( 24.0%)
      40.4 MB / 168.3 MB ( 24.0%)
      40.4 MB / 168.3 MB ( 24.0%)
      40.5 MB / 168.3 MB ( 24.0%)
      40.5 MB / 168.3 MB ( 24.0%)
      40.5 MB / 168.3 MB ( 24.0%)
      40.5 MB / 168.3 MB ( 24.1%)
      40.5 MB / 168.3 MB ( 24.1%)
      40.5 MB / 168.3 MB ( 24.1%)
      40.5 MB / 168.3 MB ( 24.1%)
      40.5 MB / 168.3 MB ( 24.1%)
      40.5 MB / 168.3 MB ( 24.1%)
      40.5 MB / 168.3 MB ( 24.1%)
      40.5 MB / 168.3 MB ( 24.1%)
      40.5 MB / 168.3 MB ( 24.1%)
      40.6 MB / 168.3 MB ( 24.1%)
      40.6 MB / 168.3 MB ( 24.1%)
      40.6 MB / 168.3 MB ( 24.1%)
      40.6 MB / 168.3 MB ( 24.1%)
      40.6 MB / 168.3 MB ( 24.1%)
      40.6 MB / 168.3 MB ( 24.1%)
      40.6 MB / 168.3 MB ( 24.1%)
      40.6 MB / 168.3 MB ( 24.1%)
      40.6 MB / 168.3 MB ( 24.1%)
      40.6 MB / 168.3 MB ( 24.1%)
      40.6 MB / 168.3 MB ( 24.1%)
      40.6 MB / 168.3 MB ( 24.2%)
      40.6 MB / 168.3 MB ( 24.2%)
      40.7 MB / 168.3 MB ( 24.2%)
      40.7 MB / 168.3 MB ( 24.2%)
      40.7 MB / 168.3 MB ( 24.2%)
      40.7 MB / 168.3 MB ( 24.2%)
      40.7 MB / 168.3 MB ( 24.2%)
      40.7 MB / 168.3 MB ( 24.2%)
      40.7 MB / 168.3 MB ( 24.2%)
      40.7 MB / 168.3 MB ( 24.2%)
      40.7 MB / 168.3 MB ( 24.2%)
      40.7 MB / 168.3 MB ( 24.2%)
      40.7 MB / 168.3 MB ( 24.2%)
      40.7 MB / 168.3 MB ( 24.2%)
      40.8 MB / 168.3 MB ( 24.2%)
      40.8 MB / 168.3 MB ( 24.2%)
      40.8 MB / 168.3 MB ( 24.2%)
      40.8 MB / 168.3 MB ( 24.2%)
      40.8 MB / 168.3 MB ( 24.2%)
      40.8 MB / 168.3 MB ( 24.2%)
      40.8 MB / 168.3 MB ( 24.2%)
      40.8 MB / 168.3 MB ( 24.3%)
      40.8 MB / 168.3 MB ( 24.3%)
      40.8 MB / 168.3 MB ( 24.3%)
      40.8 MB / 168.3 MB ( 24.3%)
      40.8 MB / 168.3 MB ( 24.3%)
      40.9 MB / 168.3 MB ( 24.3%)
      40.9 MB / 168.3 MB ( 24.3%)
      40.9 MB / 168.3 MB ( 24.3%)
      40.9 MB / 168.3 MB ( 24.3%)
      40.9 MB / 168.3 MB ( 24.3%)
      40.9 MB / 168.3 MB ( 24.3%)
      40.9 MB / 168.3 MB ( 24.3%)
      40.9 MB / 168.3 MB ( 24.3%)
      40.9 MB / 168.3 MB ( 24.3%)
      40.9 MB / 168.3 MB ( 24.3%)
      40.9 MB / 168.3 MB ( 24.3%)
      40.9 MB / 168.3 MB ( 24.3%)
      41.0 MB / 168.3 MB ( 24.3%)
      41.0 MB / 168.3 MB ( 24.3%)
      41.0 MB / 168.3 MB ( 24.3%)
      41.0 MB / 168.3 MB ( 24.4%)
      41.0 MB / 168.3 MB ( 24.4%)
      41.0 MB / 168.3 MB ( 24.4%)
      41.0 MB / 168.3 MB ( 24.4%)
      41.0 MB / 168.3 MB ( 24.4%)
      41.0 MB / 168.3 MB ( 24.4%)
      41.0 MB / 168.3 MB ( 24.4%)
      41.0 MB / 168.3 MB ( 24.4%)
      41.0 MB / 168.3 MB ( 24.4%)
      41.1 MB / 168.3 MB ( 24.4%)
      41.1 MB / 168.3 MB ( 24.4%)
      41.1 MB / 168.3 MB ( 24.4%)
      41.1 MB / 168.3 MB ( 24.4%)
      41.1 MB / 168.3 MB ( 24.4%)
      41.1 MB / 168.3 MB ( 24.4%)
      41.1 MB / 168.3 MB ( 24.4%)
      41.1 MB / 168.3 MB ( 24.4%)
      41.1 MB / 168.3 MB ( 24.4%)
      41.1 MB / 168.3 MB ( 24.4%)
      41.1 MB / 168.3 MB ( 24.4%)
      41.1 MB / 168.3 MB ( 24.4%)
      41.1 MB / 168.3 MB ( 24.5%)
      41.2 MB / 168.3 MB ( 24.5%)
      41.2 MB / 168.3 MB ( 24.5%)
      41.2 MB / 168.3 MB ( 24.5%)
      41.2 MB / 168.3 MB ( 24.5%)
      41.2 MB / 168.3 MB ( 24.5%)
      41.2 MB / 168.3 MB ( 24.5%)
      41.2 MB / 168.3 MB ( 24.5%)
      41.2 MB / 168.3 MB ( 24.5%)
      41.2 MB / 168.3 MB ( 24.5%)
      41.2 MB / 168.3 MB ( 24.5%)
      41.2 MB / 168.3 MB ( 24.5%)
      41.2 MB / 168.3 MB ( 24.5%)
      41.3 MB / 168.3 MB ( 24.5%)
      41.3 MB / 168.3 MB ( 24.5%)
      41.3 MB / 168.3 MB ( 24.5%)
      41.3 MB / 168.3 MB ( 24.5%)
      41.3 MB / 168.3 MB ( 24.5%)
      41.3 MB / 168.3 MB ( 24.5%)
      41.3 MB / 168.3 MB ( 24.5%)
      41.3 MB / 168.3 MB ( 24.5%)
      41.3 MB / 168.3 MB ( 24.6%)
      41.3 MB / 168.3 MB ( 24.6%)
      41.3 MB / 168.3 MB ( 24.6%)
      41.3 MB / 168.3 MB ( 24.6%)
      41.4 MB / 168.3 MB ( 24.6%)
      41.4 MB / 168.3 MB ( 24.6%)
      41.4 MB / 168.3 MB ( 24.6%)
      41.4 MB / 168.3 MB ( 24.6%)
      41.4 MB / 168.3 MB ( 24.6%)
      41.4 MB / 168.3 MB ( 24.6%)
      41.4 MB / 168.3 MB ( 24.6%)
      41.4 MB / 168.3 MB ( 24.6%)
      41.4 MB / 168.3 MB ( 24.6%)
      41.4 MB / 168.3 MB ( 24.6%)
      41.4 MB / 168.3 MB ( 24.6%)
      41.4 MB / 168.3 MB ( 24.6%)
      41.5 MB / 168.3 MB ( 24.6%)
      41.5 MB / 168.3 MB ( 24.6%)
      41.5 MB / 168.3 MB ( 24.6%)
      41.5 MB / 168.3 MB ( 24.6%)
      41.5 MB / 168.3 MB ( 24.7%)
      41.5 MB / 168.3 MB ( 24.7%)
      41.5 MB / 168.3 MB ( 24.7%)
      41.5 MB / 168.3 MB ( 24.7%)
      41.5 MB / 168.3 MB ( 24.7%)
      41.5 MB / 168.3 MB ( 24.7%)
      41.5 MB / 168.3 MB ( 24.7%)
      41.5 MB / 168.3 MB ( 24.7%)
      41.5 MB / 168.3 MB ( 24.7%)
      41.6 MB / 168.3 MB ( 24.7%)
      41.6 MB / 168.3 MB ( 24.7%)
      41.6 MB / 168.3 MB ( 24.7%)
      41.6 MB / 168.3 MB ( 24.7%)
      41.6 MB / 168.3 MB ( 24.7%)
      41.6 MB / 168.3 MB ( 24.7%)
      41.6 MB / 168.3 MB ( 24.7%)
      41.6 MB / 168.3 MB ( 24.7%)
      41.6 MB / 168.3 MB ( 24.7%)
      41.6 MB / 168.3 MB ( 24.7%)
      41.6 MB / 168.3 MB ( 24.7%)
      41.6 MB / 168.3 MB ( 24.7%)
      41.7 MB / 168.3 MB ( 24.8%)
      41.7 MB / 168.3 MB ( 24.8%)
      41.7 MB / 168.3 MB ( 24.8%)
      41.7 MB / 168.3 MB ( 24.8%)
      41.7 MB / 168.3 MB ( 24.8%)
      41.7 MB / 168.3 MB ( 24.8%)
      41.7 MB / 168.3 MB ( 24.8%)
      41.7 MB / 168.3 MB ( 24.8%)
      41.7 MB / 168.3 MB ( 24.8%)
      41.7 MB / 168.3 MB ( 24.8%)
      41.7 MB / 168.3 MB ( 24.8%)
      41.7 MB / 168.3 MB ( 24.8%)
      41.8 MB / 168.3 MB ( 24.8%)
      41.8 MB / 168.3 MB ( 24.8%)
      41.8 MB / 168.3 MB ( 24.8%)
      41.8 MB / 168.3 MB ( 24.8%)
      41.8 MB / 168.3 MB ( 24.8%)
      41.8 MB / 168.3 MB ( 24.8%)
      41.8 MB / 168.3 MB ( 24.8%)
      41.8 MB / 168.3 MB ( 24.8%)
      41.8 MB / 168.3 MB ( 24.9%)
      41.8 MB / 168.3 MB ( 24.9%)
      41.8 MB / 168.3 MB ( 24.9%)
      41.8 MB / 168.3 MB ( 24.9%)
      41.9 MB / 168.3 MB ( 24.9%)
      41.9 MB / 168.3 MB ( 24.9%)
      41.9 MB / 168.3 MB ( 24.9%)
      41.9 MB / 168.3 MB ( 24.9%)
      41.9 MB / 168.3 MB ( 24.9%)
      41.9 MB / 168.3 MB ( 24.9%)
      41.9 MB / 168.3 MB ( 24.9%)
      41.9 MB / 168.3 MB ( 24.9%)
      41.9 MB / 168.3 MB ( 24.9%)
      41.9 MB / 168.3 MB ( 24.9%)
      41.9 MB / 168.3 MB ( 24.9%)
      41.9 MB / 168.3 MB ( 24.9%)
      42.0 MB / 168.3 MB ( 24.9%)
      42.0 MB / 168.3 MB ( 24.9%)
      42.0 MB / 168.3 MB ( 24.9%)
      42.0 MB / 168.3 MB ( 24.9%)
      42.0 MB / 168.3 MB ( 24.9%)
      42.0 MB / 168.3 MB ( 25.0%)
      42.0 MB / 168.3 MB ( 25.0%)
      42.0 MB / 168.3 MB ( 25.0%)
      42.0 MB / 168.3 MB ( 25.0%)
      42.0 MB / 168.3 MB ( 25.0%)
      42.0 MB / 168.3 MB ( 25.0%)
      42.0 MB / 168.3 MB ( 25.0%)
      42.0 MB / 168.3 MB ( 25.0%)
      42.1 MB / 168.3 MB ( 25.0%)
      42.1 MB / 168.3 MB ( 25.0%)
      42.1 MB / 168.3 MB ( 25.0%)
      42.1 MB / 168.3 MB ( 25.0%)
      42.1 MB / 168.3 MB ( 25.0%)
      42.1 MB / 168.3 MB ( 25.0%)
      42.1 MB / 168.3 MB ( 25.0%)
      42.1 MB / 168.3 MB ( 25.0%)
      42.1 MB / 168.3 MB ( 25.0%)
      42.1 MB / 168.3 MB ( 25.0%)
      42.1 MB / 168.3 MB ( 25.0%)
      42.1 MB / 168.3 MB ( 25.0%)
      42.2 MB / 168.3 MB ( 25.1%)
      42.2 MB / 168.3 MB ( 25.1%)
      42.2 MB / 168.3 MB ( 25.1%)
      42.2 MB / 168.3 MB ( 25.1%)
      42.2 MB / 168.3 MB ( 25.1%)
      42.2 MB / 168.3 MB ( 25.1%)
      42.2 MB / 168.3 MB ( 25.1%)
      42.2 MB / 168.3 MB ( 25.1%)
      42.2 MB / 168.3 MB ( 25.1%)
      42.2 MB / 168.3 MB ( 25.1%)
      42.2 MB / 168.3 MB ( 25.1%)
      42.2 MB / 168.3 MB ( 25.1%)
      42.3 MB / 168.3 MB ( 25.1%)
      42.3 MB / 168.3 MB ( 25.1%)
      42.3 MB / 168.3 MB ( 25.1%)
      42.3 MB / 168.3 MB ( 25.1%)
      42.3 MB / 168.3 MB ( 25.1%)
      42.3 MB / 168.3 MB ( 25.1%)
      42.3 MB / 168.3 MB ( 25.1%)
      42.3 MB / 168.3 MB ( 25.1%)
      42.3 MB / 168.3 MB ( 25.1%)
      42.3 MB / 168.3 MB ( 25.2%)
      42.3 MB / 168.3 MB ( 25.2%)
      42.3 MB / 168.3 MB ( 25.2%)
      42.4 MB / 168.3 MB ( 25.2%)
      42.4 MB / 168.3 MB ( 25.2%)
      42.4 MB / 168.3 MB ( 25.2%)
      42.4 MB / 168.3 MB ( 25.2%)
      42.4 MB / 168.3 MB ( 25.2%)
      42.4 MB / 168.3 MB ( 25.2%)
      42.4 MB / 168.3 MB ( 25.2%)
      42.4 MB / 168.3 MB ( 25.2%)
      42.4 MB / 168.3 MB ( 25.2%)
      42.4 MB / 168.3 MB ( 25.2%)
      42.4 MB / 168.3 MB ( 25.2%)
      42.4 MB / 168.3 MB ( 25.2%)
      42.5 MB / 168.3 MB ( 25.2%)
      42.5 MB / 168.3 MB ( 25.2%)
      42.5 MB / 168.3 MB ( 25.2%)
      42.5 MB / 168.3 MB ( 25.2%)
      42.5 MB / 168.3 MB ( 25.2%)
      42.5 MB / 168.3 MB ( 25.3%)
      42.5 MB / 168.3 MB ( 25.3%)
      42.5 MB / 168.3 MB ( 25.3%)
      42.5 MB / 168.3 MB ( 25.3%)
      42.5 MB / 168.3 MB ( 25.3%)
      42.5 MB / 168.3 MB ( 25.3%)
      42.5 MB / 168.3 MB ( 25.3%)
      42.5 MB / 168.3 MB ( 25.3%)
      42.6 MB / 168.3 MB ( 25.3%)
      42.6 MB / 168.3 MB ( 25.3%)
      42.6 MB / 168.3 MB ( 25.3%)
      42.6 MB / 168.3 MB ( 25.3%)
      42.6 MB / 168.3 MB ( 25.3%)
      42.6 MB / 168.3 MB ( 25.3%)
      42.6 MB / 168.3 MB ( 25.3%)
      42.6 MB / 168.3 MB ( 25.3%)
      42.6 MB / 168.3 MB ( 25.3%)
      42.6 MB / 168.3 MB ( 25.3%)
      42.6 MB / 168.3 MB ( 25.3%)
      42.6 MB / 168.3 MB ( 25.3%)
      42.7 MB / 168.3 MB ( 25.3%)
      42.7 MB / 168.3 MB ( 25.4%)
      42.7 MB / 168.3 MB ( 25.4%)
      42.7 MB / 168.3 MB ( 25.4%)
      42.7 MB / 168.3 MB ( 25.4%)
      42.7 MB / 168.3 MB ( 25.4%)
      42.7 MB / 168.3 MB ( 25.4%)
      42.7 MB / 168.3 MB ( 25.4%)
      42.7 MB / 168.3 MB ( 25.4%)
      42.7 MB / 168.3 MB ( 25.4%)
      42.7 MB / 168.3 MB ( 25.4%)
      42.7 MB / 168.3 MB ( 25.4%)
      42.8 MB / 168.3 MB ( 25.4%)
      42.8 MB / 168.3 MB ( 25.4%)
      42.8 MB / 168.3 MB ( 25.4%)
      42.8 MB / 168.3 MB ( 25.4%)
      42.8 MB / 168.3 MB ( 25.4%)
      42.8 MB / 168.3 MB ( 25.4%)
      42.8 MB / 168.3 MB ( 25.4%)
      42.8 MB / 168.3 MB ( 25.4%)
      42.8 MB / 168.3 MB ( 25.4%)
      42.8 MB / 168.3 MB ( 25.5%)
      42.8 MB / 168.3 MB ( 25.5%)
      42.8 MB / 168.3 MB ( 25.5%)
      42.9 MB / 168.3 MB ( 25.5%)
      42.9 MB / 168.3 MB ( 25.5%)
      42.9 MB / 168.3 MB ( 25.5%)
      42.9 MB / 168.3 MB ( 25.5%)
      42.9 MB / 168.3 MB ( 25.5%)
      42.9 MB / 168.3 MB ( 25.5%)
      42.9 MB / 168.3 MB ( 25.5%)
      42.9 MB / 168.3 MB ( 25.5%)
      42.9 MB / 168.3 MB ( 25.5%)
      42.9 MB / 168.3 MB ( 25.5%)
      42.9 MB / 168.3 MB ( 25.5%)
      42.9 MB / 168.3 MB ( 25.5%)
      43.0 MB / 168.3 MB ( 25.5%)
      43.0 MB / 168.3 MB ( 25.5%)
      43.0 MB / 168.3 MB ( 25.5%)
      43.0 MB / 168.3 MB ( 25.5%)
      43.0 MB / 168.3 MB ( 25.5%)
      43.0 MB / 168.3 MB ( 25.5%)
      43.0 MB / 168.3 MB ( 25.6%)
      43.0 MB / 168.3 MB ( 25.6%)
      43.0 MB / 168.3 MB ( 25.6%)
      43.0 MB / 168.3 MB ( 25.6%)
      43.0 MB / 168.3 MB ( 25.6%)
      43.0 MB / 168.3 MB ( 25.6%)
      43.0 MB / 168.3 MB ( 25.6%)
      43.1 MB / 168.3 MB ( 25.6%)
      43.1 MB / 168.3 MB ( 25.6%)
      43.1 MB / 168.3 MB ( 25.6%)
      43.1 MB / 168.3 MB ( 25.6%)
      43.1 MB / 168.3 MB ( 25.6%)
      43.1 MB / 168.3 MB ( 25.6%)
      43.1 MB / 168.3 MB ( 25.6%)
      43.1 MB / 168.3 MB ( 25.6%)
      43.1 MB / 168.3 MB ( 25.6%)
      43.1 MB / 168.3 MB ( 25.6%)
      43.1 MB / 168.3 MB ( 25.6%)
      43.1 MB / 168.3 MB ( 25.6%)
      43.2 MB / 168.3 MB ( 25.6%)
      43.2 MB / 168.3 MB ( 25.6%)
      43.2 MB / 168.3 MB ( 25.7%)
      43.2 MB / 168.3 MB ( 25.7%)
      43.2 MB / 168.3 MB ( 25.7%)
      43.2 MB / 168.3 MB ( 25.7%)
      43.2 MB / 168.3 MB ( 25.7%)
      43.2 MB / 168.3 MB ( 25.7%)
      43.2 MB / 168.3 MB ( 25.7%)
      43.2 MB / 168.3 MB ( 25.7%)
      43.2 MB / 168.3 MB ( 25.7%)
      43.2 MB / 168.3 MB ( 25.7%)
      43.3 MB / 168.3 MB ( 25.7%)
      43.3 MB / 168.3 MB ( 25.7%)
      43.3 MB / 168.3 MB ( 25.7%)
      43.3 MB / 168.3 MB ( 25.7%)
      43.3 MB / 168.3 MB ( 25.7%)
      43.3 MB / 168.3 MB ( 25.7%)
      43.3 MB / 168.3 MB ( 25.7%)
      43.3 MB / 168.3 MB ( 25.7%)
      43.3 MB / 168.3 MB ( 25.7%)
      43.3 MB / 168.3 MB ( 25.7%)
      43.3 MB / 168.3 MB ( 25.8%)
      43.3 MB / 168.3 MB ( 25.8%)
      43.4 MB / 168.3 MB ( 25.8%)
      43.4 MB / 168.3 MB ( 25.8%)
      43.4 MB / 168.3 MB ( 25.8%)
      43.4 MB / 168.3 MB ( 25.8%)
      43.4 MB / 168.3 MB ( 25.8%)
      43.4 MB / 168.3 MB ( 25.8%)
      43.4 MB / 168.3 MB ( 25.8%)
      43.4 MB / 168.3 MB ( 25.8%)
      43.4 MB / 168.3 MB ( 25.8%)
      43.4 MB / 168.3 MB ( 25.8%)
      43.4 MB / 168.3 MB ( 25.8%)
      43.4 MB / 168.3 MB ( 25.8%)
      43.5 MB / 168.3 MB ( 25.8%)
      43.5 MB / 168.3 MB ( 25.8%)
      43.5 MB / 168.3 MB ( 25.8%)
      43.5 MB / 168.3 MB ( 25.8%)
      43.5 MB / 168.3 MB ( 25.8%)
      43.5 MB / 168.3 MB ( 25.8%)
      43.5 MB / 168.3 MB ( 25.8%)
      43.5 MB / 168.3 MB ( 25.9%)
      43.5 MB / 168.3 MB ( 25.9%)
      43.5 MB / 168.3 MB ( 25.9%)
      43.5 MB / 168.3 MB ( 25.9%)
      43.5 MB / 168.3 MB ( 25.9%)
      43.5 MB / 168.3 MB ( 25.9%)
      43.6 MB / 168.3 MB ( 25.9%)
      43.6 MB / 168.3 MB ( 25.9%)
      43.6 MB / 168.3 MB ( 25.9%)
      43.6 MB / 168.3 MB ( 25.9%)
      43.6 MB / 168.3 MB ( 25.9%)
      43.6 MB / 168.3 MB ( 25.9%)
      43.6 MB / 168.3 MB ( 25.9%)
      43.6 MB / 168.3 MB ( 25.9%)
      43.6 MB / 168.3 MB ( 25.9%)
      43.6 MB / 168.3 MB ( 25.9%)
      43.6 MB / 168.3 MB ( 25.9%)
      43.6 MB / 168.3 MB ( 25.9%)
      43.7 MB / 168.3 MB ( 25.9%)
      43.7 MB / 168.3 MB ( 25.9%)
      43.7 MB / 168.3 MB ( 26.0%)
      43.7 MB / 168.3 MB ( 26.0%)
      43.7 MB / 168.3 MB ( 26.0%)
      43.7 MB / 168.3 MB ( 26.0%)
      43.7 MB / 168.3 MB ( 26.0%)
      43.7 MB / 168.3 MB ( 26.0%)
      43.7 MB / 168.3 MB ( 26.0%)
      43.7 MB / 168.3 MB ( 26.0%)
      43.7 MB / 168.3 MB ( 26.0%)
      43.7 MB / 168.3 MB ( 26.0%)
      43.8 MB / 168.3 MB ( 26.0%)
      43.8 MB / 168.3 MB ( 26.0%)
      43.8 MB / 168.3 MB ( 26.0%)
      43.8 MB / 168.3 MB ( 26.0%)
      43.8 MB / 168.3 MB ( 26.0%)
      43.8 MB / 168.3 MB ( 26.0%)
      43.8 MB / 168.3 MB ( 26.0%)
      43.8 MB / 168.3 MB ( 26.0%)
      43.8 MB / 168.3 MB ( 26.0%)
      43.8 MB / 168.3 MB ( 26.0%)
      43.8 MB / 168.3 MB ( 26.0%)
      43.8 MB / 168.3 MB ( 26.1%)
      43.9 MB / 168.3 MB ( 26.1%)
      43.9 MB / 168.3 MB ( 26.1%)
      43.9 MB / 168.3 MB ( 26.1%)
      43.9 MB / 168.3 MB ( 26.1%)
      43.9 MB / 168.3 MB ( 26.1%)
      43.9 MB / 168.3 MB ( 26.1%)
      43.9 MB / 168.3 MB ( 26.1%)
      43.9 MB / 168.3 MB ( 26.1%)
      43.9 MB / 168.3 MB ( 26.1%)
      43.9 MB / 168.3 MB ( 26.1%)
      43.9 MB / 168.3 MB ( 26.1%)
      43.9 MB / 168.3 MB ( 26.1%)
      44.0 MB / 168.3 MB ( 26.1%)
      44.0 MB / 168.3 MB ( 26.1%)
      44.0 MB / 168.3 MB ( 26.1%)
      44.0 MB / 168.3 MB ( 26.1%)
      44.0 MB / 168.3 MB ( 26.1%)
      44.0 MB / 168.3 MB ( 26.1%)
      44.0 MB / 168.3 MB ( 26.1%)
      44.0 MB / 168.3 MB ( 26.2%)
      44.0 MB / 168.3 MB ( 26.2%)
      44.0 MB / 168.3 MB ( 26.2%)
      44.0 MB / 168.3 MB ( 26.2%)
      44.0 MB / 168.3 MB ( 26.2%)
      44.0 MB / 168.3 MB ( 26.2%)
      44.1 MB / 168.3 MB ( 26.2%)
      44.1 MB / 168.3 MB ( 26.2%)
      44.1 MB / 168.3 MB ( 26.2%)
      44.1 MB / 168.3 MB ( 26.2%)
      44.1 MB / 168.3 MB ( 26.2%)
      44.1 MB / 168.3 MB ( 26.2%)
      44.1 MB / 168.3 MB ( 26.2%)
      44.1 MB / 168.3 MB ( 26.2%)
      44.1 MB / 168.3 MB ( 26.2%)
      44.1 MB / 168.3 MB ( 26.2%)
      44.1 MB / 168.3 MB ( 26.2%)
      44.1 MB / 168.3 MB ( 26.2%)
      44.2 MB / 168.3 MB ( 26.2%)
      44.2 MB / 168.3 MB ( 26.2%)
      44.2 MB / 168.3 MB ( 26.2%)
      44.2 MB / 168.3 MB ( 26.3%)
      44.2 MB / 168.3 MB ( 26.3%)
      44.2 MB / 168.3 MB ( 26.3%)
      44.2 MB / 168.3 MB ( 26.3%)
      44.2 MB / 168.3 MB ( 26.3%)
      44.2 MB / 168.3 MB ( 26.3%)
      44.2 MB / 168.3 MB ( 26.3%)
      44.2 MB / 168.3 MB ( 26.3%)
      44.2 MB / 168.3 MB ( 26.3%)
      44.3 MB / 168.3 MB ( 26.3%)
      44.3 MB / 168.3 MB ( 26.3%)
      44.3 MB / 168.3 MB ( 26.3%)
      44.3 MB / 168.3 MB ( 26.3%)
      44.3 MB / 168.3 MB ( 26.3%)
      44.3 MB / 168.3 MB ( 26.3%)
      44.3 MB / 168.3 MB ( 26.3%)
      44.3 MB / 168.3 MB ( 26.3%)
      44.3 MB / 168.3 MB ( 26.3%)
      44.3 MB / 168.3 MB ( 26.3%)
      44.3 MB / 168.3 MB ( 26.3%)
      44.3 MB / 168.3 MB ( 26.4%)
      44.4 MB / 168.3 MB ( 26.4%)
      44.4 MB / 168.3 MB ( 26.4%)
      44.4 MB / 168.3 MB ( 26.4%)
      44.4 MB / 168.3 MB ( 26.4%)
      44.4 MB / 168.3 MB ( 26.4%)
      44.4 MB / 168.3 MB ( 26.4%)
      44.4 MB / 168.3 MB ( 26.4%)
      44.4 MB / 168.3 MB ( 26.4%)
      44.4 MB / 168.3 MB ( 26.4%)
      44.4 MB / 168.3 MB ( 26.4%)
      44.4 MB / 168.3 MB ( 26.4%)
      44.4 MB / 168.3 MB ( 26.4%)
      44.4 MB / 168.3 MB ( 26.4%)
      44.5 MB / 168.3 MB ( 26.4%)
      44.5 MB / 168.3 MB ( 26.4%)
      44.5 MB / 168.3 MB ( 26.4%)
      44.5 MB / 168.3 MB ( 26.4%)
      44.5 MB / 168.3 MB ( 26.4%)
      44.5 MB / 168.3 MB ( 26.4%)
      44.5 MB / 168.3 MB ( 26.4%)
      44.5 MB / 168.3 MB ( 26.5%)
      44.5 MB / 168.3 MB ( 26.5%)
      44.5 MB / 168.3 MB ( 26.5%)
      44.5 MB / 168.3 MB ( 26.5%)
      44.5 MB / 168.3 MB ( 26.5%)
      44.6 MB / 168.3 MB ( 26.5%)
      44.6 MB / 168.3 MB ( 26.5%)
      44.6 MB / 168.3 MB ( 26.5%)
      44.6 MB / 168.3 MB ( 26.5%)
      44.6 MB / 168.3 MB ( 26.5%)
      44.6 MB / 168.3 MB ( 26.5%)
      44.6 MB / 168.3 MB ( 26.5%)
      44.6 MB / 168.3 MB ( 26.5%)
      44.6 MB / 168.3 MB ( 26.5%)
      44.6 MB / 168.3 MB ( 26.5%)
      44.6 MB / 168.3 MB ( 26.5%)
      44.6 MB / 168.3 MB ( 26.5%)
      44.7 MB / 168.3 MB ( 26.5%)
      44.7 MB / 168.3 MB ( 26.5%)
      44.7 MB / 168.3 MB ( 26.5%)
      44.7 MB / 168.3 MB ( 26.6%)
      44.7 MB / 168.3 MB ( 26.6%)
      44.7 MB / 168.3 MB ( 26.6%)
      44.7 MB / 168.3 MB ( 26.6%)
      44.7 MB / 168.3 MB ( 26.6%)
      44.7 MB / 168.3 MB ( 26.6%)
      44.7 MB / 168.3 MB ( 26.6%)
      44.7 MB / 168.3 MB ( 26.6%)
      44.7 MB / 168.3 MB ( 26.6%)
      44.8 MB / 168.3 MB ( 26.6%)
      44.8 MB / 168.3 MB ( 26.6%)
      44.8 MB / 168.3 MB ( 26.6%)
      44.8 MB / 168.3 MB ( 26.6%)
      44.8 MB / 168.3 MB ( 26.6%)
      44.8 MB / 168.3 MB ( 26.6%)
      44.8 MB / 168.3 MB ( 26.6%)
      44.8 MB / 168.3 MB ( 26.6%)
      44.8 MB / 168.3 MB ( 26.6%)
      44.8 MB / 168.3 MB ( 26.6%)
      44.8 MB / 168.3 MB ( 26.6%)
      44.8 MB / 168.3 MB ( 26.6%)
      44.9 MB / 168.3 MB ( 26.7%)
      44.9 MB / 168.3 MB ( 26.7%)
      44.9 MB / 168.3 MB ( 26.7%)
      44.9 MB / 168.3 MB ( 26.7%)
      44.9 MB / 168.3 MB ( 26.7%)
      44.9 MB / 168.3 MB ( 26.7%)
      44.9 MB / 168.3 MB ( 26.7%)
      44.9 MB / 168.3 MB ( 26.7%)
      44.9 MB / 168.3 MB ( 26.7%)
      44.9 MB / 168.3 MB ( 26.7%)
      44.9 MB / 168.3 MB ( 26.7%)
      44.9 MB / 168.3 MB ( 26.7%)
      44.9 MB / 168.3 MB ( 26.7%)
      45.0 MB / 168.3 MB ( 26.7%)
      45.0 MB / 168.3 MB ( 26.7%)
      45.0 MB / 168.3 MB ( 26.7%)
      45.0 MB / 168.3 MB ( 26.7%)
      45.0 MB / 168.3 MB ( 26.7%)
      45.0 MB / 168.3 MB ( 26.7%)
      45.0 MB / 168.3 MB ( 26.7%)
      45.0 MB / 168.3 MB ( 26.8%)
      45.0 MB / 168.3 MB ( 26.8%)
      45.0 MB / 168.3 MB ( 26.8%)
      45.0 MB / 168.3 MB ( 26.8%)
      45.0 MB / 168.3 MB ( 26.8%)
      45.1 MB / 168.3 MB ( 26.8%)
      45.1 MB / 168.3 MB ( 26.8%)
      45.1 MB / 168.3 MB ( 26.8%)
      45.1 MB / 168.3 MB ( 26.8%)
      45.1 MB / 168.3 MB ( 26.8%)
      45.1 MB / 168.3 MB ( 26.8%)
      45.1 MB / 168.3 MB ( 26.8%)
      45.1 MB / 168.3 MB ( 26.8%)
      45.1 MB / 168.3 MB ( 26.8%)
      45.1 MB / 168.3 MB ( 26.8%)
      45.1 MB / 168.3 MB ( 26.8%)
      45.1 MB / 168.3 MB ( 26.8%)
      45.2 MB / 168.3 MB ( 26.8%)
      45.2 MB / 168.3 MB ( 26.8%)
      45.2 MB / 168.3 MB ( 26.8%)
      45.2 MB / 168.3 MB ( 26.8%)
      45.2 MB / 168.3 MB ( 26.9%)
      45.2 MB / 168.3 MB ( 26.9%)
      45.2 MB / 168.3 MB ( 26.9%)
      45.2 MB / 168.3 MB ( 26.9%)
      45.2 MB / 168.3 MB ( 26.9%)
      45.2 MB / 168.3 MB ( 26.9%)
      45.2 MB / 168.3 MB ( 26.9%)
      45.2 MB / 168.3 MB ( 26.9%)
      45.3 MB / 168.3 MB ( 26.9%)
      45.3 MB / 168.3 MB ( 26.9%)
      45.3 MB / 168.3 MB ( 26.9%)
      45.3 MB / 168.3 MB ( 26.9%)
      45.3 MB / 168.3 MB ( 26.9%)
      45.3 MB / 168.3 MB ( 26.9%)
      45.3 MB / 168.3 MB ( 26.9%)
      45.3 MB / 168.3 MB ( 26.9%)
      45.3 MB / 168.3 MB ( 26.9%)
      45.3 MB / 168.3 MB ( 26.9%)
      45.3 MB / 168.3 MB ( 26.9%)
      45.3 MB / 168.3 MB ( 26.9%)
      45.4 MB / 168.3 MB ( 26.9%)
      45.4 MB / 168.3 MB ( 27.0%)
      45.4 MB / 168.3 MB ( 27.0%)
      45.4 MB / 168.3 MB ( 27.0%)
      45.4 MB / 168.3 MB ( 27.0%)
      45.4 MB / 168.3 MB ( 27.0%)
      45.4 MB / 168.3 MB ( 27.0%)
      45.4 MB / 168.3 MB ( 27.0%)
      45.4 MB / 168.3 MB ( 27.0%)
      45.4 MB / 168.3 MB ( 27.0%)
      45.4 MB / 168.3 MB ( 27.0%)
      45.4 MB / 168.3 MB ( 27.0%)
      45.4 MB / 168.3 MB ( 27.0%)
      45.5 MB / 168.3 MB ( 27.0%)
      45.5 MB / 168.3 MB ( 27.0%)
      45.5 MB / 168.3 MB ( 27.0%)
      45.5 MB / 168.3 MB ( 27.0%)
      45.5 MB / 168.3 MB ( 27.0%)
      45.5 MB / 168.3 MB ( 27.0%)
      45.5 MB / 168.3 MB ( 27.0%)
      45.5 MB / 168.3 MB ( 27.0%)
      45.5 MB / 168.3 MB ( 27.1%)
      45.5 MB / 168.3 MB ( 27.1%)
      45.5 MB / 168.3 MB ( 27.1%)
      45.5 MB / 168.3 MB ( 27.1%)
      45.6 MB / 168.3 MB ( 27.1%)
      45.6 MB / 168.3 MB ( 27.1%)
      45.6 MB / 168.3 MB ( 27.1%)
      45.6 MB / 168.3 MB ( 27.1%)
      45.6 MB / 168.3 MB ( 27.1%)
      45.6 MB / 168.3 MB ( 27.1%)
      45.6 MB / 168.3 MB ( 27.1%)
      45.6 MB / 168.3 MB ( 27.1%)
      45.6 MB / 168.3 MB ( 27.1%)
      45.6 MB / 168.3 MB ( 27.1%)
      45.6 MB / 168.3 MB ( 27.1%)
      45.6 MB / 168.3 MB ( 27.1%)
      45.7 MB / 168.3 MB ( 27.1%)
      45.7 MB / 168.3 MB ( 27.1%)
      45.7 MB / 168.3 MB ( 27.1%)
      45.7 MB / 168.3 MB ( 27.1%)
      45.7 MB / 168.3 MB ( 27.1%)
      45.7 MB / 168.3 MB ( 27.2%)
      45.7 MB / 168.3 MB ( 27.2%)
      45.7 MB / 168.3 MB ( 27.2%)
      45.7 MB / 168.3 MB ( 27.2%)
      45.7 MB / 168.3 MB ( 27.2%)
      45.7 MB / 168.3 MB ( 27.2%)
      45.7 MB / 168.3 MB ( 27.2%)
      45.8 MB / 168.3 MB ( 27.2%)
      45.8 MB / 168.3 MB ( 27.2%)
      45.8 MB / 168.3 MB ( 27.2%)
      45.8 MB / 168.3 MB ( 27.2%)
      45.8 MB / 168.3 MB ( 27.2%)
      45.8 MB / 168.3 MB ( 27.2%)
      45.8 MB / 168.3 MB ( 27.2%)
      45.8 MB / 168.3 MB ( 27.2%)
      45.8 MB / 168.3 MB ( 27.2%)
      45.8 MB / 168.3 MB ( 27.2%)
      45.8 MB / 168.3 MB ( 27.2%)
      45.8 MB / 168.3 MB ( 27.2%)
      45.9 MB / 168.3 MB ( 27.2%)
      45.9 MB / 168.3 MB ( 27.3%)
      45.9 MB / 168.3 MB ( 27.3%)
      45.9 MB / 168.3 MB ( 27.3%)
      45.9 MB / 168.3 MB ( 27.3%)
      45.9 MB / 168.3 MB ( 27.3%)
      45.9 MB / 168.3 MB ( 27.3%)
      45.9 MB / 168.3 MB ( 27.3%)
      45.9 MB / 168.3 MB ( 27.3%)
      45.9 MB / 168.3 MB ( 27.3%)
      45.9 MB / 168.3 MB ( 27.3%)
      45.9 MB / 168.3 MB ( 27.3%)
      45.9 MB / 168.3 MB ( 27.3%)
      46.0 MB / 168.3 MB ( 27.3%)
      46.0 MB / 168.3 MB ( 27.3%)
      46.0 MB / 168.3 MB ( 27.3%)
      46.0 MB / 168.3 MB ( 27.3%)
      46.0 MB / 168.3 MB ( 27.3%)
      46.0 MB / 168.3 MB ( 27.3%)
      46.0 MB / 168.3 MB ( 27.3%)
      46.0 MB / 168.3 MB ( 27.3%)
      46.0 MB / 168.3 MB ( 27.3%)
      46.0 MB / 168.3 MB ( 27.4%)
      46.0 MB / 168.3 MB ( 27.4%)
      46.0 MB / 168.3 MB ( 27.4%)
      46.1 MB / 168.3 MB ( 27.4%)
      46.1 MB / 168.3 MB ( 27.4%)
      46.1 MB / 168.3 MB ( 27.4%)
      46.1 MB / 168.3 MB ( 27.4%)
      46.1 MB / 168.3 MB ( 27.4%)
      46.1 MB / 168.3 MB ( 27.4%)
      46.1 MB / 168.3 MB ( 27.4%)
      46.1 MB / 168.3 MB ( 27.4%)
      46.1 MB / 168.3 MB ( 27.4%)
      46.1 MB / 168.3 MB ( 27.4%)
      46.1 MB / 168.3 MB ( 27.4%)
      46.1 MB / 168.3 MB ( 27.4%)
      46.2 MB / 168.3 MB ( 27.4%)
      46.2 MB / 168.3 MB ( 27.4%)
      46.2 MB / 168.3 MB ( 27.4%)
      46.2 MB / 168.3 MB ( 27.4%)
      46.2 MB / 168.3 MB ( 27.4%)
      46.2 MB / 168.3 MB ( 27.5%)
      46.2 MB / 168.3 MB ( 27.5%)
      46.2 MB / 168.3 MB ( 27.5%)
      46.2 MB / 168.3 MB ( 27.5%)
      46.2 MB / 168.3 MB ( 27.5%)
      46.2 MB / 168.3 MB ( 27.5%)
      46.2 MB / 168.3 MB ( 27.5%)
      46.3 MB / 168.3 MB ( 27.5%)
      46.3 MB / 168.3 MB ( 27.5%)
      46.3 MB / 168.3 MB ( 27.5%)
      46.3 MB / 168.3 MB ( 27.5%)
      46.3 MB / 168.3 MB ( 27.5%)
      46.3 MB / 168.3 MB ( 27.5%)
      46.3 MB / 168.3 MB ( 27.5%)
      46.3 MB / 168.3 MB ( 27.5%)
      46.3 MB / 168.3 MB ( 27.5%)
      46.3 MB / 168.3 MB ( 27.5%)
      46.3 MB / 168.3 MB ( 27.5%)
      46.3 MB / 168.3 MB ( 27.5%)
      46.4 MB / 168.3 MB ( 27.5%)
      46.4 MB / 168.3 MB ( 27.5%)
      46.4 MB / 168.3 MB ( 27.6%)
      46.4 MB / 168.3 MB ( 27.6%)
      46.4 MB / 168.3 MB ( 27.6%)
      46.4 MB / 168.3 MB ( 27.6%)
      46.4 MB / 168.3 MB ( 27.6%)
      46.4 MB / 168.3 MB ( 27.6%)
      46.4 MB / 168.3 MB ( 27.6%)
      46.4 MB / 168.3 MB ( 27.6%)
      46.4 MB / 168.3 MB ( 27.6%)
      46.4 MB / 168.3 MB ( 27.6%)
      46.4 MB / 168.3 MB ( 27.6%)
      46.5 MB / 168.3 MB ( 27.6%)
      46.5 MB / 168.3 MB ( 27.6%)
      46.5 MB / 168.3 MB ( 27.6%)
      46.5 MB / 168.3 MB ( 27.6%)
      46.5 MB / 168.3 MB ( 27.6%)
      46.5 MB / 168.3 MB ( 27.6%)
      46.5 MB / 168.3 MB ( 27.6%)
      46.5 MB / 168.3 MB ( 27.6%)
      46.5 MB / 168.3 MB ( 27.6%)
      46.5 MB / 168.3 MB ( 27.7%)
      46.5 MB / 168.3 MB ( 27.7%)
      46.5 MB / 168.3 MB ( 27.7%)
      46.6 MB / 168.3 MB ( 27.7%)
      46.6 MB / 168.3 MB ( 27.7%)
      46.6 MB / 168.3 MB ( 27.7%)
      46.6 MB / 168.3 MB ( 27.7%)
      46.6 MB / 168.3 MB ( 27.7%)
      46.6 MB / 168.3 MB ( 27.7%)
      46.6 MB / 168.3 MB ( 27.7%)
      46.6 MB / 168.3 MB ( 27.7%)
      46.6 MB / 168.3 MB ( 27.7%)
      46.6 MB / 168.3 MB ( 27.7%)
      46.6 MB / 168.3 MB ( 27.7%)
      46.6 MB / 168.3 MB ( 27.7%)
      46.7 MB / 168.3 MB ( 27.7%)
      46.7 MB / 168.3 MB ( 27.7%)
      46.7 MB / 168.3 MB ( 27.7%)
      46.7 MB / 168.3 MB ( 27.7%)
      46.7 MB / 168.3 MB ( 27.7%)
      46.7 MB / 168.3 MB ( 27.7%)
      46.7 MB / 168.3 MB ( 27.8%)
      46.7 MB / 168.3 MB ( 27.8%)
      46.7 MB / 168.3 MB ( 27.8%)
      46.7 MB / 168.3 MB ( 27.8%)
      46.7 MB / 168.3 MB ( 27.8%)
      46.7 MB / 168.3 MB ( 27.8%)
      46.8 MB / 168.3 MB ( 27.8%)
      46.8 MB / 168.3 MB ( 27.8%)
      46.8 MB / 168.3 MB ( 27.8%)
      46.8 MB / 168.3 MB ( 27.8%)
      46.8 MB / 168.3 MB ( 27.8%)
      46.8 MB / 168.3 MB ( 27.8%)
      46.8 MB / 168.3 MB ( 27.8%)
      46.8 MB / 168.3 MB ( 27.8%)
      46.8 MB / 168.3 MB ( 27.8%)
      46.8 MB / 168.3 MB ( 27.8%)
      46.8 MB / 168.3 MB ( 27.8%)
      46.8 MB / 168.3 MB ( 27.8%)
      46.9 MB / 168.3 MB ( 27.8%)
      46.9 MB / 168.3 MB ( 27.8%)
      46.9 MB / 168.3 MB ( 27.9%)
      46.9 MB / 168.3 MB ( 27.9%)
      46.9 MB / 168.3 MB ( 27.9%)
      46.9 MB / 168.3 MB ( 27.9%)
      46.9 MB / 168.3 MB ( 27.9%)
      46.9 MB / 168.3 MB ( 27.9%)
      46.9 MB / 168.3 MB ( 27.9%)
      46.9 MB / 168.3 MB ( 27.9%)
      46.9 MB / 168.3 MB ( 27.9%)
      46.9 MB / 168.3 MB ( 27.9%)
      46.9 MB / 168.3 MB ( 27.9%)
      47.0 MB / 168.3 MB ( 27.9%)
      47.0 MB / 168.3 MB ( 27.9%)
      47.0 MB / 168.3 MB ( 27.9%)
      47.0 MB / 168.3 MB ( 27.9%)
      47.0 MB / 168.3 MB ( 27.9%)
      47.0 MB / 168.3 MB ( 27.9%)
      47.0 MB / 168.3 MB ( 27.9%)
      47.0 MB / 168.3 MB ( 27.9%)
      47.0 MB / 168.3 MB ( 27.9%)
      47.0 MB / 168.3 MB ( 27.9%)
      47.0 MB / 168.3 MB ( 28.0%)
      47.0 MB / 168.3 MB ( 28.0%)
      47.1 MB / 168.3 MB ( 28.0%)
      47.1 MB / 168.3 MB ( 28.0%)
      47.1 MB / 168.3 MB ( 28.0%)
      47.1 MB / 168.3 MB ( 28.0%)
      47.1 MB / 168.3 MB ( 28.0%)
      47.1 MB / 168.3 MB ( 28.0%)
      47.1 MB / 168.3 MB ( 28.0%)
      47.1 MB / 168.3 MB ( 28.0%)
      47.1 MB / 168.3 MB ( 28.0%)
      47.1 MB / 168.3 MB ( 28.0%)
      47.1 MB / 168.3 MB ( 28.0%)
      47.1 MB / 168.3 MB ( 28.0%)
      47.2 MB / 168.3 MB ( 28.0%)
      47.2 MB / 168.3 MB ( 28.0%)
      47.2 MB / 168.3 MB ( 28.0%)
      47.2 MB / 168.3 MB ( 28.0%)
      47.2 MB / 168.3 MB ( 28.0%)
      47.2 MB / 168.3 MB ( 28.0%)
      47.2 MB / 168.3 MB ( 28.0%)
      47.2 MB / 168.3 MB ( 28.1%)
      47.2 MB / 168.3 MB ( 28.1%)
      47.2 MB / 168.3 MB ( 28.1%)
      47.2 MB / 168.3 MB ( 28.1%)
      47.2 MB / 168.3 MB ( 28.1%)
      47.3 MB / 168.3 MB ( 28.1%)
      47.3 MB / 168.3 MB ( 28.1%)
      47.3 MB / 168.3 MB ( 28.1%)
      47.3 MB / 168.3 MB ( 28.1%)
      47.3 MB / 168.3 MB ( 28.1%)
      47.3 MB / 168.3 MB ( 28.1%)
      47.3 MB / 168.3 MB ( 28.1%)
      47.3 MB / 168.3 MB ( 28.1%)
      47.3 MB / 168.3 MB ( 28.1%)
      47.3 MB / 168.3 MB ( 28.1%)
      47.3 MB / 168.3 MB ( 28.1%)
      47.3 MB / 168.3 MB ( 28.1%)
      47.3 MB / 168.3 MB ( 28.1%)
      47.4 MB / 168.3 MB ( 28.1%)
      47.4 MB / 168.3 MB ( 28.1%)
      47.4 MB / 168.3 MB ( 28.2%)
      47.4 MB / 168.3 MB ( 28.2%)
      47.4 MB / 168.3 MB ( 28.2%)
      47.4 MB / 168.3 MB ( 28.2%)
      47.4 MB / 168.3 MB ( 28.2%)
      47.4 MB / 168.3 MB ( 28.2%)
      47.4 MB / 168.3 MB ( 28.2%)
      47.4 MB / 168.3 MB ( 28.2%)
      47.4 MB / 168.3 MB ( 28.2%)
      47.4 MB / 168.3 MB ( 28.2%)
      47.5 MB / 168.3 MB ( 28.2%)
      47.5 MB / 168.3 MB ( 28.2%)
      47.5 MB / 168.3 MB ( 28.2%)
      47.5 MB / 168.3 MB ( 28.2%)
      47.5 MB / 168.3 MB ( 28.2%)
      47.5 MB / 168.3 MB ( 28.2%)
      47.5 MB / 168.3 MB ( 28.2%)
      47.5 MB / 168.3 MB ( 28.2%)
      47.5 MB / 168.3 MB ( 28.2%)
      47.5 MB / 168.3 MB ( 28.2%)
      47.5 MB / 168.3 MB ( 28.2%)
      47.5 MB / 168.3 MB ( 28.3%)
      47.6 MB / 168.3 MB ( 28.3%)
      47.6 MB / 168.3 MB ( 28.3%)
      47.6 MB / 168.3 MB ( 28.3%)
      47.6 MB / 168.3 MB ( 28.3%)
      47.6 MB / 168.3 MB ( 28.3%)
      47.6 MB / 168.3 MB ( 28.3%)
      47.6 MB / 168.3 MB ( 28.3%)
      47.6 MB / 168.3 MB ( 28.3%)
      47.6 MB / 168.3 MB ( 28.3%)
      47.6 MB / 168.3 MB ( 28.3%)
      47.6 MB / 168.3 MB ( 28.3%)
      47.6 MB / 168.3 MB ( 28.3%)
      47.7 MB / 168.3 MB ( 28.3%)
      47.7 MB / 168.3 MB ( 28.3%)
      47.7 MB / 168.3 MB ( 28.3%)
      47.7 MB / 168.3 MB ( 28.3%)
      47.7 MB / 168.3 MB ( 28.3%)
      47.7 MB / 168.3 MB ( 28.3%)
      47.7 MB / 168.3 MB ( 28.3%)
      47.7 MB / 168.3 MB ( 28.4%)
      47.7 MB / 168.3 MB ( 28.4%)
      47.7 MB / 168.3 MB ( 28.4%)
      47.7 MB / 168.3 MB ( 28.4%)
      47.7 MB / 168.3 MB ( 28.4%)
      47.8 MB / 168.3 MB ( 28.4%)
      47.8 MB / 168.3 MB ( 28.4%)
      47.8 MB / 168.3 MB ( 28.4%)
      47.8 MB / 168.3 MB ( 28.4%)
      47.8 MB / 168.3 MB ( 28.4%)
      47.8 MB / 168.3 MB ( 28.4%)
      47.8 MB / 168.3 MB ( 28.4%)
      47.8 MB / 168.3 MB ( 28.4%)
      47.8 MB / 168.3 MB ( 28.4%)
      47.8 MB / 168.3 MB ( 28.4%)
      47.8 MB / 168.3 MB ( 28.4%)
      47.8 MB / 168.3 MB ( 28.4%)
      47.8 MB / 168.3 MB ( 28.4%)
      47.9 MB / 168.3 MB ( 28.4%)
      47.9 MB / 168.3 MB ( 28.4%)
      47.9 MB / 168.3 MB ( 28.4%)
      47.9 MB / 168.3 MB ( 28.5%)
      47.9 MB / 168.3 MB ( 28.5%)
      47.9 MB / 168.3 MB ( 28.5%)
      47.9 MB / 168.3 MB ( 28.5%)
      47.9 MB / 168.3 MB ( 28.5%)
      47.9 MB / 168.3 MB ( 28.5%)
      47.9 MB / 168.3 MB ( 28.5%)
      47.9 MB / 168.3 MB ( 28.5%)
      47.9 MB / 168.3 MB ( 28.5%)
      48.0 MB / 168.3 MB ( 28.5%)
      48.0 MB / 168.3 MB ( 28.5%)
      48.0 MB / 168.3 MB ( 28.5%)
      48.0 MB / 168.3 MB ( 28.5%)
      48.0 MB / 168.3 MB ( 28.5%)
      48.0 MB / 168.3 MB ( 28.5%)
      48.0 MB / 168.3 MB ( 28.5%)
      48.0 MB / 168.3 MB ( 28.5%)
      48.0 MB / 168.3 MB ( 28.5%)
      48.0 MB / 168.3 MB ( 28.5%)
      48.0 MB / 168.3 MB ( 28.5%)
      48.0 MB / 168.3 MB ( 28.6%)
      48.1 MB / 168.3 MB ( 28.6%)
      48.1 MB / 168.3 MB ( 28.6%)
      48.1 MB / 168.3 MB ( 28.6%)
      48.1 MB / 168.3 MB ( 28.6%)
      48.1 MB / 168.3 MB ( 28.6%)
      48.1 MB / 168.3 MB ( 28.6%)
      48.1 MB / 168.3 MB ( 28.6%)
      48.1 MB / 168.3 MB ( 28.6%)
      48.1 MB / 168.3 MB ( 28.6%)
      48.1 MB / 168.3 MB ( 28.6%)
      48.1 MB / 168.3 MB ( 28.6%)
      48.1 MB / 168.3 MB ( 28.6%)
      48.2 MB / 168.3 MB ( 28.6%)
      48.2 MB / 168.3 MB ( 28.6%)
      48.2 MB / 168.3 MB ( 28.6%)
      48.2 MB / 168.3 MB ( 28.6%)
      48.2 MB / 168.3 MB ( 28.6%)
      48.2 MB / 168.3 MB ( 28.6%)
      48.2 MB / 168.3 MB ( 28.6%)
      48.2 MB / 168.3 MB ( 28.6%)
      48.2 MB / 168.3 MB ( 28.7%)
      48.2 MB / 168.3 MB ( 28.7%)
      48.2 MB / 168.3 MB ( 28.7%)
      48.2 MB / 168.3 MB ( 28.7%)
      48.3 MB / 168.3 MB ( 28.7%)
      48.3 MB / 168.3 MB ( 28.7%)
      48.3 MB / 168.3 MB ( 28.7%)
      48.3 MB / 168.3 MB ( 28.7%)
      48.3 MB / 168.3 MB ( 28.7%)
      48.3 MB / 168.3 MB ( 28.7%)
      48.3 MB / 168.3 MB ( 28.7%)
      48.3 MB / 168.3 MB ( 28.7%)
      48.3 MB / 168.3 MB ( 28.7%)
      48.3 MB / 168.3 MB ( 28.7%)
      48.3 MB / 168.3 MB ( 28.7%)
      48.3 MB / 168.3 MB ( 28.7%)
      48.3 MB / 168.3 MB ( 28.7%)
      48.4 MB / 168.3 MB ( 28.7%)
      48.4 MB / 168.3 MB ( 28.7%)
      48.4 MB / 168.3 MB ( 28.7%)
      48.4 MB / 168.3 MB ( 28.8%)
      48.4 MB / 168.3 MB ( 28.8%)
      48.4 MB / 168.3 MB ( 28.8%)
      48.4 MB / 168.3 MB ( 28.8%)
      48.4 MB / 168.3 MB ( 28.8%)
      48.4 MB / 168.3 MB ( 28.8%)
      48.4 MB / 168.3 MB ( 28.8%)
      48.4 MB / 168.3 MB ( 28.8%)
      48.4 MB / 168.3 MB ( 28.8%)
      48.5 MB / 168.3 MB ( 28.8%)
      48.5 MB / 168.3 MB ( 28.8%)
      48.5 MB / 168.3 MB ( 28.8%)
      48.5 MB / 168.3 MB ( 28.8%)
      48.5 MB / 168.3 MB ( 28.8%)
      48.5 MB / 168.3 MB ( 28.8%)
      48.5 MB / 168.3 MB ( 28.8%)
      48.5 MB / 168.3 MB ( 28.8%)
      48.5 MB / 168.3 MB ( 28.8%)
      48.5 MB / 168.3 MB ( 28.8%)
      48.5 MB / 168.3 MB ( 28.8%)
      48.5 MB / 168.3 MB ( 28.8%)
      48.6 MB / 168.3 MB ( 28.9%)
      48.6 MB / 168.3 MB ( 28.9%)
      48.6 MB / 168.3 MB ( 28.9%)
      48.6 MB / 168.3 MB ( 28.9%)
      48.6 MB / 168.3 MB ( 28.9%)
      48.6 MB / 168.3 MB ( 28.9%)
      48.6 MB / 168.3 MB ( 28.9%)
      48.6 MB / 168.3 MB ( 28.9%)
      48.6 MB / 168.3 MB ( 28.9%)
      48.6 MB / 168.3 MB ( 28.9%)
      48.6 MB / 168.3 MB ( 28.9%)
      48.6 MB / 168.3 MB ( 28.9%)
      48.7 MB / 168.3 MB ( 28.9%)
      48.7 MB / 168.3 MB ( 28.9%)
      48.7 MB / 168.3 MB ( 28.9%)
      48.7 MB / 168.3 MB ( 28.9%)
      48.7 MB / 168.3 MB ( 28.9%)
      48.7 MB / 168.3 MB ( 28.9%)
      48.7 MB / 168.3 MB ( 28.9%)
      48.7 MB / 168.3 MB ( 28.9%)
      48.7 MB / 168.3 MB ( 29.0%)
      48.7 MB / 168.3 MB ( 29.0%)
      48.7 MB / 168.3 MB ( 29.0%)
      48.7 MB / 168.3 MB ( 29.0%)
      48.8 MB / 168.3 MB ( 29.0%)
      48.8 MB / 168.3 MB ( 29.0%)
      48.8 MB / 168.3 MB ( 29.0%)
      48.8 MB / 168.3 MB ( 29.0%)
      48.8 MB / 168.3 MB ( 29.0%)
      48.8 MB / 168.3 MB ( 29.0%)
      48.8 MB / 168.3 MB ( 29.0%)
      48.8 MB / 168.3 MB ( 29.0%)
      48.8 MB / 168.3 MB ( 29.0%)
      48.8 MB / 168.3 MB ( 29.0%)
      48.8 MB / 168.3 MB ( 29.0%)
      48.8 MB / 168.3 MB ( 29.0%)
      48.8 MB / 168.3 MB ( 29.0%)
      48.9 MB / 168.3 MB ( 29.0%)
      48.9 MB / 168.3 MB ( 29.0%)
      48.9 MB / 168.3 MB ( 29.0%)
      48.9 MB / 168.3 MB ( 29.0%)
      48.9 MB / 168.3 MB ( 29.1%)
      48.9 MB / 168.3 MB ( 29.1%)
      48.9 MB / 168.3 MB ( 29.1%)
      48.9 MB / 168.3 MB ( 29.1%)
      48.9 MB / 168.3 MB ( 29.1%)
      48.9 MB / 168.3 MB ( 29.1%)
      48.9 MB / 168.3 MB ( 29.1%)
      48.9 MB / 168.3 MB ( 29.1%)
      49.0 MB / 168.3 MB ( 29.1%)
      49.0 MB / 168.3 MB ( 29.1%)
      49.0 MB / 168.3 MB ( 29.1%)
      49.0 MB / 168.3 MB ( 29.1%)
      49.0 MB / 168.3 MB ( 29.1%)
      49.0 MB / 168.3 MB ( 29.1%)
      49.0 MB / 168.3 MB ( 29.1%)
      49.0 MB / 168.3 MB ( 29.1%)
      49.0 MB / 168.3 MB ( 29.1%)
      49.0 MB / 168.3 MB ( 29.1%)
      49.0 MB / 168.3 MB ( 29.1%)
      49.0 MB / 168.3 MB ( 29.1%)
      49.1 MB / 168.3 MB ( 29.1%)
      49.1 MB / 168.3 MB ( 29.2%)
      49.1 MB / 168.3 MB ( 29.2%)
      49.1 MB / 168.3 MB ( 29.2%)
      49.1 MB / 168.3 MB ( 29.2%)
      49.1 MB / 168.3 MB ( 29.2%)
      49.1 MB / 168.3 MB ( 29.2%)
      49.1 MB / 168.3 MB ( 29.2%)
      49.1 MB / 168.3 MB ( 29.2%)
      49.1 MB / 168.3 MB ( 29.2%)
      49.1 MB / 168.3 MB ( 29.2%)
      49.1 MB / 168.3 MB ( 29.2%)
      49.2 MB / 168.3 MB ( 29.2%)
      49.2 MB / 168.3 MB ( 29.2%)
      49.2 MB / 168.3 MB ( 29.2%)
      49.2 MB / 168.3 MB ( 29.2%)
      49.2 MB / 168.3 MB ( 29.2%)
      49.2 MB / 168.3 MB ( 29.2%)
      49.2 MB / 168.3 MB ( 29.2%)
      49.2 MB / 168.3 MB ( 29.2%)
      49.2 MB / 168.3 MB ( 29.2%)
      49.2 MB / 168.3 MB ( 29.3%)
      49.2 MB / 168.3 MB ( 29.3%)
      49.2 MB / 168.3 MB ( 29.3%)
      49.3 MB / 168.3 MB ( 29.3%)
      49.3 MB / 168.3 MB ( 29.3%)
      49.3 MB / 168.3 MB ( 29.3%)
      49.3 MB / 168.3 MB ( 29.3%)
      49.3 MB / 168.3 MB ( 29.3%)
      49.3 MB / 168.3 MB ( 29.3%)
      49.3 MB / 168.3 MB ( 29.3%)
      49.3 MB / 168.3 MB ( 29.3%)
      49.3 MB / 168.3 MB ( 29.3%)
      49.3 MB / 168.3 MB ( 29.3%)
      49.3 MB / 168.3 MB ( 29.3%)
      49.3 MB / 168.3 MB ( 29.3%)
      49.3 MB / 168.3 MB ( 29.3%)
      49.4 MB / 168.3 MB ( 29.3%)
      49.4 MB / 168.3 MB ( 29.3%)
      49.4 MB / 168.3 MB ( 29.3%)
      49.4 MB / 168.3 MB ( 29.3%)
      49.4 MB / 168.3 MB ( 29.3%)
      49.4 MB / 168.3 MB ( 29.4%)
      49.4 MB / 168.3 MB ( 29.4%)
      49.4 MB / 168.3 MB ( 29.4%)
      49.4 MB / 168.3 MB ( 29.4%)
      49.4 MB / 168.3 MB ( 29.4%)
      49.4 MB / 168.3 MB ( 29.4%)
      49.4 MB / 168.3 MB ( 29.4%)
      49.5 MB / 168.3 MB ( 29.4%)
      49.5 MB / 168.3 MB ( 29.4%)
      49.5 MB / 168.3 MB ( 29.4%)
      49.5 MB / 168.3 MB ( 29.4%)
      49.5 MB / 168.3 MB ( 29.4%)
      49.5 MB / 168.3 MB ( 29.4%)
      49.5 MB / 168.3 MB ( 29.4%)
      49.5 MB / 168.3 MB ( 29.4%)
      49.5 MB / 168.3 MB ( 29.4%)
      49.5 MB / 168.3 MB ( 29.4%)
      49.5 MB / 168.3 MB ( 29.4%)
      49.5 MB / 168.3 MB ( 29.4%)
      49.6 MB / 168.3 MB ( 29.4%)
      49.6 MB / 168.3 MB ( 29.5%)
      49.6 MB / 168.3 MB ( 29.5%)
      49.6 MB / 168.3 MB ( 29.5%)
      49.6 MB / 168.3 MB ( 29.5%)
      49.6 MB / 168.3 MB ( 29.5%)
      49.6 MB / 168.3 MB ( 29.5%)
      49.6 MB / 168.3 MB ( 29.5%)
      49.6 MB / 168.3 MB ( 29.5%)
      49.6 MB / 168.3 MB ( 29.5%)
      49.6 MB / 168.3 MB ( 29.5%)
      49.6 MB / 168.3 MB ( 29.5%)
      49.7 MB / 168.3 MB ( 29.5%)
      49.7 MB / 168.3 MB ( 29.5%)
      49.7 MB / 168.3 MB ( 29.5%)
      49.7 MB / 168.3 MB ( 29.5%)
      49.7 MB / 168.3 MB ( 29.5%)
      49.7 MB / 168.3 MB ( 29.5%)
      49.7 MB / 168.3 MB ( 29.5%)
      49.7 MB / 168.3 MB ( 29.5%)
      49.7 MB / 168.3 MB ( 29.5%)
      49.7 MB / 168.3 MB ( 29.5%)
      49.7 MB / 168.3 MB ( 29.6%)
      49.7 MB / 168.3 MB ( 29.6%)
      49.8 MB / 168.3 MB ( 29.6%)
      49.8 MB / 168.3 MB ( 29.6%)
      49.8 MB / 168.3 MB ( 29.6%)
      49.8 MB / 168.3 MB ( 29.6%)
      49.8 MB / 168.3 MB ( 29.6%)
      49.8 MB / 168.3 MB ( 29.6%)
      49.8 MB / 168.3 MB ( 29.6%)
      49.8 MB / 168.3 MB ( 29.6%)
      49.8 MB / 168.3 MB ( 29.6%)
      49.8 MB / 168.3 MB ( 29.6%)
      49.8 MB / 168.3 MB ( 29.6%)
      49.8 MB / 168.3 MB ( 29.6%)
      49.8 MB / 168.3 MB ( 29.6%)
      49.9 MB / 168.3 MB ( 29.6%)
      49.9 MB / 168.3 MB ( 29.6%)
      49.9 MB / 168.3 MB ( 29.6%)
      49.9 MB / 168.3 MB ( 29.6%)
      49.9 MB / 168.3 MB ( 29.6%)
      49.9 MB / 168.3 MB ( 29.7%)
      49.9 MB / 168.3 MB ( 29.7%)
      49.9 MB / 168.3 MB ( 29.7%)
      49.9 MB / 168.3 MB ( 29.7%)
      49.9 MB / 168.3 MB ( 29.7%)
      49.9 MB / 168.3 MB ( 29.7%)
      49.9 MB / 168.3 MB ( 29.7%)
      50.0 MB / 168.3 MB ( 29.7%)
      50.0 MB / 168.3 MB ( 29.7%)
      50.0 MB / 168.3 MB ( 29.7%)
      50.0 MB / 168.3 MB ( 29.7%)
      50.0 MB / 168.3 MB ( 29.7%)
      50.0 MB / 168.3 MB ( 29.7%)
      50.0 MB / 168.3 MB ( 29.7%)
      50.0 MB / 168.3 MB ( 29.7%)
      50.0 MB / 168.3 MB ( 29.7%)
      50.0 MB / 168.3 MB ( 29.7%)
      50.0 MB / 168.3 MB ( 29.7%)
      50.0 MB / 168.3 MB ( 29.7%)
      50.1 MB / 168.3 MB ( 29.7%)
      50.1 MB / 168.3 MB ( 29.7%)
      50.1 MB / 168.3 MB ( 29.8%)
      50.1 MB / 168.3 MB ( 29.8%)
      50.1 MB / 168.3 MB ( 29.8%)
      50.1 MB / 168.3 MB ( 29.8%)
      50.1 MB / 168.3 MB ( 29.8%)
      50.1 MB / 168.3 MB ( 29.8%)
      50.1 MB / 168.3 MB ( 29.8%)
      50.1 MB / 168.3 MB ( 29.8%)
      50.1 MB / 168.3 MB ( 29.8%)
      50.1 MB / 168.3 MB ( 29.8%)
      50.2 MB / 168.3 MB ( 29.8%)
      50.2 MB / 168.3 MB ( 29.8%)
      50.2 MB / 168.3 MB ( 29.8%)
      50.2 MB / 168.3 MB ( 29.8%)
      50.2 MB / 168.3 MB ( 29.8%)
      50.2 MB / 168.3 MB ( 29.8%)
      50.2 MB / 168.3 MB ( 29.8%)
      50.2 MB / 168.3 MB ( 29.8%)
      50.2 MB / 168.3 MB ( 29.8%)
      50.2 MB / 168.3 MB ( 29.8%)
      50.2 MB / 168.3 MB ( 29.9%)
      50.2 MB / 168.3 MB ( 29.9%)
      50.2 MB / 168.3 MB ( 29.9%)
      50.3 MB / 168.3 MB ( 29.9%)
      50.3 MB / 168.3 MB ( 29.9%)
      50.3 MB / 168.3 MB ( 29.9%)
      50.3 MB / 168.3 MB ( 29.9%)
      50.3 MB / 168.3 MB ( 29.9%)
      50.3 MB / 168.3 MB ( 29.9%)
      50.3 MB / 168.3 MB ( 29.9%)
      50.3 MB / 168.3 MB ( 29.9%)
      50.3 MB / 168.3 MB ( 29.9%)
      50.3 MB / 168.3 MB ( 29.9%)
      50.3 MB / 168.3 MB ( 29.9%)
      50.3 MB / 168.3 MB ( 29.9%)
      50.4 MB / 168.3 MB ( 29.9%)
      50.4 MB / 168.3 MB ( 29.9%)
      50.4 MB / 168.3 MB ( 29.9%)
      50.4 MB / 168.3 MB ( 29.9%)
      50.4 MB / 168.3 MB ( 29.9%)
      50.4 MB / 168.3 MB ( 29.9%)
      50.4 MB / 168.3 MB ( 30.0%)
      50.4 MB / 168.3 MB ( 30.0%)
      50.4 MB / 168.3 MB ( 30.0%)
      50.4 MB / 168.3 MB ( 30.0%)
      50.4 MB / 168.3 MB ( 30.0%)
      50.4 MB / 168.3 MB ( 30.0%)
      50.5 MB / 168.3 MB ( 30.0%)
      50.5 MB / 168.3 MB ( 30.0%)
      50.5 MB / 168.3 MB ( 30.0%)
      50.5 MB / 168.3 MB ( 30.0%)
      50.5 MB / 168.3 MB ( 30.0%)
      50.5 MB / 168.3 MB ( 30.0%)
      50.5 MB / 168.3 MB ( 30.0%)
      50.5 MB / 168.3 MB ( 30.0%)
      50.5 MB / 168.3 MB ( 30.0%)
      50.5 MB / 168.3 MB ( 30.0%)
      50.5 MB / 168.3 MB ( 30.0%)
      50.5 MB / 168.3 MB ( 30.0%)
      50.6 MB / 168.3 MB ( 30.0%)
      50.6 MB / 168.3 MB ( 30.0%)
      50.6 MB / 168.3 MB ( 30.1%)
      50.6 MB / 168.3 MB ( 30.1%)
      50.6 MB / 168.3 MB ( 30.1%)
      50.6 MB / 168.3 MB ( 30.1%)
      50.6 MB / 168.3 MB ( 30.1%)
      50.6 MB / 168.3 MB ( 30.1%)
      50.6 MB / 168.3 MB ( 30.1%)
      50.6 MB / 168.3 MB ( 30.1%)
      50.6 MB / 168.3 MB ( 30.1%)
      50.6 MB / 168.3 MB ( 30.1%)
      50.7 MB / 168.3 MB ( 30.1%)
      50.7 MB / 168.3 MB ( 30.1%)
      50.7 MB / 168.3 MB ( 30.1%)
      50.7 MB / 168.3 MB ( 30.1%)
      50.7 MB / 168.3 MB ( 30.1%)
      50.7 MB / 168.3 MB ( 30.1%)
      50.7 MB / 168.3 MB ( 30.1%)
      50.7 MB / 168.3 MB ( 30.1%)
      50.7 MB / 168.3 MB ( 30.1%)
      50.7 MB / 168.3 MB ( 30.1%)
      50.7 MB / 168.3 MB ( 30.1%)
      50.7 MB / 168.3 MB ( 30.2%)
      50.7 MB / 168.3 MB ( 30.2%)
      50.8 MB / 168.3 MB ( 30.2%)
      50.8 MB / 168.3 MB ( 30.2%)
      50.8 MB / 168.3 MB ( 30.2%)
      50.8 MB / 168.3 MB ( 30.2%)
      50.8 MB / 168.3 MB ( 30.2%)
      50.8 MB / 168.3 MB ( 30.2%)
      50.8 MB / 168.3 MB ( 30.2%)
      50.8 MB / 168.3 MB ( 30.2%)
      50.8 MB / 168.3 MB ( 30.2%)
      50.8 MB / 168.3 MB ( 30.2%)
      50.8 MB / 168.3 MB ( 30.2%)
      50.8 MB / 168.3 MB ( 30.2%)
      50.9 MB / 168.3 MB ( 30.2%)
      50.9 MB / 168.3 MB ( 30.2%)
      50.9 MB / 168.3 MB ( 30.2%)
      50.9 MB / 168.3 MB ( 30.2%)
      50.9 MB / 168.3 MB ( 30.2%)
      50.9 MB / 168.3 MB ( 30.2%)
      50.9 MB / 168.3 MB ( 30.3%)
      50.9 MB / 168.3 MB ( 30.3%)
      50.9 MB / 168.3 MB ( 30.3%)
      50.9 MB / 168.3 MB ( 30.3%)
      50.9 MB / 168.3 MB ( 30.3%)
      50.9 MB / 168.3 MB ( 30.3%)
      51.0 MB / 168.3 MB ( 30.3%)
      51.0 MB / 168.3 MB ( 30.3%)
      51.0 MB / 168.3 MB ( 30.3%)
      51.0 MB / 168.3 MB ( 30.3%)
      51.0 MB / 168.3 MB ( 30.3%)
      51.0 MB / 168.3 MB ( 30.3%)
      51.0 MB / 168.3 MB ( 30.3%)
      51.0 MB / 168.3 MB ( 30.3%)
      51.0 MB / 168.3 MB ( 30.3%)
      51.0 MB / 168.3 MB ( 30.3%)
      51.0 MB / 168.3 MB ( 30.3%)
      51.0 MB / 168.3 MB ( 30.3%)
      51.1 MB / 168.3 MB ( 30.3%)
      51.1 MB / 168.3 MB ( 30.3%)
      51.1 MB / 168.3 MB ( 30.3%)
      51.1 MB / 168.3 MB ( 30.4%)
      51.1 MB / 168.3 MB ( 30.4%)
      51.1 MB / 168.3 MB ( 30.4%)
      51.1 MB / 168.3 MB ( 30.4%)
      51.1 MB / 168.3 MB ( 30.4%)
      51.1 MB / 168.3 MB ( 30.4%)
      51.1 MB / 168.3 MB ( 30.4%)
      51.1 MB / 168.3 MB ( 30.4%)
      51.1 MB / 168.3 MB ( 30.4%)
      51.2 MB / 168.3 MB ( 30.4%)
      51.2 MB / 168.3 MB ( 30.4%)
      51.2 MB / 168.3 MB ( 30.4%)
      51.2 MB / 168.3 MB ( 30.4%)
      51.2 MB / 168.3 MB ( 30.4%)
      51.2 MB / 168.3 MB ( 30.4%)
      51.2 MB / 168.3 MB ( 30.4%)
      51.2 MB / 168.3 MB ( 30.4%)
      51.2 MB / 168.3 MB ( 30.4%)
      51.2 MB / 168.3 MB ( 30.4%)
      51.2 MB / 168.3 MB ( 30.4%)
      51.2 MB / 168.3 MB ( 30.4%)
      51.2 MB / 168.3 MB ( 30.5%)
      51.3 MB / 168.3 MB ( 30.5%)
      51.3 MB / 168.3 MB ( 30.5%)
      51.3 MB / 168.3 MB ( 30.5%)
      51.3 MB / 168.3 MB ( 30.5%)
      51.3 MB / 168.3 MB ( 30.5%)
      51.3 MB / 168.3 MB ( 30.5%)
      51.3 MB / 168.3 MB ( 30.5%)
      51.3 MB / 168.3 MB ( 30.5%)
      51.3 MB / 168.3 MB ( 30.5%)
      51.3 MB / 168.3 MB ( 30.5%)
      51.3 MB / 168.3 MB ( 30.5%)
      51.3 MB / 168.3 MB ( 30.5%)
      51.4 MB / 168.3 MB ( 30.5%)
      51.4 MB / 168.3 MB ( 30.5%)
      51.4 MB / 168.3 MB ( 30.5%)
      51.4 MB / 168.3 MB ( 30.5%)
      51.4 MB / 168.3 MB ( 30.5%)
      51.4 MB / 168.3 MB ( 30.5%)
      51.4 MB / 168.3 MB ( 30.5%)
      51.4 MB / 168.3 MB ( 30.6%)
      51.4 MB / 168.3 MB ( 30.6%)
      51.4 MB / 168.3 MB ( 30.6%)
      51.4 MB / 168.3 MB ( 30.6%)
      51.4 MB / 168.3 MB ( 30.6%)
      51.5 MB / 168.3 MB ( 30.6%)
      51.5 MB / 168.3 MB ( 30.6%)
      51.5 MB / 168.3 MB ( 30.6%)
      51.5 MB / 168.3 MB ( 30.6%)
      51.5 MB / 168.3 MB ( 30.6%)
      51.5 MB / 168.3 MB ( 30.6%)
      51.5 MB / 168.3 MB ( 30.6%)
      51.5 MB / 168.3 MB ( 30.6%)
      51.5 MB / 168.3 MB ( 30.6%)
      51.5 MB / 168.3 MB ( 30.6%)
      51.5 MB / 168.3 MB ( 30.6%)
      51.5 MB / 168.3 MB ( 30.6%)
      51.6 MB / 168.3 MB ( 30.6%)
      51.6 MB / 168.3 MB ( 30.6%)
      51.6 MB / 168.3 MB ( 30.6%)
      51.6 MB / 168.3 MB ( 30.6%)
      51.6 MB / 168.3 MB ( 30.7%)
      51.6 MB / 168.3 MB ( 30.7%)
      51.6 MB / 168.3 MB ( 30.7%)
      51.6 MB / 168.3 MB ( 30.7%)
      51.6 MB / 168.3 MB ( 30.7%)
      51.6 MB / 168.3 MB ( 30.7%)
      51.6 MB / 168.3 MB ( 30.7%)
      51.6 MB / 168.3 MB ( 30.7%)
      51.7 MB / 168.3 MB ( 30.7%)
      51.7 MB / 168.3 MB ( 30.7%)
      51.7 MB / 168.3 MB ( 30.7%)
      51.7 MB / 168.3 MB ( 30.7%)
      51.7 MB / 168.3 MB ( 30.7%)
      51.7 MB / 168.3 MB ( 30.7%)
      51.7 MB / 168.3 MB ( 30.7%)
      51.7 MB / 168.3 MB ( 30.7%)
      51.7 MB / 168.3 MB ( 30.7%)
      51.7 MB / 168.3 MB ( 30.7%)
      51.7 MB / 168.3 MB ( 30.7%)
      51.7 MB / 168.3 MB ( 30.7%)
      51.7 MB / 168.3 MB ( 30.8%)
      51.8 MB / 168.3 MB ( 30.8%)
      51.8 MB / 168.3 MB ( 30.8%)
      51.8 MB / 168.3 MB ( 30.8%)
      51.8 MB / 168.3 MB ( 30.8%)
      51.8 MB / 168.3 MB ( 30.8%)
      51.8 MB / 168.3 MB ( 30.8%)
      51.8 MB / 168.3 MB ( 30.8%)
      51.8 MB / 168.3 MB ( 30.8%)
      51.8 MB / 168.3 MB ( 30.8%)
      51.8 MB / 168.3 MB ( 30.8%)
      51.8 MB / 168.3 MB ( 30.8%)
      51.8 MB / 168.3 MB ( 30.8%)
      51.9 MB / 168.3 MB ( 30.8%)
      51.9 MB / 168.3 MB ( 30.8%)
      51.9 MB / 168.3 MB ( 30.8%)
      51.9 MB / 168.3 MB ( 30.8%)
      51.9 MB / 168.3 MB ( 30.8%)
      51.9 MB / 168.3 MB ( 30.8%)
      51.9 MB / 168.3 MB ( 30.8%)
      51.9 MB / 168.3 MB ( 30.8%)
      51.9 MB / 168.3 MB ( 30.9%)
      51.9 MB / 168.3 MB ( 30.9%)
      51.9 MB / 168.3 MB ( 30.9%)
      51.9 MB / 168.3 MB ( 30.9%)
      52.0 MB / 168.3 MB ( 30.9%)
      52.0 MB / 168.3 MB ( 30.9%)
      52.0 MB / 168.3 MB ( 30.9%)
      52.0 MB / 168.3 MB ( 30.9%)
      52.0 MB / 168.3 MB ( 30.9%)
      52.0 MB / 168.3 MB ( 30.9%)
      52.0 MB / 168.3 MB ( 30.9%)
      52.0 MB / 168.3 MB ( 30.9%)
      52.0 MB / 168.3 MB ( 30.9%)
      52.0 MB / 168.3 MB ( 30.9%)
      52.0 MB / 168.3 MB ( 30.9%)
      52.0 MB / 168.3 MB ( 30.9%)
      52.1 MB / 168.3 MB ( 30.9%)
      52.1 MB / 168.3 MB ( 30.9%)
      52.1 MB / 168.3 MB ( 30.9%)
      52.1 MB / 168.3 MB ( 30.9%)
      52.1 MB / 168.3 MB ( 31.0%)
      52.1 MB / 168.3 MB ( 31.0%)
      52.1 MB / 168.3 MB ( 31.0%)
      52.1 MB / 168.3 MB ( 31.0%)
      52.1 MB / 168.3 MB ( 31.0%)
      52.1 MB / 168.3 MB ( 31.0%)
      52.1 MB / 168.3 MB ( 31.0%)
      52.1 MB / 168.3 MB ( 31.0%)
      52.2 MB / 168.3 MB ( 31.0%)
      52.2 MB / 168.3 MB ( 31.0%)
      52.2 MB / 168.3 MB ( 31.0%)
      52.2 MB / 168.3 MB ( 31.0%)
      52.2 MB / 168.3 MB ( 31.0%)
      52.2 MB / 168.3 MB ( 31.0%)
      52.2 MB / 168.3 MB ( 31.0%)
      52.2 MB / 168.3 MB ( 31.0%)
      52.2 MB / 168.3 MB ( 31.0%)
      52.2 MB / 168.3 MB ( 31.0%)
      52.2 MB / 168.3 MB ( 31.0%)
      52.2 MB / 168.3 MB ( 31.0%)
      52.2 MB / 168.3 MB ( 31.0%)
      52.3 MB / 168.3 MB ( 31.1%)
      52.3 MB / 168.3 MB ( 31.1%)
      52.3 MB / 168.3 MB ( 31.1%)
      52.3 MB / 168.3 MB ( 31.1%)
      52.3 MB / 168.3 MB ( 31.1%)
      52.3 MB / 168.3 MB ( 31.1%)
      52.3 MB / 168.3 MB ( 31.1%)
      52.3 MB / 168.3 MB ( 31.1%)
      52.3 MB / 168.3 MB ( 31.1%)
      52.3 MB / 168.3 MB ( 31.1%)
      52.3 MB / 168.3 MB ( 31.1%)
      52.3 MB / 168.3 MB ( 31.1%)
      52.4 MB / 168.3 MB ( 31.1%)
      52.4 MB / 168.3 MB ( 31.1%)
      52.4 MB / 168.3 MB ( 31.1%)
      52.4 MB / 168.3 MB ( 31.1%)
      52.4 MB / 168.3 MB ( 31.1%)
      52.4 MB / 168.3 MB ( 31.1%)
      52.4 MB / 168.3 MB ( 31.1%)
      52.4 MB / 168.3 MB ( 31.1%)
      52.4 MB / 168.3 MB ( 31.2%)
      52.4 MB / 168.3 MB ( 31.2%)
      52.4 MB / 168.3 MB ( 31.2%)
      52.4 MB / 168.3 MB ( 31.2%)
      52.5 MB / 168.3 MB ( 31.2%)
      52.5 MB / 168.3 MB ( 31.2%)
      52.5 MB / 168.3 MB ( 31.2%)
      52.5 MB / 168.3 MB ( 31.2%)
      52.5 MB / 168.3 MB ( 31.2%)
      52.5 MB / 168.3 MB ( 31.2%)
      52.5 MB / 168.3 MB ( 31.2%)
      52.5 MB / 168.3 MB ( 31.2%)
      52.5 MB / 168.3 MB ( 31.2%)
      52.5 MB / 168.3 MB ( 31.2%)
      52.5 MB / 168.3 MB ( 31.2%)
      52.5 MB / 168.3 MB ( 31.2%)
      52.6 MB / 168.3 MB ( 31.2%)
      52.6 MB / 168.3 MB ( 31.2%)
      52.6 MB / 168.3 MB ( 31.2%)
      52.6 MB / 168.3 MB ( 31.2%)
      52.6 MB / 168.3 MB ( 31.2%)
      52.6 MB / 168.3 MB ( 31.3%)
      52.6 MB / 168.3 MB ( 31.3%)
      52.6 MB / 168.3 MB ( 31.3%)
      52.6 MB / 168.3 MB ( 31.3%)
      52.6 MB / 168.3 MB ( 31.3%)
      52.6 MB / 168.3 MB ( 31.3%)
      52.6 MB / 168.3 MB ( 31.3%)
      52.6 MB / 168.3 MB ( 31.3%)
      52.7 MB / 168.3 MB ( 31.3%)
      52.7 MB / 168.3 MB ( 31.3%)
      52.7 MB / 168.3 MB ( 31.3%)
      52.7 MB / 168.3 MB ( 31.3%)
      52.7 MB / 168.3 MB ( 31.3%)
      52.7 MB / 168.3 MB ( 31.3%)
      52.7 MB / 168.3 MB ( 31.3%)
      52.7 MB / 168.3 MB ( 31.3%)
      52.7 MB / 168.3 MB ( 31.3%)
      52.7 MB / 168.3 MB ( 31.3%)
      52.7 MB / 168.3 MB ( 31.3%)
      52.7 MB / 168.3 MB ( 31.3%)
      52.8 MB / 168.3 MB ( 31.4%)
      52.8 MB / 168.3 MB ( 31.4%)
      52.8 MB / 168.3 MB ( 31.4%)
      52.8 MB / 168.3 MB ( 31.4%)
      52.8 MB / 168.3 MB ( 31.4%)
      52.8 MB / 168.3 MB ( 31.4%)
      52.8 MB / 168.3 MB ( 31.4%)
      52.8 MB / 168.3 MB ( 31.4%)
      52.8 MB / 168.3 MB ( 31.4%)
      52.8 MB / 168.3 MB ( 31.4%)
      52.8 MB / 168.3 MB ( 31.4%)
      52.8 MB / 168.3 MB ( 31.4%)
      52.9 MB / 168.3 MB ( 31.4%)
      52.9 MB / 168.3 MB ( 31.4%)
      52.9 MB / 168.3 MB ( 31.4%)
      52.9 MB / 168.3 MB ( 31.4%)
      52.9 MB / 168.3 MB ( 31.4%)
      52.9 MB / 168.3 MB ( 31.4%)
      52.9 MB / 168.3 MB ( 31.4%)
      52.9 MB / 168.3 MB ( 31.4%)
      52.9 MB / 168.3 MB ( 31.4%)
      52.9 MB / 168.3 MB ( 31.5%)
      52.9 MB / 168.3 MB ( 31.5%)
      52.9 MB / 168.3 MB ( 31.5%)
      53.0 MB / 168.3 MB ( 31.5%)
      53.0 MB / 168.3 MB ( 31.5%)
      53.0 MB / 168.3 MB ( 31.5%)
      53.0 MB / 168.3 MB ( 31.5%)
      53.0 MB / 168.3 MB ( 31.5%)
      53.0 MB / 168.3 MB ( 31.5%)
      53.0 MB / 168.3 MB ( 31.5%)
      53.0 MB / 168.3 MB ( 31.5%)
      53.0 MB / 168.3 MB ( 31.5%)
      53.0 MB / 168.3 MB ( 31.5%)
      53.0 MB / 168.3 MB ( 31.5%)
      53.0 MB / 168.3 MB ( 31.5%)
      53.1 MB / 168.3 MB ( 31.5%)
      53.1 MB / 168.3 MB ( 31.5%)
      53.1 MB / 168.3 MB ( 31.5%)
      53.1 MB / 168.3 MB ( 31.5%)
      53.1 MB / 168.3 MB ( 31.5%)
      53.1 MB / 168.3 MB ( 31.5%)
      53.1 MB / 168.3 MB ( 31.6%)
      53.1 MB / 168.3 MB ( 31.6%)
      53.1 MB / 168.3 MB ( 31.6%)
      53.1 MB / 168.3 MB ( 31.6%)
      53.1 MB / 168.3 MB ( 31.6%)
      53.1 MB / 168.3 MB ( 31.6%)
      53.1 MB / 168.3 MB ( 31.6%)
      53.2 MB / 168.3 MB ( 31.6%)
      53.2 MB / 168.3 MB ( 31.6%)
      53.2 MB / 168.3 MB ( 31.6%)
      53.2 MB / 168.3 MB ( 31.6%)
      53.2 MB / 168.3 MB ( 31.6%)
      53.2 MB / 168.3 MB ( 31.6%)
      53.2 MB / 168.3 MB ( 31.6%)
      53.2 MB / 168.3 MB ( 31.6%)
      53.2 MB / 168.3 MB ( 31.6%)
      53.2 MB / 168.3 MB ( 31.6%)
      53.2 MB / 168.3 MB ( 31.6%)
      53.2 MB / 168.3 MB ( 31.6%)
      53.3 MB / 168.3 MB ( 31.6%)
      53.3 MB / 168.3 MB ( 31.7%)
      53.3 MB / 168.3 MB ( 31.7%)
      53.3 MB / 168.3 MB ( 31.7%)
      53.3 MB / 168.3 MB ( 31.7%)
      53.3 MB / 168.3 MB ( 31.7%)
      53.3 MB / 168.3 MB ( 31.7%)
      53.3 MB / 168.3 MB ( 31.7%)
      53.3 MB / 168.3 MB ( 31.7%)
      53.3 MB / 168.3 MB ( 31.7%)
      53.3 MB / 168.3 MB ( 31.7%)
      53.3 MB / 168.3 MB ( 31.7%)
      53.4 MB / 168.3 MB ( 31.7%)
      53.4 MB / 168.3 MB ( 31.7%)
      53.4 MB / 168.3 MB ( 31.7%)
      53.4 MB / 168.3 MB ( 31.7%)
      53.4 MB / 168.3 MB ( 31.7%)
      53.4 MB / 168.3 MB ( 31.7%)
      53.4 MB / 168.3 MB ( 31.7%)
      53.4 MB / 168.3 MB ( 31.7%)
      53.4 MB / 168.3 MB ( 31.7%)
      53.4 MB / 168.3 MB ( 31.7%)
      53.4 MB / 168.3 MB ( 31.8%)
      53.4 MB / 168.3 MB ( 31.8%)
      53.5 MB / 168.3 MB ( 31.8%)
      53.5 MB / 168.3 MB ( 31.8%)
      53.5 MB / 168.3 MB ( 31.8%)
      53.5 MB / 168.3 MB ( 31.8%)
      53.5 MB / 168.3 MB ( 31.8%)
      53.5 MB / 168.3 MB ( 31.8%)
      53.5 MB / 168.3 MB ( 31.8%)
      53.5 MB / 168.3 MB ( 31.8%)
      53.5 MB / 168.3 MB ( 31.8%)
      53.5 MB / 168.3 MB ( 31.8%)
      53.5 MB / 168.3 MB ( 31.8%)
      53.5 MB / 168.3 MB ( 31.8%)
      53.6 MB / 168.3 MB ( 31.8%)
      53.6 MB / 168.3 MB ( 31.8%)
      53.6 MB / 168.3 MB ( 31.8%)
      53.6 MB / 168.3 MB ( 31.8%)
      53.6 MB / 168.3 MB ( 31.8%)
      53.6 MB / 168.3 MB ( 31.8%)
      53.6 MB / 168.3 MB ( 31.9%)
      53.6 MB / 168.3 MB ( 31.9%)
      53.6 MB / 168.3 MB ( 31.9%)
      53.6 MB / 168.3 MB ( 31.9%)
      53.6 MB / 168.3 MB ( 31.9%)
      53.6 MB / 168.3 MB ( 31.9%)
      53.6 MB / 168.3 MB ( 31.9%)
      53.7 MB / 168.3 MB ( 31.9%)
      53.7 MB / 168.3 MB ( 31.9%)
      53.7 MB / 168.3 MB ( 31.9%)
      53.7 MB / 168.3 MB ( 31.9%)
      53.7 MB / 168.3 MB ( 31.9%)
      53.7 MB / 168.3 MB ( 31.9%)
      53.7 MB / 168.3 MB ( 31.9%)
      53.7 MB / 168.3 MB ( 31.9%)
      53.7 MB / 168.3 MB ( 31.9%)
      53.7 MB / 168.3 MB ( 31.9%)
      53.7 MB / 168.3 MB ( 31.9%)
      53.7 MB / 168.3 MB ( 31.9%)
      53.8 MB / 168.3 MB ( 31.9%)
      53.8 MB / 168.3 MB ( 31.9%)
      53.8 MB / 168.3 MB ( 32.0%)
      53.8 MB / 168.3 MB ( 32.0%)
      53.8 MB / 168.3 MB ( 32.0%)
      53.8 MB / 168.3 MB ( 32.0%)
      53.8 MB / 168.3 MB ( 32.0%)
      53.8 MB / 168.3 MB ( 32.0%)
      53.8 MB / 168.3 MB ( 32.0%)
      53.8 MB / 168.3 MB ( 32.0%)
      53.8 MB / 168.3 MB ( 32.0%)
      53.8 MB / 168.3 MB ( 32.0%)
      53.9 MB / 168.3 MB ( 32.0%)
      53.9 MB / 168.3 MB ( 32.0%)
      53.9 MB / 168.3 MB ( 32.0%)
      53.9 MB / 168.3 MB ( 32.0%)
      53.9 MB / 168.3 MB ( 32.0%)
      53.9 MB / 168.3 MB ( 32.0%)
      53.9 MB / 168.3 MB ( 32.0%)
      53.9 MB / 168.3 MB ( 32.0%)
      53.9 MB / 168.3 MB ( 32.0%)
      53.9 MB / 168.3 MB ( 32.0%)
      53.9 MB / 168.3 MB ( 32.1%)
      53.9 MB / 168.3 MB ( 32.1%)
      54.0 MB / 168.3 MB ( 32.1%)
      54.0 MB / 168.3 MB ( 32.1%)
      54.0 MB / 168.3 MB ( 32.1%)
      54.0 MB / 168.3 MB ( 32.1%)
      54.0 MB / 168.3 MB ( 32.1%)
      54.0 MB / 168.3 MB ( 32.1%)
      54.0 MB / 168.3 MB ( 32.1%)
      54.0 MB / 168.3 MB ( 32.1%)
      54.0 MB / 168.3 MB ( 32.1%)
      54.0 MB / 168.3 MB ( 32.1%)
      54.0 MB / 168.3 MB ( 32.1%)
      54.0 MB / 168.3 MB ( 32.1%)
      54.1 MB / 168.3 MB ( 32.1%)
      54.1 MB / 168.3 MB ( 32.1%)
      54.1 MB / 168.3 MB ( 32.1%)
      54.1 MB / 168.3 MB ( 32.1%)
      54.1 MB / 168.3 MB ( 32.1%)
      54.1 MB / 168.3 MB ( 32.1%)
      54.1 MB / 168.3 MB ( 32.1%)
      54.1 MB / 168.3 MB ( 32.2%)
      54.1 MB / 168.3 MB ( 32.2%)
      54.1 MB / 168.3 MB ( 32.2%)
      54.1 MB / 168.3 MB ( 32.2%)
      54.1 MB / 168.3 MB ( 32.2%)
      54.1 MB / 168.3 MB ( 32.2%)
      54.2 MB / 168.3 MB ( 32.2%)
      54.2 MB / 168.3 MB ( 32.2%)
      54.2 MB / 168.3 MB ( 32.2%)
      54.2 MB / 168.3 MB ( 32.2%)
      54.2 MB / 168.3 MB ( 32.2%)
      54.2 MB / 168.3 MB ( 32.2%)
      54.2 MB / 168.3 MB ( 32.2%)
      54.2 MB / 168.3 MB ( 32.2%)
      54.2 MB / 168.3 MB ( 32.2%)
      54.2 MB / 168.3 MB ( 32.2%)
      54.2 MB / 168.3 MB ( 32.2%)
      54.2 MB / 168.3 MB ( 32.2%)
      54.3 MB / 168.3 MB ( 32.2%)
      54.3 MB / 168.3 MB ( 32.2%)
      54.3 MB / 168.3 MB ( 32.3%)
      54.3 MB / 168.3 MB ( 32.3%)
      54.3 MB / 168.3 MB ( 32.3%)
      54.3 MB / 168.3 MB ( 32.3%)
      54.3 MB / 168.3 MB ( 32.3%)
      54.3 MB / 168.3 MB ( 32.3%)
      54.3 MB / 168.3 MB ( 32.3%)
      54.3 MB / 168.3 MB ( 32.3%)
      54.3 MB / 168.3 MB ( 32.3%)
      54.3 MB / 168.3 MB ( 32.3%)
      54.4 MB / 168.3 MB ( 32.3%)
      54.4 MB / 168.3 MB ( 32.3%)
      54.4 MB / 168.3 MB ( 32.3%)
      54.4 MB / 168.3 MB ( 32.3%)
      54.4 MB / 168.3 MB ( 32.3%)
      54.4 MB / 168.3 MB ( 32.3%)
      54.4 MB / 168.3 MB ( 32.3%)
      54.4 MB / 168.3 MB ( 32.3%)
      54.4 MB / 168.3 MB ( 32.3%)
      54.4 MB / 168.3 MB ( 32.3%)
      54.4 MB / 168.3 MB ( 32.3%)
      54.4 MB / 168.3 MB ( 32.4%)
      54.5 MB / 168.3 MB ( 32.4%)
      54.5 MB / 168.3 MB ( 32.4%)
      54.5 MB / 168.3 MB ( 32.4%)
      54.5 MB / 168.3 MB ( 32.4%)
      54.5 MB / 168.3 MB ( 32.4%)
      54.5 MB / 168.3 MB ( 32.4%)
      54.5 MB / 168.3 MB ( 32.4%)
      54.5 MB / 168.3 MB ( 32.4%)
      54.5 MB / 168.3 MB ( 32.4%)
      54.5 MB / 168.3 MB ( 32.4%)
      54.5 MB / 168.3 MB ( 32.4%)
      54.5 MB / 168.3 MB ( 32.4%)
      54.6 MB / 168.3 MB ( 32.4%)
      54.6 MB / 168.3 MB ( 32.4%)
      54.6 MB / 168.3 MB ( 32.4%)
      54.6 MB / 168.3 MB ( 32.4%)
      54.6 MB / 168.3 MB ( 32.4%)
      54.6 MB / 168.3 MB ( 32.4%)
      54.6 MB / 168.3 MB ( 32.4%)
      54.6 MB / 168.3 MB ( 32.5%)
      54.6 MB / 168.3 MB ( 32.5%)
      54.6 MB / 168.3 MB ( 32.5%)
      54.6 MB / 168.3 MB ( 32.5%)
      54.6 MB / 168.3 MB ( 32.5%)
      54.6 MB / 168.3 MB ( 32.5%)
      54.7 MB / 168.3 MB ( 32.5%)
      54.7 MB / 168.3 MB ( 32.5%)
      54.7 MB / 168.3 MB ( 32.5%)
      54.7 MB / 168.3 MB ( 32.5%)
      54.7 MB / 168.3 MB ( 32.5%)
      54.7 MB / 168.3 MB ( 32.5%)
      54.7 MB / 168.3 MB ( 32.5%)
      54.7 MB / 168.3 MB ( 32.5%)
      54.7 MB / 168.3 MB ( 32.5%)
      54.7 MB / 168.3 MB ( 32.5%)
      54.7 MB / 168.3 MB ( 32.5%)
      54.7 MB / 168.3 MB ( 32.5%)
      54.8 MB / 168.3 MB ( 32.5%)
      54.8 MB / 168.3 MB ( 32.5%)
      54.8 MB / 168.3 MB ( 32.5%)
      54.8 MB / 168.3 MB ( 32.6%)
      54.8 MB / 168.3 MB ( 32.6%)
      54.8 MB / 168.3 MB ( 32.6%)
      54.8 MB / 168.3 MB ( 32.6%)
      54.8 MB / 168.3 MB ( 32.6%)
      54.8 MB / 168.3 MB ( 32.6%)
      54.8 MB / 168.3 MB ( 32.6%)
      54.8 MB / 168.3 MB ( 32.6%)
      54.8 MB / 168.3 MB ( 32.6%)
      54.9 MB / 168.3 MB ( 32.6%)
      54.9 MB / 168.3 MB ( 32.6%)
      54.9 MB / 168.3 MB ( 32.6%)
      54.9 MB / 168.3 MB ( 32.6%)
      54.9 MB / 168.3 MB ( 32.6%)
      54.9 MB / 168.3 MB ( 32.6%)
      54.9 MB / 168.3 MB ( 32.6%)
      54.9 MB / 168.3 MB ( 32.6%)
      54.9 MB / 168.3 MB ( 32.6%)
      54.9 MB / 168.3 MB ( 32.6%)
      54.9 MB / 168.3 MB ( 32.6%)
      54.9 MB / 168.3 MB ( 32.7%)
      55.0 MB / 168.3 MB ( 32.7%)
      55.0 MB / 168.3 MB ( 32.7%)
      55.0 MB / 168.3 MB ( 32.7%)
      55.0 MB / 168.3 MB ( 32.7%)
      55.0 MB / 168.3 MB ( 32.7%)
      55.0 MB / 168.3 MB ( 32.7%)
      55.0 MB / 168.3 MB ( 32.7%)
      55.0 MB / 168.3 MB ( 32.7%)
      55.0 MB / 168.3 MB ( 32.7%)
      55.0 MB / 168.3 MB ( 32.7%)
      55.0 MB / 168.3 MB ( 32.7%)
      55.0 MB / 168.3 MB ( 32.7%)
      55.1 MB / 168.3 MB ( 32.7%)
      55.1 MB / 168.3 MB ( 32.7%)
      55.1 MB / 168.3 MB ( 32.7%)
      55.1 MB / 168.3 MB ( 32.7%)
      55.1 MB / 168.3 MB ( 32.7%)
      55.1 MB / 168.3 MB ( 32.7%)
      55.1 MB / 168.3 MB ( 32.7%)
      55.1 MB / 168.3 MB ( 32.7%)
      55.1 MB / 168.3 MB ( 32.8%)
      55.1 MB / 168.3 MB ( 32.8%)
      55.1 MB / 168.3 MB ( 32.8%)
      55.1 MB / 168.3 MB ( 32.8%)
      55.1 MB / 168.3 MB ( 32.8%)
      55.2 MB / 168.3 MB ( 32.8%)
      55.2 MB / 168.3 MB ( 32.8%)
      55.2 MB / 168.3 MB ( 32.8%)
      55.2 MB / 168.3 MB ( 32.8%)
      55.2 MB / 168.3 MB ( 32.8%)
      55.2 MB / 168.3 MB ( 32.8%)
      55.2 MB / 168.3 MB ( 32.8%)
      55.2 MB / 168.3 MB ( 32.8%)
      55.2 MB / 168.3 MB ( 32.8%)
      55.2 MB / 168.3 MB ( 32.8%)
      55.2 MB / 168.3 MB ( 32.8%)
      55.2 MB / 168.3 MB ( 32.8%)
      55.3 MB / 168.3 MB ( 32.8%)
      55.3 MB / 168.3 MB ( 32.8%)
      55.3 MB / 168.3 MB ( 32.8%)
      55.3 MB / 168.3 MB ( 32.8%)
      55.3 MB / 168.3 MB ( 32.9%)
      55.3 MB / 168.3 MB ( 32.9%)
      55.3 MB / 168.3 MB ( 32.9%)
      55.3 MB / 168.3 MB ( 32.9%)
      55.3 MB / 168.3 MB ( 32.9%)
      55.3 MB / 168.3 MB ( 32.9%)
      55.3 MB / 168.3 MB ( 32.9%)
      55.3 MB / 168.3 MB ( 32.9%)
      55.4 MB / 168.3 MB ( 32.9%)
      55.4 MB / 168.3 MB ( 32.9%)
      55.4 MB / 168.3 MB ( 32.9%)
      55.4 MB / 168.3 MB ( 32.9%)
      55.4 MB / 168.3 MB ( 32.9%)
      55.4 MB / 168.3 MB ( 32.9%)
      55.4 MB / 168.3 MB ( 32.9%)
      55.4 MB / 168.3 MB ( 32.9%)
      55.4 MB / 168.3 MB ( 32.9%)
      55.4 MB / 168.3 MB ( 32.9%)
      55.4 MB / 168.3 MB ( 32.9%)
      55.4 MB / 168.3 MB ( 32.9%)
      55.5 MB / 168.3 MB ( 33.0%)
      55.5 MB / 168.3 MB ( 33.0%)
      55.5 MB / 168.3 MB ( 33.0%)
      55.5 MB / 168.3 MB ( 33.0%)
      55.5 MB / 168.3 MB ( 33.0%)
      55.5 MB / 168.3 MB ( 33.0%)
      55.5 MB / 168.3 MB ( 33.0%)
      55.5 MB / 168.3 MB ( 33.0%)
      55.5 MB / 168.3 MB ( 33.0%)
      55.5 MB / 168.3 MB ( 33.0%)
      55.5 MB / 168.3 MB ( 33.0%)
      55.5 MB / 168.3 MB ( 33.0%)
      55.5 MB / 168.3 MB ( 33.0%)
      55.6 MB / 168.3 MB ( 33.0%)
      55.6 MB / 168.3 MB ( 33.0%)
      55.6 MB / 168.3 MB ( 33.0%)
      55.6 MB / 168.3 MB ( 33.0%)
      55.6 MB / 168.3 MB ( 33.0%)
      55.6 MB / 168.3 MB ( 33.0%)
      55.6 MB / 168.3 MB ( 33.0%)
      55.6 MB / 168.3 MB ( 33.0%)
      55.6 MB / 168.3 MB ( 33.1%)
      55.6 MB / 168.3 MB ( 33.1%)
      55.6 MB / 168.3 MB ( 33.1%)
      55.6 MB / 168.3 MB ( 33.1%)
      55.7 MB / 168.3 MB ( 33.1%)
      55.7 MB / 168.3 MB ( 33.1%)
      55.7 MB / 168.3 MB ( 33.1%)
      55.7 MB / 168.3 MB ( 33.1%)
      55.7 MB / 168.3 MB ( 33.1%)
      55.7 MB / 168.3 MB ( 33.1%)
      55.7 MB / 168.3 MB ( 33.1%)
      55.7 MB / 168.3 MB ( 33.1%)
      55.7 MB / 168.3 MB ( 33.1%)
      55.7 MB / 168.3 MB ( 33.1%)
      55.7 MB / 168.3 MB ( 33.1%)
      55.7 MB / 168.3 MB ( 33.1%)
      55.8 MB / 168.3 MB ( 33.1%)
      55.8 MB / 168.3 MB ( 33.1%)
      55.8 MB / 168.3 MB ( 33.1%)
      55.8 MB / 168.3 MB ( 33.1%)
      55.8 MB / 168.3 MB ( 33.2%)
      55.8 MB / 168.3 MB ( 33.2%)
      55.8 MB / 168.3 MB ( 33.2%)
      55.8 MB / 168.3 MB ( 33.2%)
      55.8 MB / 168.3 MB ( 33.2%)
      55.8 MB / 168.3 MB ( 33.2%)
      55.8 MB / 168.3 MB ( 33.2%)
      55.8 MB / 168.3 MB ( 33.2%)
      55.9 MB / 168.3 MB ( 33.2%)
      55.9 MB / 168.3 MB ( 33.2%)
      55.9 MB / 168.3 MB ( 33.2%)
      55.9 MB / 168.3 MB ( 33.2%)
      55.9 MB / 168.3 MB ( 33.2%)
      55.9 MB / 168.3 MB ( 33.2%)
      55.9 MB / 168.3 MB ( 33.2%)
      55.9 MB / 168.3 MB ( 33.2%)
      55.9 MB / 168.3 MB ( 33.2%)
      55.9 MB / 168.3 MB ( 33.2%)
      55.9 MB / 168.3 MB ( 33.2%)
      55.9 MB / 168.3 MB ( 33.2%)
      56.0 MB / 168.3 MB ( 33.2%)
      56.0 MB / 168.3 MB ( 33.3%)
      56.0 MB / 168.3 MB ( 33.3%)
      56.0 MB / 168.3 MB ( 33.3%)
      56.0 MB / 168.3 MB ( 33.3%)
      56.0 MB / 168.3 MB ( 33.3%)
      56.0 MB / 168.3 MB ( 33.3%)
      56.0 MB / 168.3 MB ( 33.3%)
      56.0 MB / 168.3 MB ( 33.3%)
      56.0 MB / 168.3 MB ( 33.3%)
      56.0 MB / 168.3 MB ( 33.3%)
      56.0 MB / 168.3 MB ( 33.3%)
      56.0 MB / 168.3 MB ( 33.3%)
      56.1 MB / 168.3 MB ( 33.3%)
      56.1 MB / 168.3 MB ( 33.3%)
      56.1 MB / 168.3 MB ( 33.3%)
      56.1 MB / 168.3 MB ( 33.3%)
      56.1 MB / 168.3 MB ( 33.3%)
      56.1 MB / 168.3 MB ( 33.3%)
      56.1 MB / 168.3 MB ( 33.3%)
      56.1 MB / 168.3 MB ( 33.3%)
      56.1 MB / 168.3 MB ( 33.4%)
      56.1 MB / 168.3 MB ( 33.4%)
      56.1 MB / 168.3 MB ( 33.4%)
      56.1 MB / 168.3 MB ( 33.4%)
      56.2 MB / 168.3 MB ( 33.4%)
      56.2 MB / 168.3 MB ( 33.4%)
      56.2 MB / 168.3 MB ( 33.4%)
      56.2 MB / 168.3 MB ( 33.4%)
      56.2 MB / 168.3 MB ( 33.4%)
      56.2 MB / 168.3 MB ( 33.4%)
      56.2 MB / 168.3 MB ( 33.4%)
      56.2 MB / 168.3 MB ( 33.4%)
      56.2 MB / 168.3 MB ( 33.4%)
      56.2 MB / 168.3 MB ( 33.4%)
      56.2 MB / 168.3 MB ( 33.4%)
      56.2 MB / 168.3 MB ( 33.4%)
      56.3 MB / 168.3 MB ( 33.4%)
      56.3 MB / 168.3 MB ( 33.4%)
      56.3 MB / 168.3 MB ( 33.4%)
      56.3 MB / 168.3 MB ( 33.4%)
      56.3 MB / 168.3 MB ( 33.4%)
      56.3 MB / 168.3 MB ( 33.5%)
      56.3 MB / 168.3 MB ( 33.5%)
      56.3 MB / 168.3 MB ( 33.5%)
      56.3 MB / 168.3 MB ( 33.5%)
      56.3 MB / 168.3 MB ( 33.5%)
      56.3 MB / 168.3 MB ( 33.5%)
      56.3 MB / 168.3 MB ( 33.5%)
      56.4 MB / 168.3 MB ( 33.5%)
      56.4 MB / 168.3 MB ( 33.5%)
      56.4 MB / 168.3 MB ( 33.5%)
      56.4 MB / 168.3 MB ( 33.5%)
      56.4 MB / 168.3 MB ( 33.5%)
      56.4 MB / 168.3 MB ( 33.5%)
      56.4 MB / 168.3 MB ( 33.5%)
      56.4 MB / 168.3 MB ( 33.5%)
      56.4 MB / 168.3 MB ( 33.5%)
      56.4 MB / 168.3 MB ( 33.5%)
      56.4 MB / 168.3 MB ( 33.5%)
      56.4 MB / 168.3 MB ( 33.5%)
      56.5 MB / 168.3 MB ( 33.5%)
      56.5 MB / 168.3 MB ( 33.6%)
      56.5 MB / 168.3 MB ( 33.6%)
      56.5 MB / 168.3 MB ( 33.6%)
      56.5 MB / 168.3 MB ( 33.6%)
      56.5 MB / 168.3 MB ( 33.6%)
      56.5 MB / 168.3 MB ( 33.6%)
      56.5 MB / 168.3 MB ( 33.6%)
      56.5 MB / 168.3 MB ( 33.6%)
      56.5 MB / 168.3 MB ( 33.6%)
      56.5 MB / 168.3 MB ( 33.6%)
      56.5 MB / 168.3 MB ( 33.6%)
      56.5 MB / 168.3 MB ( 33.6%)
      56.6 MB / 168.3 MB ( 33.6%)
      56.6 MB / 168.3 MB ( 33.6%)
      56.6 MB / 168.3 MB ( 33.6%)
      56.6 MB / 168.3 MB ( 33.6%)
      56.6 MB / 168.3 MB ( 33.6%)
      56.6 MB / 168.3 MB ( 33.6%)
      56.6 MB / 168.3 MB ( 33.6%)
      56.6 MB / 168.3 MB ( 33.6%)
      56.6 MB / 168.3 MB ( 33.6%)
      56.6 MB / 168.3 MB ( 33.7%)
      56.6 MB / 168.3 MB ( 33.7%)
      56.6 MB / 168.3 MB ( 33.7%)
      56.7 MB / 168.3 MB ( 33.7%)
      56.7 MB / 168.3 MB ( 33.7%)
      56.7 MB / 168.3 MB ( 33.7%)
      56.7 MB / 168.3 MB ( 33.7%)
      56.7 MB / 168.3 MB ( 33.7%)
      56.7 MB / 168.3 MB ( 33.7%)
      56.7 MB / 168.3 MB ( 33.7%)
      56.7 MB / 168.3 MB ( 33.7%)
      56.7 MB / 168.3 MB ( 33.7%)
      56.7 MB / 168.3 MB ( 33.7%)
      56.7 MB / 168.3 MB ( 33.7%)
      56.7 MB / 168.3 MB ( 33.7%)
      56.8 MB / 168.3 MB ( 33.7%)
      56.8 MB / 168.3 MB ( 33.7%)
      56.8 MB / 168.3 MB ( 33.7%)
      56.8 MB / 168.3 MB ( 33.7%)
      56.8 MB / 168.3 MB ( 33.7%)
      56.8 MB / 168.3 MB ( 33.8%)
      56.8 MB / 168.3 MB ( 33.8%)
      56.8 MB / 168.3 MB ( 33.8%)
      56.8 MB / 168.3 MB ( 33.8%)
      56.8 MB / 168.3 MB ( 33.8%)
      56.8 MB / 168.3 MB ( 33.8%)
      56.8 MB / 168.3 MB ( 33.8%)
      56.9 MB / 168.3 MB ( 33.8%)
      56.9 MB / 168.3 MB ( 33.8%)
      56.9 MB / 168.3 MB ( 33.8%)
      56.9 MB / 168.3 MB ( 33.8%)
      56.9 MB / 168.3 MB ( 33.8%)
      56.9 MB / 168.3 MB ( 33.8%)
      56.9 MB / 168.3 MB ( 33.8%)
      56.9 MB / 168.3 MB ( 33.8%)
      56.9 MB / 168.3 MB ( 33.8%)
      56.9 MB / 168.3 MB ( 33.8%)
      56.9 MB / 168.3 MB ( 33.8%)
      56.9 MB / 168.3 MB ( 33.8%)
      57.0 MB / 168.3 MB ( 33.8%)
      57.0 MB / 168.3 MB ( 33.8%)
      57.0 MB / 168.3 MB ( 33.9%)
      57.0 MB / 168.3 MB ( 33.9%)
      57.0 MB / 168.3 MB ( 33.9%)
      57.0 MB / 168.3 MB ( 33.9%)
      57.0 MB / 168.3 MB ( 33.9%)
      57.0 MB / 168.3 MB ( 33.9%)
      57.0 MB / 168.3 MB ( 33.9%)
      57.0 MB / 168.3 MB ( 33.9%)
      57.0 MB / 168.3 MB ( 33.9%)
      57.0 MB / 168.3 MB ( 33.9%)
      57.0 MB / 168.3 MB ( 33.9%)
      57.1 MB / 168.3 MB ( 33.9%)
      57.1 MB / 168.3 MB ( 33.9%)
      57.1 MB / 168.3 MB ( 33.9%)
      57.1 MB / 168.3 MB ( 33.9%)
      57.1 MB / 168.3 MB ( 33.9%)
      57.1 MB / 168.3 MB ( 33.9%)
      57.1 MB / 168.3 MB ( 33.9%)
      57.1 MB / 168.3 MB ( 33.9%)
      57.1 MB / 168.3 MB ( 33.9%)
      57.1 MB / 168.3 MB ( 33.9%)
      57.1 MB / 168.3 MB ( 34.0%)
      57.1 MB / 168.3 MB ( 34.0%)
      57.2 MB / 168.3 MB ( 34.0%)
      57.2 MB / 168.3 MB ( 34.0%)
      57.2 MB / 168.3 MB ( 34.0%)
      57.2 MB / 168.3 MB ( 34.0%)
      57.2 MB / 168.3 MB ( 34.0%)
      57.2 MB / 168.3 MB ( 34.0%)
      57.2 MB / 168.3 MB ( 34.0%)
      57.2 MB / 168.3 MB ( 34.0%)
      57.2 MB / 168.3 MB ( 34.0%)
      57.2 MB / 168.3 MB ( 34.0%)
      57.2 MB / 168.3 MB ( 34.0%)
      57.2 MB / 168.3 MB ( 34.0%)
      57.3 MB / 168.3 MB ( 34.0%)
      57.3 MB / 168.3 MB ( 34.0%)
      57.3 MB / 168.3 MB ( 34.0%)
      57.3 MB / 168.3 MB ( 34.0%)
      57.3 MB / 168.3 MB ( 34.0%)
      57.3 MB / 168.3 MB ( 34.0%)
      57.3 MB / 168.3 MB ( 34.1%)
      57.3 MB / 168.3 MB ( 34.1%)
      57.3 MB / 168.3 MB ( 34.1%)
      57.3 MB / 168.3 MB ( 34.1%)
      57.3 MB / 168.3 MB ( 34.1%)
      57.3 MB / 168.3 MB ( 34.1%)
      57.4 MB / 168.3 MB ( 34.1%)
      57.4 MB / 168.3 MB ( 34.1%)
      57.4 MB / 168.3 MB ( 34.1%)
      57.4 MB / 168.3 MB ( 34.1%)
      57.4 MB / 168.3 MB ( 34.1%)
      57.4 MB / 168.3 MB ( 34.1%)
      57.4 MB / 168.3 MB ( 34.1%)
      57.4 MB / 168.3 MB ( 34.1%)
      57.4 MB / 168.3 MB ( 34.1%)
      57.4 MB / 168.3 MB ( 34.1%)
      57.4 MB / 168.3 MB ( 34.1%)
      57.4 MB / 168.3 MB ( 34.1%)
      57.5 MB / 168.3 MB ( 34.1%)
      57.5 MB / 168.3 MB ( 34.1%)
      57.5 MB / 168.3 MB ( 34.1%)
      57.5 MB / 168.3 MB ( 34.2%)
      57.5 MB / 168.3 MB ( 34.2%)
      57.5 MB / 168.3 MB ( 34.2%)
      57.5 MB / 168.3 MB ( 34.2%)
      57.5 MB / 168.3 MB ( 34.2%)
      57.5 MB / 168.3 MB ( 34.2%)
      57.5 MB / 168.3 MB ( 34.2%)
      57.5 MB / 168.3 MB ( 34.2%)
      57.5 MB / 168.3 MB ( 34.2%)
      57.5 MB / 168.3 MB ( 34.2%)
      57.6 MB / 168.3 MB ( 34.2%)
      57.6 MB / 168.3 MB ( 34.2%)
      57.6 MB / 168.3 MB ( 34.2%)
      57.6 MB / 168.3 MB ( 34.2%)
      57.6 MB / 168.3 MB ( 34.2%)
      57.6 MB / 168.3 MB ( 34.2%)
      57.6 MB / 168.3 MB ( 34.2%)
      57.6 MB / 168.3 MB ( 34.2%)
      57.6 MB / 168.3 MB ( 34.2%)
      57.6 MB / 168.3 MB ( 34.2%)
      57.6 MB / 168.3 MB ( 34.3%)
      57.6 MB / 168.3 MB ( 34.3%)
      57.7 MB / 168.3 MB ( 34.3%)
      57.7 MB / 168.3 MB ( 34.3%)
      57.7 MB / 168.3 MB ( 34.3%)
      57.7 MB / 168.3 MB ( 34.3%)
      57.7 MB / 168.3 MB ( 34.3%)
      57.7 MB / 168.3 MB ( 34.3%)
      57.7 MB / 168.3 MB ( 34.3%)
      57.7 MB / 168.3 MB ( 34.3%)
      57.7 MB / 168.3 MB ( 34.3%)
      57.7 MB / 168.3 MB ( 34.3%)
      57.7 MB / 168.3 MB ( 34.3%)
      57.7 MB / 168.3 MB ( 34.3%)
      57.8 MB / 168.3 MB ( 34.3%)
      57.8 MB / 168.3 MB ( 34.3%)
      57.8 MB / 168.3 MB ( 34.3%)
      57.8 MB / 168.3 MB ( 34.3%)
      57.8 MB / 168.3 MB ( 34.3%)
      57.8 MB / 168.3 MB ( 34.3%)
      57.8 MB / 168.3 MB ( 34.3%)
      57.8 MB / 168.3 MB ( 34.4%)
      57.8 MB / 168.3 MB ( 34.4%)
      57.8 MB / 168.3 MB ( 34.4%)
      57.8 MB / 168.3 MB ( 34.4%)
      57.8 MB / 168.3 MB ( 34.4%)
      57.9 MB / 168.3 MB ( 34.4%)
      57.9 MB / 168.3 MB ( 34.4%)
      57.9 MB / 168.3 MB ( 34.4%)
      57.9 MB / 168.3 MB ( 34.4%)
      57.9 MB / 168.3 MB ( 34.4%)
      57.9 MB / 168.3 MB ( 34.4%)
      57.9 MB / 168.3 MB ( 34.4%)
      57.9 MB / 168.3 MB ( 34.4%)
      57.9 MB / 168.3 MB ( 34.4%)
      57.9 MB / 168.3 MB ( 34.4%)
      57.9 MB / 168.3 MB ( 34.4%)
      57.9 MB / 168.3 MB ( 34.4%)
      58.0 MB / 168.3 MB ( 34.4%)
      58.0 MB / 168.3 MB ( 34.4%)
      58.0 MB / 168.3 MB ( 34.4%)
      58.0 MB / 168.3 MB ( 34.5%)
      58.0 MB / 168.3 MB ( 34.5%)
      58.0 MB / 168.3 MB ( 34.5%)
      58.0 MB / 168.3 MB ( 34.5%)
      58.0 MB / 168.3 MB ( 34.5%)
      58.0 MB / 168.3 MB ( 34.5%)
      58.0 MB / 168.3 MB ( 34.5%)
      58.0 MB / 168.3 MB ( 34.5%)
      58.0 MB / 168.3 MB ( 34.5%)
      58.0 MB / 168.3 MB ( 34.5%)
      58.1 MB / 168.3 MB ( 34.5%)
      58.1 MB / 168.3 MB ( 34.5%)
      58.1 MB / 168.3 MB ( 34.5%)
      58.1 MB / 168.3 MB ( 34.5%)
      58.1 MB / 168.3 MB ( 34.5%)
      58.1 MB / 168.3 MB ( 34.5%)
      58.1 MB / 168.3 MB ( 34.5%)
      58.1 MB / 168.3 MB ( 34.5%)
      58.1 MB / 168.3 MB ( 34.5%)
      58.1 MB / 168.3 MB ( 34.5%)
      58.1 MB / 168.3 MB ( 34.5%)
      58.1 MB / 168.3 MB ( 34.6%)
      58.2 MB / 168.3 MB ( 34.6%)
      58.2 MB / 168.3 MB ( 34.6%)
      58.2 MB / 168.3 MB ( 34.6%)
      58.2 MB / 168.3 MB ( 34.6%)
      58.2 MB / 168.3 MB ( 34.6%)
      58.2 MB / 168.3 MB ( 34.6%)
      58.2 MB / 168.3 MB ( 34.6%)
      58.2 MB / 168.3 MB ( 34.6%)
      58.2 MB / 168.3 MB ( 34.6%)
      58.2 MB / 168.3 MB ( 34.6%)
      58.2 MB / 168.3 MB ( 34.6%)
      58.2 MB / 168.3 MB ( 34.6%)
      58.3 MB / 168.3 MB ( 34.6%)
      58.3 MB / 168.3 MB ( 34.6%)
      58.3 MB / 168.3 MB ( 34.6%)
      58.3 MB / 168.3 MB ( 34.6%)
      58.3 MB / 168.3 MB ( 34.6%)
      58.3 MB / 168.3 MB ( 34.6%)
      58.3 MB / 168.3 MB ( 34.6%)
      58.3 MB / 168.3 MB ( 34.7%)
      58.3 MB / 168.3 MB ( 34.7%)
      58.3 MB / 168.3 MB ( 34.7%)
      58.3 MB / 168.3 MB ( 34.7%)
      58.3 MB / 168.3 MB ( 34.7%)
      58.4 MB / 168.3 MB ( 34.7%)
      58.4 MB / 168.3 MB ( 34.7%)
      58.4 MB / 168.3 MB ( 34.7%)
      58.4 MB / 168.3 MB ( 34.7%)
      58.4 MB / 168.3 MB ( 34.7%)
      58.4 MB / 168.3 MB ( 34.7%)
      58.4 MB / 168.3 MB ( 34.7%)
      58.4 MB / 168.3 MB ( 34.7%)
      58.4 MB / 168.3 MB ( 34.7%)
      58.4 MB / 168.3 MB ( 34.7%)
      58.4 MB / 168.3 MB ( 34.7%)
      58.4 MB / 168.3 MB ( 34.7%)
      58.4 MB / 168.3 MB ( 34.7%)
      58.5 MB / 168.3 MB ( 34.7%)
      58.5 MB / 168.3 MB ( 34.7%)
      58.5 MB / 168.3 MB ( 34.7%)
      58.5 MB / 168.3 MB ( 34.8%)
      58.5 MB / 168.3 MB ( 34.8%)
      58.5 MB / 168.3 MB ( 34.8%)
      58.5 MB / 168.3 MB ( 34.8%)
      58.5 MB / 168.3 MB ( 34.8%)
      58.5 MB / 168.3 MB ( 34.8%)
      58.5 MB / 168.3 MB ( 34.8%)
      58.5 MB / 168.3 MB ( 34.8%)
      58.5 MB / 168.3 MB ( 34.8%)
      58.6 MB / 168.3 MB ( 34.8%)
      58.6 MB / 168.3 MB ( 34.8%)
      58.6 MB / 168.3 MB ( 34.8%)
      58.6 MB / 168.3 MB ( 34.8%)
      58.6 MB / 168.3 MB ( 34.8%)
      58.6 MB / 168.3 MB ( 34.8%)
      58.6 MB / 168.3 MB ( 34.8%)
      58.6 MB / 168.3 MB ( 34.8%)
      58.6 MB / 168.3 MB ( 34.8%)
      58.6 MB / 168.3 MB ( 34.8%)
      58.6 MB / 168.3 MB ( 34.8%)
      58.6 MB / 168.3 MB ( 34.9%)
      58.7 MB / 168.3 MB ( 34.9%)
      58.7 MB / 168.3 MB ( 34.9%)
      58.7 MB / 168.3 MB ( 34.9%)
      58.7 MB / 168.3 MB ( 34.9%)
      58.7 MB / 168.3 MB ( 34.9%)
      58.7 MB / 168.3 MB ( 34.9%)
      58.7 MB / 168.3 MB ( 34.9%)
      58.7 MB / 168.3 MB ( 34.9%)
      58.7 MB / 168.3 MB ( 34.9%)
      58.7 MB / 168.3 MB ( 34.9%)
      58.7 MB / 168.3 MB ( 34.9%)
      58.7 MB / 168.3 MB ( 34.9%)
      58.8 MB / 168.3 MB ( 34.9%)
      58.8 MB / 168.3 MB ( 34.9%)
      58.8 MB / 168.3 MB ( 34.9%)
      58.8 MB / 168.3 MB ( 34.9%)
      58.8 MB / 168.3 MB ( 34.9%)
      58.8 MB / 168.3 MB ( 34.9%)
      58.8 MB / 168.3 MB ( 34.9%)
      58.8 MB / 168.3 MB ( 34.9%)
      58.8 MB / 168.3 MB ( 35.0%)
      58.8 MB / 168.3 MB ( 35.0%)
      58.8 MB / 168.3 MB ( 35.0%)
      58.8 MB / 168.3 MB ( 35.0%)
      58.9 MB / 168.3 MB ( 35.0%)
      58.9 MB / 168.3 MB ( 35.0%)
      58.9 MB / 168.3 MB ( 35.0%)
      58.9 MB / 168.3 MB ( 35.0%)
      58.9 MB / 168.3 MB ( 35.0%)
      58.9 MB / 168.3 MB ( 35.0%)
      58.9 MB / 168.3 MB ( 35.0%)
      58.9 MB / 168.3 MB ( 35.0%)
      58.9 MB / 168.3 MB ( 35.0%)
      58.9 MB / 168.3 MB ( 35.0%)
      58.9 MB / 168.3 MB ( 35.0%)
      58.9 MB / 168.3 MB ( 35.0%)
      58.9 MB / 168.3 MB ( 35.0%)
      59.0 MB / 168.3 MB ( 35.0%)
      59.0 MB / 168.3 MB ( 35.0%)
      59.0 MB / 168.3 MB ( 35.0%)
      59.0 MB / 168.3 MB ( 35.1%)
      59.0 MB / 168.3 MB ( 35.1%)
      59.0 MB / 168.3 MB ( 35.1%)
      59.0 MB / 168.3 MB ( 35.1%)
      59.0 MB / 168.3 MB ( 35.1%)
      59.0 MB / 168.3 MB ( 35.1%)
      59.0 MB / 168.3 MB ( 35.1%)
      59.0 MB / 168.3 MB ( 35.1%)
      59.0 MB / 168.3 MB ( 35.1%)
      59.1 MB / 168.3 MB ( 35.1%)
      59.1 MB / 168.3 MB ( 35.1%)
      59.1 MB / 168.3 MB ( 35.1%)
      59.1 MB / 168.3 MB ( 35.1%)
      59.1 MB / 168.3 MB ( 35.1%)
      59.1 MB / 168.3 MB ( 35.1%)
      59.1 MB / 168.3 MB ( 35.1%)
      59.1 MB / 168.3 MB ( 35.1%)
      59.1 MB / 168.3 MB ( 35.1%)
      59.1 MB / 168.3 MB ( 35.1%)
      59.1 MB / 168.3 MB ( 35.1%)
      59.1 MB / 168.3 MB ( 35.1%)
      59.2 MB / 168.3 MB ( 35.2%)
      59.2 MB / 168.3 MB ( 35.2%)
      59.2 MB / 168.3 MB ( 35.2%)
      59.2 MB / 168.3 MB ( 35.2%)
      59.2 MB / 168.3 MB ( 35.2%)
      59.2 MB / 168.3 MB ( 35.2%)
      59.2 MB / 168.3 MB ( 35.2%)
      59.2 MB / 168.3 MB ( 35.2%)
      59.2 MB / 168.3 MB ( 35.2%)
      59.2 MB / 168.3 MB ( 35.2%)
      59.2 MB / 168.3 MB ( 35.2%)
      59.2 MB / 168.3 MB ( 35.2%)
      59.3 MB / 168.3 MB ( 35.2%)
      59.3 MB / 168.3 MB ( 35.2%)
      59.3 MB / 168.3 MB ( 35.2%)
      59.3 MB / 168.3 MB ( 35.2%)
      59.3 MB / 168.3 MB ( 35.2%)
      59.3 MB / 168.3 MB ( 35.2%)
      59.3 MB / 168.3 MB ( 35.2%)
      59.3 MB / 168.3 MB ( 35.2%)
      59.3 MB / 168.3 MB ( 35.2%)
      59.3 MB / 168.3 MB ( 35.3%)
      59.3 MB / 168.3 MB ( 35.3%)
      59.3 MB / 168.3 MB ( 35.3%)
      59.4 MB / 168.3 MB ( 35.3%)
      59.4 MB / 168.3 MB ( 35.3%)
      59.4 MB / 168.3 MB ( 35.3%)
      59.4 MB / 168.3 MB ( 35.3%)
      59.4 MB / 168.3 MB ( 35.3%)
      59.4 MB / 168.3 MB ( 35.3%)
      59.4 MB / 168.3 MB ( 35.3%)
      59.4 MB / 168.3 MB ( 35.3%)
      59.4 MB / 168.3 MB ( 35.3%)
      59.4 MB / 168.3 MB ( 35.3%)
      59.4 MB / 168.3 MB ( 35.3%)
      59.4 MB / 168.3 MB ( 35.3%)
      59.4 MB / 168.3 MB ( 35.3%)
      59.5 MB / 168.3 MB ( 35.3%)
      59.5 MB / 168.3 MB ( 35.3%)
      59.5 MB / 168.3 MB ( 35.3%)
      59.5 MB / 168.3 MB ( 35.3%)
      59.5 MB / 168.3 MB ( 35.4%)
      59.5 MB / 168.3 MB ( 35.4%)
      59.5 MB / 168.3 MB ( 35.4%)
      59.5 MB / 168.3 MB ( 35.4%)
      59.5 MB / 168.3 MB ( 35.4%)
      59.5 MB / 168.3 MB ( 35.4%)
      59.5 MB / 168.3 MB ( 35.4%)
      59.5 MB / 168.3 MB ( 35.4%)
      59.6 MB / 168.3 MB ( 35.4%)
      59.6 MB / 168.3 MB ( 35.4%)
      59.6 MB / 168.3 MB ( 35.4%)
      59.6 MB / 168.3 MB ( 35.4%)
      59.6 MB / 168.3 MB ( 35.4%)
      59.6 MB / 168.3 MB ( 35.4%)
      59.6 MB / 168.3 MB ( 35.4%)
      59.6 MB / 168.3 MB ( 35.4%)
      59.6 MB / 168.3 MB ( 35.4%)
      59.6 MB / 168.3 MB ( 35.4%)
      59.6 MB / 168.3 MB ( 35.4%)
      59.6 MB / 168.3 MB ( 35.4%)
      59.7 MB / 168.3 MB ( 35.4%)
      59.7 MB / 168.3 MB ( 35.5%)
      59.7 MB / 168.3 MB ( 35.5%)
      59.7 MB / 168.3 MB ( 35.5%)
      59.7 MB / 168.3 MB ( 35.5%)
      59.7 MB / 168.3 MB ( 35.5%)
      59.7 MB / 168.3 MB ( 35.5%)
      59.7 MB / 168.3 MB ( 35.5%)
      59.7 MB / 168.3 MB ( 35.5%)
      59.7 MB / 168.3 MB ( 35.5%)
      59.7 MB / 168.3 MB ( 35.5%)
      59.7 MB / 168.3 MB ( 35.5%)
      59.8 MB / 168.3 MB ( 35.5%)
      59.8 MB / 168.3 MB ( 35.5%)
      59.8 MB / 168.3 MB ( 35.5%)
      59.8 MB / 168.3 MB ( 35.5%)
      59.8 MB / 168.3 MB ( 35.5%)
      59.8 MB / 168.3 MB ( 35.5%)
      59.8 MB / 168.3 MB ( 35.5%)
      59.8 MB / 168.3 MB ( 35.5%)
      59.8 MB / 168.3 MB ( 35.5%)
      59.8 MB / 168.3 MB ( 35.6%)
      59.8 MB / 168.3 MB ( 35.6%)
      59.8 MB / 168.3 MB ( 35.6%)
      59.9 MB / 168.3 MB ( 35.6%)
      59.9 MB / 168.3 MB ( 35.6%)
      59.9 MB / 168.3 MB ( 35.6%)
      59.9 MB / 168.3 MB ( 35.6%)
      59.9 MB / 168.3 MB ( 35.6%)
      59.9 MB / 168.3 MB ( 35.6%)
      59.9 MB / 168.3 MB ( 35.6%)
      59.9 MB / 168.3 MB ( 35.6%)
      59.9 MB / 168.3 MB ( 35.6%)
      59.9 MB / 168.3 MB ( 35.6%)
      59.9 MB / 168.3 MB ( 35.6%)
      59.9 MB / 168.3 MB ( 35.6%)
      59.9 MB / 168.3 MB ( 35.6%)
      60.0 MB / 168.3 MB ( 35.6%)
      60.0 MB / 168.3 MB ( 35.6%)
      60.0 MB / 168.3 MB ( 35.6%)
      60.0 MB / 168.3 MB ( 35.6%)
      60.0 MB / 168.3 MB ( 35.6%)
      60.0 MB / 168.3 MB ( 35.7%)
      60.0 MB / 168.3 MB ( 35.7%)
      60.0 MB / 168.3 MB ( 35.7%)
      60.0 MB / 168.3 MB ( 35.7%)
      60.0 MB / 168.3 MB ( 35.7%)
      60.0 MB / 168.3 MB ( 35.7%)
      60.0 MB / 168.3 MB ( 35.7%)
      60.1 MB / 168.3 MB ( 35.7%)
      60.1 MB / 168.3 MB ( 35.7%)
      60.1 MB / 168.3 MB ( 35.7%)
      60.1 MB / 168.3 MB ( 35.7%)
      60.1 MB / 168.3 MB ( 35.7%)
      60.1 MB / 168.3 MB ( 35.7%)
      60.1 MB / 168.3 MB ( 35.7%)
      60.1 MB / 168.3 MB ( 35.7%)
      60.1 MB / 168.3 MB ( 35.7%)
      60.1 MB / 168.3 MB ( 35.7%)
      60.1 MB / 168.3 MB ( 35.7%)
      60.1 MB / 168.3 MB ( 35.7%)
      60.2 MB / 168.3 MB ( 35.7%)
      60.2 MB / 168.3 MB ( 35.8%)
      60.2 MB / 168.3 MB ( 35.8%)
      60.2 MB / 168.3 MB ( 35.8%)
      60.2 MB / 168.3 MB ( 35.8%)
      60.2 MB / 168.3 MB ( 35.8%)
      60.2 MB / 168.3 MB ( 35.8%)
      60.2 MB / 168.3 MB ( 35.8%)
      60.2 MB / 168.3 MB ( 35.8%)
      60.2 MB / 168.3 MB ( 35.8%)
      60.2 MB / 168.3 MB ( 35.8%)
      60.2 MB / 168.3 MB ( 35.8%)
      60.3 MB / 168.3 MB ( 35.8%)
      60.3 MB / 168.3 MB ( 35.8%)
      60.3 MB / 168.3 MB ( 35.8%)
      60.3 MB / 168.3 MB ( 35.8%)
      60.3 MB / 168.3 MB ( 35.8%)
      60.3 MB / 168.3 MB ( 35.8%)
      60.3 MB / 168.3 MB ( 35.8%)
      60.3 MB / 168.3 MB ( 35.8%)
      60.3 MB / 168.3 MB ( 35.8%)
      60.3 MB / 168.3 MB ( 35.8%)
      60.3 MB / 168.3 MB ( 35.9%)
      60.3 MB / 168.3 MB ( 35.9%)
      60.4 MB / 168.3 MB ( 35.9%)
      60.4 MB / 168.3 MB ( 35.9%)
      60.4 MB / 168.3 MB ( 35.9%)
      60.4 MB / 168.3 MB ( 35.9%)
      60.4 MB / 168.3 MB ( 35.9%)
      60.4 MB / 168.3 MB ( 35.9%)
      60.4 MB / 168.3 MB ( 35.9%)
      60.4 MB / 168.3 MB ( 35.9%)
      60.4 MB / 168.3 MB ( 35.9%)
      60.4 MB / 168.3 MB ( 35.9%)
      60.4 MB / 168.3 MB ( 35.9%)
      60.4 MB / 168.3 MB ( 35.9%)
      60.4 MB / 168.3 MB ( 35.9%)
      60.5 MB / 168.3 MB ( 35.9%)
      60.5 MB / 168.3 MB ( 35.9%)
      60.5 MB / 168.3 MB ( 35.9%)
      60.5 MB / 168.3 MB ( 35.9%)
      60.5 MB / 168.3 MB ( 35.9%)
      60.5 MB / 168.3 MB ( 36.0%)
      60.5 MB / 168.3 MB ( 36.0%)
      60.5 MB / 168.3 MB ( 36.0%)
      60.5 MB / 168.3 MB ( 36.0%)
      60.5 MB / 168.3 MB ( 36.0%)
      60.5 MB / 168.3 MB ( 36.0%)
      60.5 MB / 168.3 MB ( 36.0%)
      60.6 MB / 168.3 MB ( 36.0%)
      60.6 MB / 168.3 MB ( 36.0%)
      60.6 MB / 168.3 MB ( 36.0%)
      60.6 MB / 168.3 MB ( 36.0%)
      60.6 MB / 168.3 MB ( 36.0%)
      60.6 MB / 168.3 MB ( 36.0%)
      60.6 MB / 168.3 MB ( 36.0%)
      60.6 MB / 168.3 MB ( 36.0%)
      60.6 MB / 168.3 MB ( 36.0%)
      60.6 MB / 168.3 MB ( 36.0%)
      60.6 MB / 168.3 MB ( 36.0%)
      60.6 MB / 168.3 MB ( 36.0%)
      60.7 MB / 168.3 MB ( 36.0%)
      60.7 MB / 168.3 MB ( 36.0%)
      60.7 MB / 168.3 MB ( 36.1%)
      60.7 MB / 168.3 MB ( 36.1%)
      60.7 MB / 168.3 MB ( 36.1%)
      60.7 MB / 168.3 MB ( 36.1%)
      60.7 MB / 168.3 MB ( 36.1%)
      60.7 MB / 168.3 MB ( 36.1%)
      60.7 MB / 168.3 MB ( 36.1%)
      60.7 MB / 168.3 MB ( 36.1%)
      60.7 MB / 168.3 MB ( 36.1%)
      60.7 MB / 168.3 MB ( 36.1%)
      60.8 MB / 168.3 MB ( 36.1%)
      60.8 MB / 168.3 MB ( 36.1%)
      60.8 MB / 168.3 MB ( 36.1%)
      60.8 MB / 168.3 MB ( 36.1%)
      60.8 MB / 168.3 MB ( 36.1%)
      60.8 MB / 168.3 MB ( 36.1%)
      60.8 MB / 168.3 MB ( 36.1%)
      60.8 MB / 168.3 MB ( 36.1%)
      60.8 MB / 168.3 MB ( 36.1%)
      60.8 MB / 168.3 MB ( 36.1%)
      60.8 MB / 168.3 MB ( 36.2%)
      60.8 MB / 168.3 MB ( 36.2%)
      60.9 MB / 168.3 MB ( 36.2%)
      60.9 MB / 168.3 MB ( 36.2%)
      60.9 MB / 168.3 MB ( 36.2%)
      60.9 MB / 168.3 MB ( 36.2%)
      60.9 MB / 168.3 MB ( 36.2%)
      60.9 MB / 168.3 MB ( 36.2%)
      60.9 MB / 168.3 MB ( 36.2%)
      60.9 MB / 168.3 MB ( 36.2%)
      60.9 MB / 168.3 MB ( 36.2%)
      60.9 MB / 168.3 MB ( 36.2%)
      60.9 MB / 168.3 MB ( 36.2%)
      60.9 MB / 168.3 MB ( 36.2%)
      60.9 MB / 168.3 MB ( 36.2%)
      61.0 MB / 168.3 MB ( 36.2%)
      61.0 MB / 168.3 MB ( 36.2%)
      61.0 MB / 168.3 MB ( 36.2%)
      61.0 MB / 168.3 MB ( 36.2%)
      61.0 MB / 168.3 MB ( 36.2%)
      61.0 MB / 168.3 MB ( 36.2%)
      61.0 MB / 168.3 MB ( 36.3%)
      61.0 MB / 168.3 MB ( 36.3%)
      61.0 MB / 168.3 MB ( 36.3%)
      61.0 MB / 168.3 MB ( 36.3%)
      61.0 MB / 168.3 MB ( 36.3%)
      61.0 MB / 168.3 MB ( 36.3%)
      61.1 MB / 168.3 MB ( 36.3%)
      61.1 MB / 168.3 MB ( 36.3%)
      61.1 MB / 168.3 MB ( 36.3%)
      61.1 MB / 168.3 MB ( 36.3%)
      61.1 MB / 168.3 MB ( 36.3%)
      61.1 MB / 168.3 MB ( 36.3%)
      61.1 MB / 168.3 MB ( 36.3%)
      61.1 MB / 168.3 MB ( 36.3%)
      61.1 MB / 168.3 MB ( 36.3%)
      61.1 MB / 168.3 MB ( 36.3%)
      61.1 MB / 168.3 MB ( 36.3%)
      61.1 MB / 168.3 MB ( 36.3%)
      61.2 MB / 168.3 MB ( 36.3%)
      61.2 MB / 168.3 MB ( 36.3%)
      61.2 MB / 168.3 MB ( 36.3%)
      61.2 MB / 168.3 MB ( 36.4%)
      61.2 MB / 168.3 MB ( 36.4%)
      61.2 MB / 168.3 MB ( 36.4%)
      61.2 MB / 168.3 MB ( 36.4%)
      61.2 MB / 168.3 MB ( 36.4%)
      61.2 MB / 168.3 MB ( 36.4%)
      61.2 MB / 168.3 MB ( 36.4%)
      61.2 MB / 168.3 MB ( 36.4%)
      61.2 MB / 168.3 MB ( 36.4%)
      61.3 MB / 168.3 MB ( 36.4%)
      61.3 MB / 168.3 MB ( 36.4%)
      61.3 MB / 168.3 MB ( 36.4%)
      61.3 MB / 168.3 MB ( 36.4%)
      61.3 MB / 168.3 MB ( 36.4%)
      61.3 MB / 168.3 MB ( 36.4%)
      61.3 MB / 168.3 MB ( 36.4%)
      61.3 MB / 168.3 MB ( 36.4%)
      61.3 MB / 168.3 MB ( 36.4%)
      61.3 MB / 168.3 MB ( 36.4%)
      61.3 MB / 168.3 MB ( 36.4%)
      61.3 MB / 168.3 MB ( 36.5%)
      61.3 MB / 168.3 MB ( 36.5%)
      61.4 MB / 168.3 MB ( 36.5%)
      61.4 MB / 168.3 MB ( 36.5%)
      61.4 MB / 168.3 MB ( 36.5%)
      61.4 MB / 168.3 MB ( 36.5%)
      61.4 MB / 168.3 MB ( 36.5%)
      61.4 MB / 168.3 MB ( 36.5%)
      61.4 MB / 168.3 MB ( 36.5%)
      61.4 MB / 168.3 MB ( 36.5%)
      61.4 MB / 168.3 MB ( 36.5%)
      61.4 MB / 168.3 MB ( 36.5%)
      61.4 MB / 168.3 MB ( 36.5%)
      61.4 MB / 168.3 MB ( 36.5%)
      61.5 MB / 168.3 MB ( 36.5%)
      61.5 MB / 168.3 MB ( 36.5%)
      61.5 MB / 168.3 MB ( 36.5%)
      61.5 MB / 168.3 MB ( 36.5%)
      61.5 MB / 168.3 MB ( 36.5%)
      61.5 MB / 168.3 MB ( 36.5%)
      61.5 MB / 168.3 MB ( 36.5%)
      61.5 MB / 168.3 MB ( 36.6%)
      61.5 MB / 168.3 MB ( 36.6%)
      61.5 MB / 168.3 MB ( 36.6%)
      61.5 MB / 168.3 MB ( 36.6%)
      61.5 MB / 168.3 MB ( 36.6%)
      61.6 MB / 168.3 MB ( 36.6%)
      61.6 MB / 168.3 MB ( 36.6%)
      61.6 MB / 168.3 MB ( 36.6%)
      61.6 MB / 168.3 MB ( 36.6%)
      61.6 MB / 168.3 MB ( 36.6%)
      61.6 MB / 168.3 MB ( 36.6%)
      61.6 MB / 168.3 MB ( 36.6%)
      61.6 MB / 168.3 MB ( 36.6%)
      61.6 MB / 168.3 MB ( 36.6%)
      61.6 MB / 168.3 MB ( 36.6%)
      61.6 MB / 168.3 MB ( 36.6%)
      61.6 MB / 168.3 MB ( 36.6%)
      61.7 MB / 168.3 MB ( 36.6%)
      61.7 MB / 168.3 MB ( 36.6%)
      61.7 MB / 168.3 MB ( 36.6%)
      61.7 MB / 168.3 MB ( 36.7%)
      61.7 MB / 168.3 MB ( 36.7%)
      61.7 MB / 168.3 MB ( 36.7%)
      61.7 MB / 168.3 MB ( 36.7%)
      61.7 MB / 168.3 MB ( 36.7%)
      61.7 MB / 168.3 MB ( 36.7%)
      61.7 MB / 168.3 MB ( 36.7%)
      61.7 MB / 168.3 MB ( 36.7%)
      61.7 MB / 168.3 MB ( 36.7%)
      61.8 MB / 168.3 MB ( 36.7%)
      61.8 MB / 168.3 MB ( 36.7%)
      61.8 MB / 168.3 MB ( 36.7%)
      61.8 MB / 168.3 MB ( 36.7%)
      61.8 MB / 168.3 MB ( 36.7%)
      61.8 MB / 168.3 MB ( 36.7%)
      61.8 MB / 168.3 MB ( 36.7%)
      61.8 MB / 168.3 MB ( 36.7%)
      61.8 MB / 168.3 MB ( 36.7%)
      61.8 MB / 168.3 MB ( 36.7%)
      61.8 MB / 168.3 MB ( 36.7%)
      61.8 MB / 168.3 MB ( 36.7%)
      61.8 MB / 168.3 MB ( 36.8%)
      61.9 MB / 168.3 MB ( 36.8%)
      61.9 MB / 168.3 MB ( 36.8%)
      61.9 MB / 168.3 MB ( 36.8%)
      61.9 MB / 168.3 MB ( 36.8%)
      61.9 MB / 168.3 MB ( 36.8%)
      61.9 MB / 168.3 MB ( 36.8%)
      61.9 MB / 168.3 MB ( 36.8%)
      61.9 MB / 168.3 MB ( 36.8%)
      61.9 MB / 168.3 MB ( 36.8%)
      61.9 MB / 168.3 MB ( 36.8%)
      61.9 MB / 168.3 MB ( 36.8%)
      61.9 MB / 168.3 MB ( 36.8%)
      62.0 MB / 168.3 MB ( 36.8%)
      62.0 MB / 168.3 MB ( 36.8%)
      62.0 MB / 168.3 MB ( 36.8%)
      62.0 MB / 168.3 MB ( 36.8%)
      62.0 MB / 168.3 MB ( 36.8%)
      62.0 MB / 168.3 MB ( 36.8%)
      62.0 MB / 168.3 MB ( 36.8%)
      62.0 MB / 168.3 MB ( 36.9%)
      62.0 MB / 168.3 MB ( 36.9%)
      62.0 MB / 168.3 MB ( 36.9%)
      62.0 MB / 168.3 MB ( 36.9%)
      62.0 MB / 168.3 MB ( 36.9%)
      62.1 MB / 168.3 MB ( 36.9%)
      62.1 MB / 168.3 MB ( 36.9%)
      62.1 MB / 168.3 MB ( 36.9%)
      62.1 MB / 168.3 MB ( 36.9%)
      62.1 MB / 168.3 MB ( 36.9%)
      62.1 MB / 168.3 MB ( 36.9%)
      62.1 MB / 168.3 MB ( 36.9%)
      62.1 MB / 168.3 MB ( 36.9%)
      62.1 MB / 168.3 MB ( 36.9%)
      62.1 MB / 168.3 MB ( 36.9%)
      62.1 MB / 168.3 MB ( 36.9%)
      62.1 MB / 168.3 MB ( 36.9%)
      62.2 MB / 168.3 MB ( 36.9%)
      62.2 MB / 168.3 MB ( 36.9%)
      62.2 MB / 168.3 MB ( 36.9%)
      62.2 MB / 168.3 MB ( 36.9%)
      62.2 MB / 168.3 MB ( 37.0%)
      62.2 MB / 168.3 MB ( 37.0%)
      62.2 MB / 168.3 MB ( 37.0%)
      62.2 MB / 168.3 MB ( 37.0%)
      62.2 MB / 168.3 MB ( 37.0%)
      62.2 MB / 168.3 MB ( 37.0%)
      62.2 MB / 168.3 MB ( 37.0%)
      62.2 MB / 168.3 MB ( 37.0%)
      62.3 MB / 168.3 MB ( 37.0%)
      62.3 MB / 168.3 MB ( 37.0%)
      62.3 MB / 168.3 MB ( 37.0%)
      62.3 MB / 168.3 MB ( 37.0%)
      62.3 MB / 168.3 MB ( 37.0%)
      62.3 MB / 168.3 MB ( 37.0%)
      62.3 MB / 168.3 MB ( 37.0%)
      62.3 MB / 168.3 MB ( 37.0%)
      62.3 MB / 168.3 MB ( 37.0%)
      62.3 MB / 168.3 MB ( 37.0%)
      62.3 MB / 168.3 MB ( 37.0%)
      62.3 MB / 168.3 MB ( 37.0%)
      62.3 MB / 168.3 MB ( 37.1%)
      62.4 MB / 168.3 MB ( 37.1%)
      62.4 MB / 168.3 MB ( 37.1%)
      62.4 MB / 168.3 MB ( 37.1%)
      62.4 MB / 168.3 MB ( 37.1%)
      62.4 MB / 168.3 MB ( 37.1%)
      62.4 MB / 168.3 MB ( 37.1%)
      62.4 MB / 168.3 MB ( 37.1%)
      62.4 MB / 168.3 MB ( 37.1%)
      62.4 MB / 168.3 MB ( 37.1%)
      62.4 MB / 168.3 MB ( 37.1%)
      62.4 MB / 168.3 MB ( 37.1%)
      62.4 MB / 168.3 MB ( 37.1%)
      62.5 MB / 168.3 MB ( 37.1%)
      62.5 MB / 168.3 MB ( 37.1%)
      62.5 MB / 168.3 MB ( 37.1%)
      62.5 MB / 168.3 MB ( 37.1%)
      62.5 MB / 168.3 MB ( 37.1%)
      62.5 MB / 168.3 MB ( 37.1%)
      62.5 MB / 168.3 MB ( 37.1%)
      62.5 MB / 168.3 MB ( 37.1%)
      62.5 MB / 168.3 MB ( 37.2%)
      62.5 MB / 168.3 MB ( 37.2%)
      62.5 MB / 168.3 MB ( 37.2%)
      62.5 MB / 168.3 MB ( 37.2%)
      62.6 MB / 168.3 MB ( 37.2%)
      62.6 MB / 168.3 MB ( 37.2%)
      62.6 MB / 168.3 MB ( 37.2%)
      62.6 MB / 168.3 MB ( 37.2%)
      62.6 MB / 168.3 MB ( 37.2%)
      62.6 MB / 168.3 MB ( 37.2%)
      62.6 MB / 168.3 MB ( 37.2%)
      62.6 MB / 168.3 MB ( 37.2%)
      62.6 MB / 168.3 MB ( 37.2%)
      62.6 MB / 168.3 MB ( 37.2%)
      62.6 MB / 168.3 MB ( 37.2%)
      62.6 MB / 168.3 MB ( 37.2%)
      62.7 MB / 168.3 MB ( 37.2%)
      62.7 MB / 168.3 MB ( 37.2%)
      62.7 MB / 168.3 MB ( 37.2%)
      62.7 MB / 168.3 MB ( 37.2%)
      62.7 MB / 168.3 MB ( 37.3%)
      62.7 MB / 168.3 MB ( 37.3%)
      62.7 MB / 168.3 MB ( 37.3%)
      62.7 MB / 168.3 MB ( 37.3%)
      62.7 MB / 168.3 MB ( 37.3%)
      62.7 MB / 168.3 MB ( 37.3%)
      62.7 MB / 168.3 MB ( 37.3%)
      62.7 MB / 168.3 MB ( 37.3%)
      62.8 MB / 168.3 MB ( 37.3%)
      62.8 MB / 168.3 MB ( 37.3%)
      62.8 MB / 168.3 MB ( 37.3%)
      62.8 MB / 168.3 MB ( 37.3%)
      62.8 MB / 168.3 MB ( 37.3%)
      62.8 MB / 168.3 MB ( 37.3%)
      62.8 MB / 168.3 MB ( 37.3%)
      62.8 MB / 168.3 MB ( 37.3%)
      62.8 MB / 168.3 MB ( 37.3%)
      62.8 MB / 168.3 MB ( 37.3%)
      62.8 MB / 168.3 MB ( 37.3%)
      62.8 MB / 168.3 MB ( 37.3%)
      62.8 MB / 168.3 MB ( 37.3%)
      62.9 MB / 168.3 MB ( 37.4%)
      62.9 MB / 168.3 MB ( 37.4%)
      62.9 MB / 168.3 MB ( 37.4%)
      62.9 MB / 168.3 MB ( 37.4%)
      62.9 MB / 168.3 MB ( 37.4%)
      62.9 MB / 168.3 MB ( 37.4%)
      62.9 MB / 168.3 MB ( 37.4%)
      62.9 MB / 168.3 MB ( 37.4%)
      62.9 MB / 168.3 MB ( 37.4%)
      62.9 MB / 168.3 MB ( 37.4%)
      62.9 MB / 168.3 MB ( 37.4%)
      62.9 MB / 168.3 MB ( 37.4%)
      63.0 MB / 168.3 MB ( 37.4%)
      63.0 MB / 168.3 MB ( 37.4%)
      63.0 MB / 168.3 MB ( 37.4%)
      63.0 MB / 168.3 MB ( 37.4%)
      63.0 MB / 168.3 MB ( 37.4%)
      63.0 MB / 168.3 MB ( 37.4%)
      63.0 MB / 168.3 MB ( 37.4%)
      63.0 MB / 168.3 MB ( 37.4%)
      63.0 MB / 168.3 MB ( 37.5%)
      63.0 MB / 168.3 MB ( 37.5%)
      63.0 MB / 168.3 MB ( 37.5%)
      63.0 MB / 168.3 MB ( 37.5%)
      63.1 MB / 168.3 MB ( 37.5%)
      63.1 MB / 168.3 MB ( 37.5%)
      63.1 MB / 168.3 MB ( 37.5%)
      63.1 MB / 168.3 MB ( 37.5%)
      63.1 MB / 168.3 MB ( 37.5%)
      63.1 MB / 168.3 MB ( 37.5%)
      63.1 MB / 168.3 MB ( 37.5%)
      63.1 MB / 168.3 MB ( 37.5%)
      63.1 MB / 168.3 MB ( 37.5%)
      63.1 MB / 168.3 MB ( 37.5%)
      63.1 MB / 168.3 MB ( 37.5%)
      63.1 MB / 168.3 MB ( 37.5%)
      63.2 MB / 168.3 MB ( 37.5%)
      63.2 MB / 168.3 MB ( 37.5%)
      63.2 MB / 168.3 MB ( 37.5%)
      63.2 MB / 168.3 MB ( 37.5%)
      63.2 MB / 168.3 MB ( 37.5%)
      63.2 MB / 168.3 MB ( 37.6%)
      63.2 MB / 168.3 MB ( 37.6%)
      63.2 MB / 168.3 MB ( 37.6%)
      63.2 MB / 168.3 MB ( 37.6%)
      63.2 MB / 168.3 MB ( 37.6%)
      63.2 MB / 168.3 MB ( 37.6%)
      63.2 MB / 168.3 MB ( 37.6%)
      63.3 MB / 168.3 MB ( 37.6%)
      63.3 MB / 168.3 MB ( 37.6%)
      63.3 MB / 168.3 MB ( 37.6%)
      63.3 MB / 168.3 MB ( 37.6%)
      63.3 MB / 168.3 MB ( 37.6%)
      63.3 MB / 168.3 MB ( 37.6%)
      63.3 MB / 168.3 MB ( 37.6%)
      63.3 MB / 168.3 MB ( 37.6%)
      63.3 MB / 168.3 MB ( 37.6%)
      63.3 MB / 168.3 MB ( 37.6%)
      63.3 MB / 168.3 MB ( 37.6%)
      63.3 MB / 168.3 MB ( 37.6%)
      63.3 MB / 168.3 MB ( 37.6%)
      63.4 MB / 168.3 MB ( 37.6%)
      63.4 MB / 168.3 MB ( 37.7%)
      63.4 MB / 168.3 MB ( 37.7%)
      63.4 MB / 168.3 MB ( 37.7%)
      63.4 MB / 168.3 MB ( 37.7%)
      63.4 MB / 168.3 MB ( 37.7%)
      63.4 MB / 168.3 MB ( 37.7%)
      63.4 MB / 168.3 MB ( 37.7%)
      63.4 MB / 168.3 MB ( 37.7%)
      63.4 MB / 168.3 MB ( 37.7%)
      63.4 MB / 168.3 MB ( 37.7%)
      63.4 MB / 168.3 MB ( 37.7%)
      63.5 MB / 168.3 MB ( 37.7%)
      63.5 MB / 168.3 MB ( 37.7%)
      63.5 MB / 168.3 MB ( 37.7%)
      63.5 MB / 168.3 MB ( 37.7%)
      63.5 MB / 168.3 MB ( 37.7%)
      63.5 MB / 168.3 MB ( 37.7%)
      63.5 MB / 168.3 MB ( 37.7%)
      63.5 MB / 168.3 MB ( 37.7%)
      63.5 MB / 168.3 MB ( 37.7%)
      63.5 MB / 168.3 MB ( 37.8%)
      63.5 MB / 168.3 MB ( 37.8%)
      63.5 MB / 168.3 MB ( 37.8%)
      63.6 MB / 168.3 MB ( 37.8%)
      63.6 MB / 168.3 MB ( 37.8%)
      63.6 MB / 168.3 MB ( 37.8%)
      63.6 MB / 168.3 MB ( 37.8%)
      63.6 MB / 168.3 MB ( 37.8%)
      63.6 MB / 168.3 MB ( 37.8%)
      63.6 MB / 168.3 MB ( 37.8%)
      63.6 MB / 168.3 MB ( 37.8%)
      63.6 MB / 168.3 MB ( 37.8%)
      63.6 MB / 168.3 MB ( 37.8%)
      63.6 MB / 168.3 MB ( 37.8%)
      63.6 MB / 168.3 MB ( 37.8%)
      63.7 MB / 168.3 MB ( 37.8%)
      63.7 MB / 168.3 MB ( 37.8%)
      63.7 MB / 168.3 MB ( 37.8%)
      63.7 MB / 168.3 MB ( 37.8%)
      63.7 MB / 168.3 MB ( 37.8%)
      63.7 MB / 168.3 MB ( 37.8%)
      63.7 MB / 168.3 MB ( 37.9%)
      63.7 MB / 168.3 MB ( 37.9%)
      63.7 MB / 168.3 MB ( 37.9%)
      63.7 MB / 168.3 MB ( 37.9%)
      63.7 MB / 168.3 MB ( 37.9%)
      63.7 MB / 168.3 MB ( 37.9%)
      63.8 MB / 168.3 MB ( 37.9%)
      63.8 MB / 168.3 MB ( 37.9%)
      63.8 MB / 168.3 MB ( 37.9%)
      63.8 MB / 168.3 MB ( 37.9%)
      63.8 MB / 168.3 MB ( 37.9%)
      63.8 MB / 168.3 MB ( 37.9%)
      63.8 MB / 168.3 MB ( 37.9%)
      63.8 MB / 168.3 MB ( 37.9%)
      63.8 MB / 168.3 MB ( 37.9%)
      63.8 MB / 168.3 MB ( 37.9%)
      63.8 MB / 168.3 MB ( 37.9%)
      63.8 MB / 168.3 MB ( 37.9%)
      63.8 MB / 168.3 MB ( 37.9%)
      63.9 MB / 168.3 MB ( 37.9%)
      63.9 MB / 168.3 MB ( 38.0%)
      63.9 MB / 168.3 MB ( 38.0%)
      63.9 MB / 168.3 MB ( 38.0%)
      63.9 MB / 168.3 MB ( 38.0%)
      63.9 MB / 168.3 MB ( 38.0%)
      63.9 MB / 168.3 MB ( 38.0%)
      63.9 MB / 168.3 MB ( 38.0%)
      63.9 MB / 168.3 MB ( 38.0%)
      63.9 MB / 168.3 MB ( 38.0%)
      63.9 MB / 168.3 MB ( 38.0%)
      63.9 MB / 168.3 MB ( 38.0%)
      64.0 MB / 168.3 MB ( 38.0%)
      64.0 MB / 168.3 MB ( 38.0%)
      64.0 MB / 168.3 MB ( 38.0%)
      64.0 MB / 168.3 MB ( 38.0%)
      64.0 MB / 168.3 MB ( 38.0%)
      64.0 MB / 168.3 MB ( 38.0%)
      64.0 MB / 168.3 MB ( 38.0%)
      64.0 MB / 168.3 MB ( 38.0%)
      64.0 MB / 168.3 MB ( 38.0%)
      64.0 MB / 168.3 MB ( 38.0%)
      64.0 MB / 168.3 MB ( 38.1%)
      64.0 MB / 168.3 MB ( 38.1%)
      64.1 MB / 168.3 MB ( 38.1%)
      64.1 MB / 168.3 MB ( 38.1%)
      64.1 MB / 168.3 MB ( 38.1%)
      64.1 MB / 168.3 MB ( 38.1%)
      64.1 MB / 168.3 MB ( 38.1%)
      64.1 MB / 168.3 MB ( 38.1%)
      64.1 MB / 168.3 MB ( 38.1%)
      64.1 MB / 168.3 MB ( 38.1%)
      64.1 MB / 168.3 MB ( 38.1%)
      64.1 MB / 168.3 MB ( 38.1%)
      64.1 MB / 168.3 MB ( 38.1%)
      64.1 MB / 168.3 MB ( 38.1%)
      64.2 MB / 168.3 MB ( 38.1%)
      64.2 MB / 168.3 MB ( 38.1%)
      64.2 MB / 168.3 MB ( 38.1%)
      64.2 MB / 168.3 MB ( 38.1%)
      64.2 MB / 168.3 MB ( 38.1%)
      64.2 MB / 168.3 MB ( 38.1%)
      64.2 MB / 168.3 MB ( 38.2%)
      64.2 MB / 168.3 MB ( 38.2%)
      64.2 MB / 168.3 MB ( 38.2%)
      64.2 MB / 168.3 MB ( 38.2%)
      64.2 MB / 168.3 MB ( 38.2%)
      64.2 MB / 168.3 MB ( 38.2%)
      64.2 MB / 168.3 MB ( 38.2%)
      64.3 MB / 168.3 MB ( 38.2%)
      64.3 MB / 168.3 MB ( 38.2%)
      64.3 MB / 168.3 MB ( 38.2%)
      64.3 MB / 168.3 MB ( 38.2%)
      64.3 MB / 168.3 MB ( 38.2%)
      64.3 MB / 168.3 MB ( 38.2%)
      64.3 MB / 168.3 MB ( 38.2%)
      64.3 MB / 168.3 MB ( 38.2%)
      64.3 MB / 168.3 MB ( 38.2%)
      64.3 MB / 168.3 MB ( 38.2%)
      64.3 MB / 168.3 MB ( 38.2%)
      64.3 MB / 168.3 MB ( 38.2%)
      64.4 MB / 168.3 MB ( 38.2%)
      64.4 MB / 168.3 MB ( 38.2%)
      64.4 MB / 168.3 MB ( 38.3%)
      64.4 MB / 168.3 MB ( 38.3%)
      64.4 MB / 168.3 MB ( 38.3%)
      64.4 MB / 168.3 MB ( 38.3%)
      64.4 MB / 168.3 MB ( 38.3%)
      64.4 MB / 168.3 MB ( 38.3%)
      64.4 MB / 168.3 MB ( 38.3%)
      64.4 MB / 168.3 MB ( 38.3%)
      64.4 MB / 168.3 MB ( 38.3%)
      64.4 MB / 168.3 MB ( 38.3%)
      64.5 MB / 168.3 MB ( 38.3%)
      64.5 MB / 168.3 MB ( 38.3%)
      64.5 MB / 168.3 MB ( 38.3%)
      64.5 MB / 168.3 MB ( 38.3%)
      64.5 MB / 168.3 MB ( 38.3%)
      64.5 MB / 168.3 MB ( 38.3%)
      64.5 MB / 168.3 MB ( 38.3%)
      64.5 MB / 168.3 MB ( 38.3%)
      64.5 MB / 168.3 MB ( 38.3%)
      64.5 MB / 168.3 MB ( 38.3%)
      64.5 MB / 168.3 MB ( 38.4%)
      64.5 MB / 168.3 MB ( 38.4%)
      64.6 MB / 168.3 MB ( 38.4%)
      64.6 MB / 168.3 MB ( 38.4%)
      64.6 MB / 168.3 MB ( 38.4%)
      64.6 MB / 168.3 MB ( 38.4%)
      64.6 MB / 168.3 MB ( 38.4%)
      64.6 MB / 168.3 MB ( 38.4%)
      64.6 MB / 168.3 MB ( 38.4%)
      64.6 MB / 168.3 MB ( 38.4%)
      64.6 MB / 168.3 MB ( 38.4%)
      64.6 MB / 168.3 MB ( 38.4%)
      64.6 MB / 168.3 MB ( 38.4%)
      64.6 MB / 168.3 MB ( 38.4%)
      64.7 MB / 168.3 MB ( 38.4%)
      64.7 MB / 168.3 MB ( 38.4%)
      64.7 MB / 168.3 MB ( 38.4%)
      64.7 MB / 168.3 MB ( 38.4%)
      64.7 MB / 168.3 MB ( 38.4%)
      64.7 MB / 168.3 MB ( 38.4%)
      64.7 MB / 168.3 MB ( 38.4%)
      64.7 MB / 168.3 MB ( 38.5%)
      64.7 MB / 168.3 MB ( 38.5%)
      64.7 MB / 168.3 MB ( 38.5%)
      64.7 MB / 168.3 MB ( 38.5%)
      64.7 MB / 168.3 MB ( 38.5%)
      64.7 MB / 168.3 MB ( 38.5%)
      64.8 MB / 168.3 MB ( 38.5%)
      64.8 MB / 168.3 MB ( 38.5%)
      64.8 MB / 168.3 MB ( 38.5%)
      64.8 MB / 168.3 MB ( 38.5%)
      64.8 MB / 168.3 MB ( 38.5%)
      64.8 MB / 168.3 MB ( 38.5%)
      64.8 MB / 168.3 MB ( 38.5%)
      64.8 MB / 168.3 MB ( 38.5%)
      64.8 MB / 168.3 MB ( 38.5%)
      64.8 MB / 168.3 MB ( 38.5%)
      64.8 MB / 168.3 MB ( 38.5%)
      64.8 MB / 168.3 MB ( 38.5%)
      64.9 MB / 168.3 MB ( 38.5%)
      64.9 MB / 168.3 MB ( 38.5%)
      64.9 MB / 168.3 MB ( 38.6%)
      64.9 MB / 168.3 MB ( 38.6%)
      64.9 MB / 168.3 MB ( 38.6%)
      64.9 MB / 168.3 MB ( 38.6%)
      64.9 MB / 168.3 MB ( 38.6%)
      64.9 MB / 168.3 MB ( 38.6%)
      64.9 MB / 168.3 MB ( 38.6%)
      64.9 MB / 168.3 MB ( 38.6%)
      64.9 MB / 168.3 MB ( 38.6%)
      64.9 MB / 168.3 MB ( 38.6%)
      65.0 MB / 168.3 MB ( 38.6%)
      65.0 MB / 168.3 MB ( 38.6%)
      65.0 MB / 168.3 MB ( 38.6%)
      65.0 MB / 168.3 MB ( 38.6%)
      65.0 MB / 168.3 MB ( 38.6%)
      65.0 MB / 168.3 MB ( 38.6%)
      65.0 MB / 168.3 MB ( 38.6%)
      65.0 MB / 168.3 MB ( 38.6%)
      65.0 MB / 168.3 MB ( 38.6%)
      65.0 MB / 168.3 MB ( 38.6%)
      65.0 MB / 168.3 MB ( 38.6%)
      65.0 MB / 168.3 MB ( 38.7%)
      65.1 MB / 168.3 MB ( 38.7%)
      65.1 MB / 168.3 MB ( 38.7%)
      65.1 MB / 168.3 MB ( 38.7%)
      65.1 MB / 168.3 MB ( 38.7%)
      65.1 MB / 168.3 MB ( 38.7%)
      65.1 MB / 168.3 MB ( 38.7%)
      65.1 MB / 168.3 MB ( 38.7%)
      65.1 MB / 168.3 MB ( 38.7%)
      65.1 MB / 168.3 MB ( 38.7%)
      65.1 MB / 168.3 MB ( 38.7%)
      65.1 MB / 168.3 MB ( 38.7%)
      65.1 MB / 168.3 MB ( 38.7%)
      65.2 MB / 168.3 MB ( 38.7%)
      65.2 MB / 168.3 MB ( 38.7%)
      65.2 MB / 168.3 MB ( 38.7%)
      65.2 MB / 168.3 MB ( 38.7%)
      65.2 MB / 168.3 MB ( 38.7%)
      65.2 MB / 168.3 MB ( 38.7%)
      65.2 MB / 168.3 MB ( 38.7%)
      65.2 MB / 168.3 MB ( 38.7%)
      65.2 MB / 168.3 MB ( 38.8%)
      65.2 MB / 168.3 MB ( 38.8%)
      65.2 MB / 168.3 MB ( 38.8%)
      65.2 MB / 168.3 MB ( 38.8%)
      65.2 MB / 168.3 MB ( 38.8%)
      65.3 MB / 168.3 MB ( 38.8%)
      65.3 MB / 168.3 MB ( 38.8%)
      65.3 MB / 168.3 MB ( 38.8%)
      65.3 MB / 168.3 MB ( 38.8%)
      65.3 MB / 168.3 MB ( 38.8%)
      65.3 MB / 168.3 MB ( 38.8%)
      65.3 MB / 168.3 MB ( 38.8%)
      65.3 MB / 168.3 MB ( 38.8%)
      65.3 MB / 168.3 MB ( 38.8%)
      65.3 MB / 168.3 MB ( 38.8%)
      65.3 MB / 168.3 MB ( 38.8%)
      65.3 MB / 168.3 MB ( 38.8%)
      65.4 MB / 168.3 MB ( 38.8%)
      65.4 MB / 168.3 MB ( 38.8%)
      65.4 MB / 168.3 MB ( 38.8%)
      65.4 MB / 168.3 MB ( 38.9%)
      65.4 MB / 168.3 MB ( 38.9%)
      65.4 MB / 168.3 MB ( 38.9%)
      65.4 MB / 168.3 MB ( 38.9%)
      65.4 MB / 168.3 MB ( 38.9%)
      65.4 MB / 168.3 MB ( 38.9%)
      65.4 MB / 168.3 MB ( 38.9%)
      65.4 MB / 168.3 MB ( 38.9%)
      65.4 MB / 168.3 MB ( 38.9%)
      65.5 MB / 168.3 MB ( 38.9%)
      65.5 MB / 168.3 MB ( 38.9%)
      65.5 MB / 168.3 MB ( 38.9%)
      65.5 MB / 168.3 MB ( 38.9%)
      65.5 MB / 168.3 MB ( 38.9%)
      65.5 MB / 168.3 MB ( 38.9%)
      65.5 MB / 168.3 MB ( 38.9%)
      65.5 MB / 168.3 MB ( 38.9%)
      65.5 MB / 168.3 MB ( 38.9%)
      65.5 MB / 168.3 MB ( 38.9%)
      65.5 MB / 168.3 MB ( 38.9%)
      65.5 MB / 168.3 MB ( 38.9%)
      65.6 MB / 168.3 MB ( 39.0%)
      65.6 MB / 168.3 MB ( 39.0%)
      65.6 MB / 168.3 MB ( 39.0%)
      65.6 MB / 168.3 MB ( 39.0%)
      65.6 MB / 168.3 MB ( 39.0%)
      65.6 MB / 168.3 MB ( 39.0%)
      65.6 MB / 168.3 MB ( 39.0%)
      65.6 MB / 168.3 MB ( 39.0%)
      65.6 MB / 168.3 MB ( 39.0%)
      65.6 MB / 168.3 MB ( 39.0%)
      65.6 MB / 168.3 MB ( 39.0%)
      65.6 MB / 168.3 MB ( 39.0%)
      65.7 MB / 168.3 MB ( 39.0%)
      65.7 MB / 168.3 MB ( 39.0%)
      65.7 MB / 168.3 MB ( 39.0%)
      65.7 MB / 168.3 MB ( 39.0%)
      65.7 MB / 168.3 MB ( 39.0%)
      65.7 MB / 168.3 MB ( 39.0%)
      65.7 MB / 168.3 MB ( 39.0%)
      65.7 MB / 168.3 MB ( 39.0%)
      65.7 MB / 168.3 MB ( 39.1%)
      65.7 MB / 168.3 MB ( 39.1%)
      65.7 MB / 168.3 MB ( 39.1%)
      65.7 MB / 168.3 MB ( 39.1%)
      65.7 MB / 168.3 MB ( 39.1%)
      65.8 MB / 168.3 MB ( 39.1%)
      65.8 MB / 168.3 MB ( 39.1%)
      65.8 MB / 168.3 MB ( 39.1%)
      65.8 MB / 168.3 MB ( 39.1%)
      65.8 MB / 168.3 MB ( 39.1%)
      65.8 MB / 168.3 MB ( 39.1%)
      65.8 MB / 168.3 MB ( 39.1%)
      65.8 MB / 168.3 MB ( 39.1%)
      65.8 MB / 168.3 MB ( 39.1%)
      65.8 MB / 168.3 MB ( 39.1%)
      65.8 MB / 168.3 MB ( 39.1%)
      65.8 MB / 168.3 MB ( 39.1%)
      65.9 MB / 168.3 MB ( 39.1%)
      65.9 MB / 168.3 MB ( 39.1%)
      65.9 MB / 168.3 MB ( 39.1%)
      65.9 MB / 168.3 MB ( 39.1%)
      65.9 MB / 168.3 MB ( 39.2%)
      65.9 MB / 168.3 MB ( 39.2%)
      65.9 MB / 168.3 MB ( 39.2%)
      65.9 MB / 168.3 MB ( 39.2%)
      65.9 MB / 168.3 MB ( 39.2%)
      65.9 MB / 168.3 MB ( 39.2%)
      65.9 MB / 168.3 MB ( 39.2%)
      65.9 MB / 168.3 MB ( 39.2%)
      66.0 MB / 168.3 MB ( 39.2%)
      66.0 MB / 168.3 MB ( 39.2%)
      66.0 MB / 168.3 MB ( 39.2%)
      66.0 MB / 168.3 MB ( 39.2%)
      66.0 MB / 168.3 MB ( 39.2%)
      66.0 MB / 168.3 MB ( 39.2%)
      66.0 MB / 168.3 MB ( 39.2%)
      66.0 MB / 168.3 MB ( 39.2%)
      66.0 MB / 168.3 MB ( 39.2%)
      66.0 MB / 168.3 MB ( 39.2%)
      66.0 MB / 168.3 MB ( 39.2%)
      66.0 MB / 168.3 MB ( 39.2%)
      66.1 MB / 168.3 MB ( 39.3%)
      66.1 MB / 168.3 MB ( 39.3%)
      66.1 MB / 168.3 MB ( 39.3%)
      66.1 MB / 168.3 MB ( 39.3%)
      66.1 MB / 168.3 MB ( 39.3%)
      66.1 MB / 168.3 MB ( 39.3%)
      66.1 MB / 168.3 MB ( 39.3%)
      66.1 MB / 168.3 MB ( 39.3%)
      66.1 MB / 168.3 MB ( 39.3%)
      66.1 MB / 168.3 MB ( 39.3%)
      66.1 MB / 168.3 MB ( 39.3%)
      66.1 MB / 168.3 MB ( 39.3%)
      66.2 MB / 168.3 MB ( 39.3%)
      66.2 MB / 168.3 MB ( 39.3%)
      66.2 MB / 168.3 MB ( 39.3%)
      66.2 MB / 168.3 MB ( 39.3%)
      66.2 MB / 168.3 MB ( 39.3%)
      66.2 MB / 168.3 MB ( 39.3%)
      66.2 MB / 168.3 MB ( 39.3%)
      66.2 MB / 168.3 MB ( 39.3%)
      66.2 MB / 168.3 MB ( 39.3%)
      66.2 MB / 168.3 MB ( 39.4%)
      66.2 MB / 168.3 MB ( 39.4%)
      66.2 MB / 168.3 MB ( 39.4%)
      66.2 MB / 168.3 MB ( 39.4%)
      66.3 MB / 168.3 MB ( 39.4%)
      66.3 MB / 168.3 MB ( 39.4%)
      66.3 MB / 168.3 MB ( 39.4%)
      66.3 MB / 168.3 MB ( 39.4%)
      66.3 MB / 168.3 MB ( 39.4%)
      66.3 MB / 168.3 MB ( 39.4%)
      66.3 MB / 168.3 MB ( 39.4%)
      66.3 MB / 168.3 MB ( 39.4%)
      66.3 MB / 168.3 MB ( 39.4%)
      66.3 MB / 168.3 MB ( 39.4%)
      66.3 MB / 168.3 MB ( 39.4%)
      66.3 MB / 168.3 MB ( 39.4%)
      66.4 MB / 168.3 MB ( 39.4%)
      66.4 MB / 168.3 MB ( 39.4%)
      66.4 MB / 168.3 MB ( 39.4%)
      66.4 MB / 168.3 MB ( 39.4%)
      66.4 MB / 168.3 MB ( 39.5%)
      66.4 MB / 168.3 MB ( 39.5%)
      66.4 MB / 168.3 MB ( 39.5%)
      66.4 MB / 168.3 MB ( 39.5%)
      66.4 MB / 168.3 MB ( 39.5%)
      66.4 MB / 168.3 MB ( 39.5%)
      66.4 MB / 168.3 MB ( 39.5%)
      66.4 MB / 168.3 MB ( 39.5%)
      66.5 MB / 168.3 MB ( 39.5%)
      66.5 MB / 168.3 MB ( 39.5%)
      66.5 MB / 168.3 MB ( 39.5%)
      66.5 MB / 168.3 MB ( 39.5%)
      66.5 MB / 168.3 MB ( 39.5%)
      66.5 MB / 168.3 MB ( 39.5%)
      66.5 MB / 168.3 MB ( 39.5%)
      66.5 MB / 168.3 MB ( 39.5%)
      66.5 MB / 168.3 MB ( 39.5%)
      66.5 MB / 168.3 MB ( 39.5%)
      66.5 MB / 168.3 MB ( 39.5%)
      66.5 MB / 168.3 MB ( 39.5%)
      66.6 MB / 168.3 MB ( 39.5%)
      66.6 MB / 168.3 MB ( 39.6%)
      66.6 MB / 168.3 MB ( 39.6%)
      66.6 MB / 168.3 MB ( 39.6%)
      66.6 MB / 168.3 MB ( 39.6%)
      66.6 MB / 168.3 MB ( 39.6%)
      66.6 MB / 168.3 MB ( 39.6%)
      66.6 MB / 168.3 MB ( 39.6%)
      66.6 MB / 168.3 MB ( 39.6%)
      66.6 MB / 168.3 MB ( 39.6%)
      66.6 MB / 168.3 MB ( 39.6%)
      66.6 MB / 168.3 MB ( 39.6%)
      66.7 MB / 168.3 MB ( 39.6%)
      66.7 MB / 168.3 MB ( 39.6%)
      66.7 MB / 168.3 MB ( 39.6%)
      66.7 MB / 168.3 MB ( 39.6%)
      66.7 MB / 168.3 MB ( 39.6%)
      66.7 MB / 168.3 MB ( 39.6%)
      66.7 MB / 168.3 MB ( 39.6%)
      66.7 MB / 168.3 MB ( 39.6%)
      66.7 MB / 168.3 MB ( 39.6%)
      66.7 MB / 168.3 MB ( 39.7%)
      66.7 MB / 168.3 MB ( 39.7%)
      66.7 MB / 168.3 MB ( 39.7%)
      66.7 MB / 168.3 MB ( 39.7%)
      66.8 MB / 168.3 MB ( 39.7%)
      66.8 MB / 168.3 MB ( 39.7%)
      66.8 MB / 168.3 MB ( 39.7%)
      66.8 MB / 168.3 MB ( 39.7%)
      66.8 MB / 168.3 MB ( 39.7%)
      66.8 MB / 168.3 MB ( 39.7%)
      66.8 MB / 168.3 MB ( 39.7%)
      66.8 MB / 168.3 MB ( 39.7%)
      66.8 MB / 168.3 MB ( 39.7%)
      66.8 MB / 168.3 MB ( 39.7%)
      66.8 MB / 168.3 MB ( 39.7%)
      66.8 MB / 168.3 MB ( 39.7%)
      66.9 MB / 168.3 MB ( 39.7%)
      66.9 MB / 168.3 MB ( 39.7%)
      66.9 MB / 168.3 MB ( 39.7%)
      66.9 MB / 168.3 MB ( 39.7%)
      66.9 MB / 168.3 MB ( 39.7%)
      66.9 MB / 168.3 MB ( 39.8%)
      66.9 MB / 168.3 MB ( 39.8%)
      66.9 MB / 168.3 MB ( 39.8%)
      66.9 MB / 168.3 MB ( 39.8%)
      66.9 MB / 168.3 MB ( 39.8%)
      66.9 MB / 168.3 MB ( 39.8%)
      66.9 MB / 168.3 MB ( 39.8%)
      67.0 MB / 168.3 MB ( 39.8%)
      67.0 MB / 168.3 MB ( 39.8%)
      67.0 MB / 168.3 MB ( 39.8%)
      67.0 MB / 168.3 MB ( 39.8%)
      67.0 MB / 168.3 MB ( 39.8%)
      67.0 MB / 168.3 MB ( 39.8%)
      67.0 MB / 168.3 MB ( 39.8%)
      67.0 MB / 168.3 MB ( 39.8%)
      67.0 MB / 168.3 MB ( 39.8%)
      67.0 MB / 168.3 MB ( 39.8%)
      67.0 MB / 168.3 MB ( 39.8%)
      67.0 MB / 168.3 MB ( 39.8%)
      67.1 MB / 168.3 MB ( 39.8%)
      67.1 MB / 168.3 MB ( 39.8%)
      67.1 MB / 168.3 MB ( 39.9%)
      67.1 MB / 168.3 MB ( 39.9%)
      67.1 MB / 168.3 MB ( 39.9%)
      67.1 MB / 168.3 MB ( 39.9%)
      67.1 MB / 168.3 MB ( 39.9%)
      67.1 MB / 168.3 MB ( 39.9%)
      67.1 MB / 168.3 MB ( 39.9%)
      67.1 MB / 168.3 MB ( 39.9%)
      67.1 MB / 168.3 MB ( 39.9%)
      67.1 MB / 168.3 MB ( 39.9%)
      67.1 MB / 168.3 MB ( 39.9%)
      67.2 MB / 168.3 MB ( 39.9%)
      67.2 MB / 168.3 MB ( 39.9%)
      67.2 MB / 168.3 MB ( 39.9%)
      67.2 MB / 168.3 MB ( 39.9%)
      67.2 MB / 168.3 MB ( 39.9%)
      67.2 MB / 168.3 MB ( 39.9%)
      67.2 MB / 168.3 MB ( 39.9%)
      67.2 MB / 168.3 MB ( 39.9%)
      67.2 MB / 168.3 MB ( 39.9%)
      67.2 MB / 168.3 MB ( 40.0%)
      67.2 MB / 168.3 MB ( 40.0%)
      67.2 MB / 168.3 MB ( 40.0%)
      67.3 MB / 168.3 MB ( 40.0%)
      67.3 MB / 168.3 MB ( 40.0%)
      67.3 MB / 168.3 MB ( 40.0%)
      67.3 MB / 168.3 MB ( 40.0%)
      67.3 MB / 168.3 MB ( 40.0%)
      67.3 MB / 168.3 MB ( 40.0%)
      67.3 MB / 168.3 MB ( 40.0%)
      67.3 MB / 168.3 MB ( 40.0%)
      67.3 MB / 168.3 MB ( 40.0%)
      67.3 MB / 168.3 MB ( 40.0%)
      67.3 MB / 168.3 MB ( 40.0%)
      67.3 MB / 168.3 MB ( 40.0%)
      67.4 MB / 168.3 MB ( 40.0%)
      67.4 MB / 168.3 MB ( 40.0%)
      67.4 MB / 168.3 MB ( 40.0%)
      67.4 MB / 168.3 MB ( 40.0%)
      67.4 MB / 168.3 MB ( 40.0%)
      67.4 MB / 168.3 MB ( 40.0%)
      67.4 MB / 168.3 MB ( 40.1%)
      67.4 MB / 168.3 MB ( 40.1%)
      67.4 MB / 168.3 MB ( 40.1%)
      67.4 MB / 168.3 MB ( 40.1%)
      67.4 MB / 168.3 MB ( 40.1%)
      67.4 MB / 168.3 MB ( 40.1%)
      67.5 MB / 168.3 MB ( 40.1%)
      67.5 MB / 168.3 MB ( 40.1%)
      67.5 MB / 168.3 MB ( 40.1%)
      67.5 MB / 168.3 MB ( 40.1%)
      67.5 MB / 168.3 MB ( 40.1%)
      67.5 MB / 168.3 MB ( 40.1%)
      67.5 MB / 168.3 MB ( 40.1%)
      67.5 MB / 168.3 MB ( 40.1%)
      67.5 MB / 168.3 MB ( 40.1%)
      67.5 MB / 168.3 MB ( 40.1%)
      67.5 MB / 168.3 MB ( 40.1%)
      67.5 MB / 168.3 MB ( 40.1%)
      67.6 MB / 168.3 MB ( 40.1%)
      67.6 MB / 168.3 MB ( 40.1%)
      67.6 MB / 168.3 MB ( 40.2%)
      67.6 MB / 168.3 MB ( 40.2%)
      67.6 MB / 168.3 MB ( 40.2%)
      67.6 MB / 168.3 MB ( 40.2%)
      67.6 MB / 168.3 MB ( 40.2%)
      67.6 MB / 168.3 MB ( 40.2%)
      67.6 MB / 168.3 MB ( 40.2%)
      67.6 MB / 168.3 MB ( 40.2%)
      67.6 MB / 168.3 MB ( 40.2%)
      67.6 MB / 168.3 MB ( 40.2%)
      67.6 MB / 168.3 MB ( 40.2%)
      67.7 MB / 168.3 MB ( 40.2%)
      67.7 MB / 168.3 MB ( 40.2%)
      67.7 MB / 168.3 MB ( 40.2%)
      67.7 MB / 168.3 MB ( 40.2%)
      67.7 MB / 168.3 MB ( 40.2%)
      67.7 MB / 168.3 MB ( 40.2%)
      67.7 MB / 168.3 MB ( 40.2%)
      67.7 MB / 168.3 MB ( 40.2%)
      67.7 MB / 168.3 MB ( 40.2%)
      67.7 MB / 168.3 MB ( 40.2%)
      67.7 MB / 168.3 MB ( 40.3%)
      67.7 MB / 168.3 MB ( 40.3%)
      67.8 MB / 168.3 MB ( 40.3%)
      67.8 MB / 168.3 MB ( 40.3%)
      67.8 MB / 168.3 MB ( 40.3%)
      67.8 MB / 168.3 MB ( 40.3%)
      67.8 MB / 168.3 MB ( 40.3%)
      67.8 MB / 168.3 MB ( 40.3%)
      67.8 MB / 168.3 MB ( 40.3%)
      67.8 MB / 168.3 MB ( 40.3%)
      67.8 MB / 168.3 MB ( 40.3%)
      67.8 MB / 168.3 MB ( 40.3%)
      67.8 MB / 168.3 MB ( 40.3%)
      67.8 MB / 168.3 MB ( 40.3%)
      67.9 MB / 168.3 MB ( 40.3%)
      67.9 MB / 168.3 MB ( 40.3%)
      67.9 MB / 168.3 MB ( 40.3%)
      67.9 MB / 168.3 MB ( 40.3%)
      67.9 MB / 168.3 MB ( 40.3%)
      67.9 MB / 168.3 MB ( 40.3%)
      67.9 MB / 168.3 MB ( 40.4%)
      67.9 MB / 168.3 MB ( 40.4%)
      67.9 MB / 168.3 MB ( 40.4%)
      67.9 MB / 168.3 MB ( 40.4%)
      67.9 MB / 168.3 MB ( 40.4%)
      67.9 MB / 168.3 MB ( 40.4%)
      68.0 MB / 168.3 MB ( 40.4%)
      68.0 MB / 168.3 MB ( 40.4%)
      68.0 MB / 168.3 MB ( 40.4%)
      68.0 MB / 168.3 MB ( 40.4%)
      68.0 MB / 168.3 MB ( 40.4%)
      68.0 MB / 168.3 MB ( 40.4%)
      68.0 MB / 168.3 MB ( 40.4%)
      68.0 MB / 168.3 MB ( 40.4%)
      68.0 MB / 168.3 MB ( 40.4%)
      68.0 MB / 168.3 MB ( 40.4%)
      68.0 MB / 168.3 MB ( 40.4%)
      68.0 MB / 168.3 MB ( 40.4%)
      68.1 MB / 168.3 MB ( 40.4%)
      68.1 MB / 168.3 MB ( 40.4%)
      68.1 MB / 168.3 MB ( 40.4%)
      68.1 MB / 168.3 MB ( 40.5%)
      68.1 MB / 168.3 MB ( 40.5%)
      68.1 MB / 168.3 MB ( 40.5%)
      68.1 MB / 168.3 MB ( 40.5%)
      68.1 MB / 168.3 MB ( 40.5%)
      68.1 MB / 168.3 MB ( 40.5%)
      68.1 MB / 168.3 MB ( 40.5%)
      68.1 MB / 168.3 MB ( 40.5%)
      68.1 MB / 168.3 MB ( 40.5%)
      68.1 MB / 168.3 MB ( 40.5%)
      68.2 MB / 168.3 MB ( 40.5%)
      68.2 MB / 168.3 MB ( 40.5%)
      68.2 MB / 168.3 MB ( 40.5%)
      68.2 MB / 168.3 MB ( 40.5%)
      68.2 MB / 168.3 MB ( 40.5%)
      68.2 MB / 168.3 MB ( 40.5%)
      68.2 MB / 168.3 MB ( 40.5%)
      68.2 MB / 168.3 MB ( 40.5%)
      68.2 MB / 168.3 MB ( 40.5%)
      68.2 MB / 168.3 MB ( 40.5%)
      68.2 MB / 168.3 MB ( 40.6%)
      68.2 MB / 168.3 MB ( 40.6%)
      68.3 MB / 168.3 MB ( 40.6%)
      68.3 MB / 168.3 MB ( 40.6%)
      68.3 MB / 168.3 MB ( 40.6%)
      68.3 MB / 168.3 MB ( 40.6%)
      68.3 MB / 168.3 MB ( 40.6%)
      68.3 MB / 168.3 MB ( 40.6%)
      68.3 MB / 168.3 MB ( 40.6%)
      68.3 MB / 168.3 MB ( 40.6%)
      68.3 MB / 168.3 MB ( 40.6%)
      68.3 MB / 168.3 MB ( 40.6%)
      68.3 MB / 168.3 MB ( 40.6%)
      68.3 MB / 168.3 MB ( 40.6%)
      68.4 MB / 168.3 MB ( 40.6%)
      68.4 MB / 168.3 MB ( 40.6%)
      68.4 MB / 168.3 MB ( 40.6%)
      68.4 MB / 168.3 MB ( 40.6%)
      68.4 MB / 168.3 MB ( 40.6%)
      68.4 MB / 168.3 MB ( 40.6%)
      68.4 MB / 168.3 MB ( 40.6%)
      68.4 MB / 168.3 MB ( 40.7%)
      68.4 MB / 168.3 MB ( 40.7%)
      68.4 MB / 168.3 MB ( 40.7%)
      68.4 MB / 168.3 MB ( 40.7%)
      68.4 MB / 168.3 MB ( 40.7%)
      68.5 MB / 168.3 MB ( 40.7%)
      68.5 MB / 168.3 MB ( 40.7%)
      68.5 MB / 168.3 MB ( 40.7%)
      68.5 MB / 168.3 MB ( 40.7%)
      68.5 MB / 168.3 MB ( 40.7%)
      68.5 MB / 168.3 MB ( 40.7%)
      68.5 MB / 168.3 MB ( 40.7%)
      68.5 MB / 168.3 MB ( 40.7%)
      68.5 MB / 168.3 MB ( 40.7%)
      68.5 MB / 168.3 MB ( 40.7%)
      68.5 MB / 168.3 MB ( 40.7%)
      68.5 MB / 168.3 MB ( 40.7%)
      68.6 MB / 168.3 MB ( 40.7%)
      68.6 MB / 168.3 MB ( 40.7%)
      68.6 MB / 168.3 MB ( 40.7%)
      68.6 MB / 168.3 MB ( 40.8%)
      68.6 MB / 168.3 MB ( 40.8%)
      68.6 MB / 168.3 MB ( 40.8%)
      68.6 MB / 168.3 MB ( 40.8%)
      68.6 MB / 168.3 MB ( 40.8%)
      68.6 MB / 168.3 MB ( 40.8%)
      68.6 MB / 168.3 MB ( 40.8%)
      68.6 MB / 168.3 MB ( 40.8%)
      68.6 MB / 168.3 MB ( 40.8%)
      68.6 MB / 168.3 MB ( 40.8%)
      68.7 MB / 168.3 MB ( 40.8%)
      68.7 MB / 168.3 MB ( 40.8%)
      68.7 MB / 168.3 MB ( 40.8%)
      68.7 MB / 168.3 MB ( 40.8%)
      68.7 MB / 168.3 MB ( 40.8%)
      68.7 MB / 168.3 MB ( 40.8%)
      68.7 MB / 168.3 MB ( 40.8%)
      68.7 MB / 168.3 MB ( 40.8%)
      68.7 MB / 168.3 MB ( 40.8%)
      68.7 MB / 168.3 MB ( 40.8%)
      68.7 MB / 168.3 MB ( 40.8%)
      68.7 MB / 168.3 MB ( 40.9%)
      68.8 MB / 168.3 MB ( 40.9%)
      68.8 MB / 168.3 MB ( 40.9%)
      68.8 MB / 168.3 MB ( 40.9%)
      68.8 MB / 168.3 MB ( 40.9%)
      68.8 MB / 168.3 MB ( 40.9%)
      68.8 MB / 168.3 MB ( 40.9%)
      68.8 MB / 168.3 MB ( 40.9%)
      68.8 MB / 168.3 MB ( 40.9%)
      68.8 MB / 168.3 MB ( 40.9%)
      68.8 MB / 168.3 MB ( 40.9%)
      68.8 MB / 168.3 MB ( 40.9%)
      68.8 MB / 168.3 MB ( 40.9%)
      68.9 MB / 168.3 MB ( 40.9%)
      68.9 MB / 168.3 MB ( 40.9%)
      68.9 MB / 168.3 MB ( 40.9%)
      68.9 MB / 168.3 MB ( 40.9%)
      68.9 MB / 168.3 MB ( 40.9%)
      68.9 MB / 168.3 MB ( 40.9%)
      68.9 MB / 168.3 MB ( 40.9%)
      68.9 MB / 168.3 MB ( 41.0%)
      68.9 MB / 168.3 MB ( 41.0%)
      68.9 MB / 168.3 MB ( 41.0%)
      68.9 MB / 168.3 MB ( 41.0%)
      68.9 MB / 168.3 MB ( 41.0%)
      69.0 MB / 168.3 MB ( 41.0%)
      69.0 MB / 168.3 MB ( 41.0%)
      69.0 MB / 168.3 MB ( 41.0%)
      69.0 MB / 168.3 MB ( 41.0%)
      69.0 MB / 168.3 MB ( 41.0%)
      69.0 MB / 168.3 MB ( 41.0%)
      69.0 MB / 168.3 MB ( 41.0%)
      69.0 MB / 168.3 MB ( 41.0%)
      69.0 MB / 168.3 MB ( 41.0%)
      69.0 MB / 168.3 MB ( 41.0%)
      69.0 MB / 168.3 MB ( 41.0%)
      69.0 MB / 168.3 MB ( 41.0%)
      69.1 MB / 168.3 MB ( 41.0%)
      69.1 MB / 168.3 MB ( 41.0%)
      69.1 MB / 168.3 MB ( 41.0%)
      69.1 MB / 168.3 MB ( 41.0%)
      69.1 MB / 168.3 MB ( 41.1%)
      69.1 MB / 168.3 MB ( 41.1%)
      69.1 MB / 168.3 MB ( 41.1%)
      69.1 MB / 168.3 MB ( 41.1%)
      69.1 MB / 168.3 MB ( 41.1%)
      69.1 MB / 168.3 MB ( 41.1%)
      69.1 MB / 168.3 MB ( 41.1%)
      69.1 MB / 168.3 MB ( 41.1%)
      69.1 MB / 168.3 MB ( 41.1%)
      69.2 MB / 168.3 MB ( 41.1%)
      69.2 MB / 168.3 MB ( 41.1%)
      69.2 MB / 168.3 MB ( 41.1%)
      69.2 MB / 168.3 MB ( 41.1%)
      69.2 MB / 168.3 MB ( 41.1%)
      69.2 MB / 168.3 MB ( 41.1%)
      69.2 MB / 168.3 MB ( 41.1%)
      69.2 MB / 168.3 MB ( 41.1%)
      69.2 MB / 168.3 MB ( 41.1%)
      69.2 MB / 168.3 MB ( 41.1%)
      69.2 MB / 168.3 MB ( 41.1%)
      69.2 MB / 168.3 MB ( 41.1%)
      69.3 MB / 168.3 MB ( 41.2%)
      69.3 MB / 168.3 MB ( 41.2%)
      69.3 MB / 168.3 MB ( 41.2%)
      69.3 MB / 168.3 MB ( 41.2%)
      69.3 MB / 168.3 MB ( 41.2%)
      69.3 MB / 168.3 MB ( 41.2%)
      69.3 MB / 168.3 MB ( 41.2%)
      69.3 MB / 168.3 MB ( 41.2%)
      69.3 MB / 168.3 MB ( 41.2%)
      69.3 MB / 168.3 MB ( 41.2%)
      69.3 MB / 168.3 MB ( 41.2%)
      69.3 MB / 168.3 MB ( 41.2%)
      69.4 MB / 168.3 MB ( 41.2%)
      69.4 MB / 168.3 MB ( 41.2%)
      69.4 MB / 168.3 MB ( 41.2%)
      69.4 MB / 168.3 MB ( 41.2%)
      69.4 MB / 168.3 MB ( 41.2%)
      69.4 MB / 168.3 MB ( 41.2%)
      69.4 MB / 168.3 MB ( 41.2%)
      69.4 MB / 168.3 MB ( 41.2%)
      69.4 MB / 168.3 MB ( 41.3%)
      69.4 MB / 168.3 MB ( 41.3%)
      69.4 MB / 168.3 MB ( 41.3%)
      69.4 MB / 168.3 MB ( 41.3%)
      69.5 MB / 168.3 MB ( 41.3%)
      69.5 MB / 168.3 MB ( 41.3%)
      69.5 MB / 168.3 MB ( 41.3%)
      69.5 MB / 168.3 MB ( 41.3%)
      69.5 MB / 168.3 MB ( 41.3%)
      69.5 MB / 168.3 MB ( 41.3%)
      69.5 MB / 168.3 MB ( 41.3%)
      69.5 MB / 168.3 MB ( 41.3%)
      69.5 MB / 168.3 MB ( 41.3%)
      69.5 MB / 168.3 MB ( 41.3%)
      69.5 MB / 168.3 MB ( 41.3%)
      69.5 MB / 168.3 MB ( 41.3%)
      69.6 MB / 168.3 MB ( 41.3%)
      69.6 MB / 168.3 MB ( 41.3%)
      69.6 MB / 168.3 MB ( 41.3%)
      69.6 MB / 168.3 MB ( 41.3%)
      69.6 MB / 168.3 MB ( 41.3%)
      69.6 MB / 168.3 MB ( 41.4%)
      69.6 MB / 168.3 MB ( 41.4%)
      69.6 MB / 168.3 MB ( 41.4%)
      69.6 MB / 168.3 MB ( 41.4%)
      69.6 MB / 168.3 MB ( 41.4%)
      69.6 MB / 168.3 MB ( 41.4%)
      69.6 MB / 168.3 MB ( 41.4%)
      69.6 MB / 168.3 MB ( 41.4%)
      69.7 MB / 168.3 MB ( 41.4%)
      69.7 MB / 168.3 MB ( 41.4%)
      69.7 MB / 168.3 MB ( 41.4%)
      69.7 MB / 168.3 MB ( 41.4%)
      69.7 MB / 168.3 MB ( 41.4%)
      69.7 MB / 168.3 MB ( 41.4%)
      69.7 MB / 168.3 MB ( 41.4%)
      69.7 MB / 168.3 MB ( 41.4%)
      69.7 MB / 168.3 MB ( 41.4%)
      69.7 MB / 168.3 MB ( 41.4%)
      69.7 MB / 168.3 MB ( 41.4%)
      69.7 MB / 168.3 MB ( 41.4%)
      69.8 MB / 168.3 MB ( 41.5%)
      69.8 MB / 168.3 MB ( 41.5%)
      69.8 MB / 168.3 MB ( 41.5%)
      69.8 MB / 168.3 MB ( 41.5%)
      69.8 MB / 168.3 MB ( 41.5%)
      69.8 MB / 168.3 MB ( 41.5%)
      69.8 MB / 168.3 MB ( 41.5%)
      69.8 MB / 168.3 MB ( 41.5%)
      69.8 MB / 168.3 MB ( 41.5%)
      69.8 MB / 168.3 MB ( 41.5%)
      69.8 MB / 168.3 MB ( 41.5%)
      69.8 MB / 168.3 MB ( 41.5%)
      69.9 MB / 168.3 MB ( 41.5%)
      69.9 MB / 168.3 MB ( 41.5%)
      69.9 MB / 168.3 MB ( 41.5%)
      69.9 MB / 168.3 MB ( 41.5%)
      69.9 MB / 168.3 MB ( 41.5%)
      69.9 MB / 168.3 MB ( 41.5%)
      69.9 MB / 168.3 MB ( 41.5%)
      69.9 MB / 168.3 MB ( 41.5%)
      69.9 MB / 168.3 MB ( 41.5%)
      69.9 MB / 168.3 MB ( 41.6%)
      69.9 MB / 168.3 MB ( 41.6%)
      69.9 MB / 168.3 MB ( 41.6%)
      70.0 MB / 168.3 MB ( 41.6%)
      70.0 MB / 168.3 MB ( 41.6%)
      70.0 MB / 168.3 MB ( 41.6%)
      70.0 MB / 168.3 MB ( 41.6%)
      70.0 MB / 168.3 MB ( 41.6%)
      70.0 MB / 168.3 MB ( 41.6%)
      70.0 MB / 168.3 MB ( 41.6%)
      70.0 MB / 168.3 MB ( 41.6%)
      70.0 MB / 168.3 MB ( 41.6%)
      70.0 MB / 168.3 MB ( 41.6%)
      70.0 MB / 168.3 MB ( 41.6%)
      70.0 MB / 168.3 MB ( 41.6%)
      70.0 MB / 168.3 MB ( 41.6%)
      70.1 MB / 168.3 MB ( 41.6%)
      70.1 MB / 168.3 MB ( 41.6%)
      70.1 MB / 168.3 MB ( 41.6%)
      70.1 MB / 168.3 MB ( 41.6%)
      70.1 MB / 168.3 MB ( 41.7%)
      70.1 MB / 168.3 MB ( 41.7%)
      70.1 MB / 168.3 MB ( 41.7%)
      70.1 MB / 168.3 MB ( 41.7%)
      70.1 MB / 168.3 MB ( 41.7%)
      70.1 MB / 168.3 MB ( 41.7%)
      70.1 MB / 168.3 MB ( 41.7%)
      70.1 MB / 168.3 MB ( 41.7%)
      70.2 MB / 168.3 MB ( 41.7%)
      70.2 MB / 168.3 MB ( 41.7%)
      70.2 MB / 168.3 MB ( 41.7%)
      70.2 MB / 168.3 MB ( 41.7%)
      70.2 MB / 168.3 MB ( 41.7%)
      70.2 MB / 168.3 MB ( 41.7%)
      70.2 MB / 168.3 MB ( 41.7%)
      70.2 MB / 168.3 MB ( 41.7%)
      70.2 MB / 168.3 MB ( 41.7%)
      70.2 MB / 168.3 MB ( 41.7%)
      70.2 MB / 168.3 MB ( 41.7%)
      70.2 MB / 168.3 MB ( 41.7%)
      70.3 MB / 168.3 MB ( 41.7%)
      70.3 MB / 168.3 MB ( 41.8%)
      70.3 MB / 168.3 MB ( 41.8%)
      70.3 MB / 168.3 MB ( 41.8%)
      70.3 MB / 168.3 MB ( 41.8%)
      70.3 MB / 168.3 MB ( 41.8%)
      70.3 MB / 168.3 MB ( 41.8%)
      70.3 MB / 168.3 MB ( 41.8%)
      70.3 MB / 168.3 MB ( 41.8%)
      70.3 MB / 168.3 MB ( 41.8%)
      70.3 MB / 168.3 MB ( 41.8%)
      70.3 MB / 168.3 MB ( 41.8%)
      70.4 MB / 168.3 MB ( 41.8%)
      70.4 MB / 168.3 MB ( 41.8%)
      70.4 MB / 168.3 MB ( 41.8%)
      70.4 MB / 168.3 MB ( 41.8%)
      70.4 MB / 168.3 MB ( 41.8%)
      70.4 MB / 168.3 MB ( 41.8%)
      70.4 MB / 168.3 MB ( 41.8%)
      70.4 MB / 168.3 MB ( 41.8%)
      70.4 MB / 168.3 MB ( 41.8%)
      70.4 MB / 168.3 MB ( 41.9%)
      70.4 MB / 168.3 MB ( 41.9%)
      70.4 MB / 168.3 MB ( 41.9%)
      70.5 MB / 168.3 MB ( 41.9%)
      70.5 MB / 168.3 MB ( 41.9%)
      70.5 MB / 168.3 MB ( 41.9%)
      70.5 MB / 168.3 MB ( 41.9%)
      70.5 MB / 168.3 MB ( 41.9%)
      70.5 MB / 168.3 MB ( 41.9%)
      70.5 MB / 168.3 MB ( 41.9%)
      70.5 MB / 168.3 MB ( 41.9%)
      70.5 MB / 168.3 MB ( 41.9%)
      70.5 MB / 168.3 MB ( 41.9%)
      70.5 MB / 168.3 MB ( 41.9%)
      70.5 MB / 168.3 MB ( 41.9%)
      70.5 MB / 168.3 MB ( 41.9%)
      70.6 MB / 168.3 MB ( 41.9%)
      70.6 MB / 168.3 MB ( 41.9%)
      70.6 MB / 168.3 MB ( 41.9%)
      70.6 MB / 168.3 MB ( 41.9%)
      70.6 MB / 168.3 MB ( 41.9%)
      70.6 MB / 168.3 MB ( 42.0%)
      70.6 MB / 168.3 MB ( 42.0%)
      70.6 MB / 168.3 MB ( 42.0%)
      70.6 MB / 168.3 MB ( 42.0%)
      70.6 MB / 168.3 MB ( 42.0%)
      70.6 MB / 168.3 MB ( 42.0%)
      70.6 MB / 168.3 MB ( 42.0%)
      70.7 MB / 168.3 MB ( 42.0%)
      70.7 MB / 168.3 MB ( 42.0%)
      70.7 MB / 168.3 MB ( 42.0%)
      70.7 MB / 168.3 MB ( 42.0%)
      70.7 MB / 168.3 MB ( 42.0%)
      70.7 MB / 168.3 MB ( 42.0%)
      70.7 MB / 168.3 MB ( 42.0%)
      70.7 MB / 168.3 MB ( 42.0%)
      70.7 MB / 168.3 MB ( 42.0%)
      70.7 MB / 168.3 MB ( 42.0%)
      70.7 MB / 168.3 MB ( 42.0%)
      70.7 MB / 168.3 MB ( 42.0%)
      70.8 MB / 168.3 MB ( 42.0%)
      70.8 MB / 168.3 MB ( 42.1%)
      70.8 MB / 168.3 MB ( 42.1%)
      70.8 MB / 168.3 MB ( 42.1%)
      70.8 MB / 168.3 MB ( 42.1%)
      70.8 MB / 168.3 MB ( 42.1%)
      70.8 MB / 168.3 MB ( 42.1%)
      70.8 MB / 168.3 MB ( 42.1%)
      70.8 MB / 168.3 MB ( 42.1%)
      70.8 MB / 168.3 MB ( 42.1%)
      70.8 MB / 168.3 MB ( 42.1%)
      70.8 MB / 168.3 MB ( 42.1%)
      70.9 MB / 168.3 MB ( 42.1%)
      70.9 MB / 168.3 MB ( 42.1%)
      70.9 MB / 168.3 MB ( 42.1%)
      70.9 MB / 168.3 MB ( 42.1%)
      70.9 MB / 168.3 MB ( 42.1%)
      70.9 MB / 168.3 MB ( 42.1%)
      70.9 MB / 168.3 MB ( 42.1%)
      70.9 MB / 168.3 MB ( 42.1%)
      70.9 MB / 168.3 MB ( 42.1%)
      70.9 MB / 168.3 MB ( 42.1%)
      70.9 MB / 168.3 MB ( 42.2%)
      70.9 MB / 168.3 MB ( 42.2%)
      71.0 MB / 168.3 MB ( 42.2%)
      71.0 MB / 168.3 MB ( 42.2%)
      71.0 MB / 168.3 MB ( 42.2%)
      71.0 MB / 168.3 MB ( 42.2%)
      71.0 MB / 168.3 MB ( 42.2%)
      71.0 MB / 168.3 MB ( 42.2%)
      71.0 MB / 168.3 MB ( 42.2%)
      71.0 MB / 168.3 MB ( 42.2%)
      71.0 MB / 168.3 MB ( 42.2%)
      71.0 MB / 168.3 MB ( 42.2%)
      71.0 MB / 168.3 MB ( 42.2%)
      71.0 MB / 168.3 MB ( 42.2%)
      71.0 MB / 168.3 MB ( 42.2%)
      71.1 MB / 168.3 MB ( 42.2%)
      71.1 MB / 168.3 MB ( 42.2%)
      71.1 MB / 168.3 MB ( 42.2%)
      71.1 MB / 168.3 MB ( 42.2%)
      71.1 MB / 168.3 MB ( 42.2%)
      71.1 MB / 168.3 MB ( 42.2%)
      71.1 MB / 168.3 MB ( 42.3%)
      71.1 MB / 168.3 MB ( 42.3%)
      71.1 MB / 168.3 MB ( 42.3%)
      71.1 MB / 168.3 MB ( 42.3%)
      71.1 MB / 168.3 MB ( 42.3%)
      71.1 MB / 168.3 MB ( 42.3%)
      71.2 MB / 168.3 MB ( 42.3%)
      71.2 MB / 168.3 MB ( 42.3%)
      71.2 MB / 168.3 MB ( 42.3%)
      71.2 MB / 168.3 MB ( 42.3%)
      71.2 MB / 168.3 MB ( 42.3%)
      71.2 MB / 168.3 MB ( 42.3%)
      71.2 MB / 168.3 MB ( 42.3%)
      71.2 MB / 168.3 MB ( 42.3%)
      71.2 MB / 168.3 MB ( 42.3%)
      71.2 MB / 168.3 MB ( 42.3%)
      71.2 MB / 168.3 MB ( 42.3%)
      71.2 MB / 168.3 MB ( 42.3%)
      71.3 MB / 168.3 MB ( 42.3%)
      71.3 MB / 168.3 MB ( 42.3%)
      71.3 MB / 168.3 MB ( 42.4%)
      71.3 MB / 168.3 MB ( 42.4%)
      71.3 MB / 168.3 MB ( 42.4%)
      71.3 MB / 168.3 MB ( 42.4%)
      71.3 MB / 168.3 MB ( 42.4%)
      71.3 MB / 168.3 MB ( 42.4%)
      71.3 MB / 168.3 MB ( 42.4%)
      71.3 MB / 168.3 MB ( 42.4%)
      71.3 MB / 168.3 MB ( 42.4%)
      71.3 MB / 168.3 MB ( 42.4%)
      71.4 MB / 168.3 MB ( 42.4%)
      71.4 MB / 168.3 MB ( 42.4%)
      71.4 MB / 168.3 MB ( 42.4%)
      71.4 MB / 168.3 MB ( 42.4%)
      71.4 MB / 168.3 MB ( 42.4%)
      71.4 MB / 168.3 MB ( 42.4%)
      71.4 MB / 168.3 MB ( 42.4%)
      71.4 MB / 168.3 MB ( 42.4%)
      71.4 MB / 168.3 MB ( 42.4%)
      71.4 MB / 168.3 MB ( 42.4%)
      71.4 MB / 168.3 MB ( 42.4%)
      71.4 MB / 168.3 MB ( 42.5%)
      71.5 MB / 168.3 MB ( 42.5%)
      71.5 MB / 168.3 MB ( 42.5%)
      71.5 MB / 168.3 MB ( 42.5%)
      71.5 MB / 168.3 MB ( 42.5%)
      71.5 MB / 168.3 MB ( 42.5%)
      71.5 MB / 168.3 MB ( 42.5%)
      71.5 MB / 168.3 MB ( 42.5%)
      71.5 MB / 168.3 MB ( 42.5%)
      71.5 MB / 168.3 MB ( 42.5%)
      71.5 MB / 168.3 MB ( 42.5%)
      71.5 MB / 168.3 MB ( 42.5%)
      71.5 MB / 168.3 MB ( 42.5%)
      71.5 MB / 168.3 MB ( 42.5%)
      71.6 MB / 168.3 MB ( 42.5%)
      71.6 MB / 168.3 MB ( 42.5%)
      71.6 MB / 168.3 MB ( 42.5%)
      71.6 MB / 168.3 MB ( 42.5%)
      71.6 MB / 168.3 MB ( 42.5%)
      71.6 MB / 168.3 MB ( 42.5%)
      71.6 MB / 168.3 MB ( 42.6%)
      71.6 MB / 168.3 MB ( 42.6%)
      71.6 MB / 168.3 MB ( 42.6%)
      71.6 MB / 168.3 MB ( 42.6%)
      71.6 MB / 168.3 MB ( 42.6%)
      71.6 MB / 168.3 MB ( 42.6%)
      71.7 MB / 168.3 MB ( 42.6%)
      71.7 MB / 168.3 MB ( 42.6%)
      71.7 MB / 168.3 MB ( 42.6%)
      71.7 MB / 168.3 MB ( 42.6%)
      71.7 MB / 168.3 MB ( 42.6%)
      71.7 MB / 168.3 MB ( 42.6%)
      71.7 MB / 168.3 MB ( 42.6%)
      71.7 MB / 168.3 MB ( 42.6%)
      71.7 MB / 168.3 MB ( 42.6%)
      71.7 MB / 168.3 MB ( 42.6%)
      71.7 MB / 168.3 MB ( 42.6%)
      71.7 MB / 168.3 MB ( 42.6%)
      71.8 MB / 168.3 MB ( 42.6%)
      71.8 MB / 168.3 MB ( 42.6%)
      71.8 MB / 168.3 MB ( 42.6%)
      71.8 MB / 168.3 MB ( 42.7%)
      71.8 MB / 168.3 MB ( 42.7%)
      71.8 MB / 168.3 MB ( 42.7%)
      71.8 MB / 168.3 MB ( 42.7%)
      71.8 MB / 168.3 MB ( 42.7%)
      71.8 MB / 168.3 MB ( 42.7%)
      71.8 MB / 168.3 MB ( 42.7%)
      71.8 MB / 168.3 MB ( 42.7%)
      71.8 MB / 168.3 MB ( 42.7%)
      71.9 MB / 168.3 MB ( 42.7%)
      71.9 MB / 168.3 MB ( 42.7%)
      71.9 MB / 168.3 MB ( 42.7%)
      71.9 MB / 168.3 MB ( 42.7%)
      71.9 MB / 168.3 MB ( 42.7%)
      71.9 MB / 168.3 MB ( 42.7%)
      71.9 MB / 168.3 MB ( 42.7%)
      71.9 MB / 168.3 MB ( 42.7%)
      71.9 MB / 168.3 MB ( 42.7%)
      71.9 MB / 168.3 MB ( 42.7%)
      71.9 MB / 168.3 MB ( 42.7%)
      71.9 MB / 168.3 MB ( 42.8%)
      72.0 MB / 168.3 MB ( 42.8%)
      72.0 MB / 168.3 MB ( 42.8%)
      72.0 MB / 168.3 MB ( 42.8%)
      72.0 MB / 168.3 MB ( 42.8%)
      72.0 MB / 168.3 MB ( 42.8%)
      72.0 MB / 168.3 MB ( 42.8%)
      72.0 MB / 168.3 MB ( 42.8%)
      72.0 MB / 168.3 MB ( 42.8%)
      72.0 MB / 168.3 MB ( 42.8%)
      72.0 MB / 168.3 MB ( 42.8%)
      72.0 MB / 168.3 MB ( 42.8%)
      72.0 MB / 168.3 MB ( 42.8%)
      72.0 MB / 168.3 MB ( 42.8%)
      72.1 MB / 168.3 MB ( 42.8%)
      72.1 MB / 168.3 MB ( 42.8%)
      72.1 MB / 168.3 MB ( 42.8%)
      72.1 MB / 168.3 MB ( 42.8%)
      72.1 MB / 168.3 MB ( 42.8%)
      72.1 MB / 168.3 MB ( 42.8%)
      72.1 MB / 168.3 MB ( 42.8%)
      72.1 MB / 168.3 MB ( 42.9%)
      72.1 MB / 168.3 MB ( 42.9%)
      72.1 MB / 168.3 MB ( 42.9%)
      72.1 MB / 168.3 MB ( 42.9%)
      72.1 MB / 168.3 MB ( 42.9%)
      72.2 MB / 168.3 MB ( 42.9%)
      72.2 MB / 168.3 MB ( 42.9%)
      72.2 MB / 168.3 MB ( 42.9%)
      72.2 MB / 168.3 MB ( 42.9%)
      72.2 MB / 168.3 MB ( 42.9%)
      72.2 MB / 168.3 MB ( 42.9%)
      72.2 MB / 168.3 MB ( 42.9%)
      72.2 MB / 168.3 MB ( 42.9%)
      72.2 MB / 168.3 MB ( 42.9%)
      72.2 MB / 168.3 MB ( 42.9%)
      72.2 MB / 168.3 MB ( 42.9%)
      72.2 MB / 168.3 MB ( 42.9%)
      72.3 MB / 168.3 MB ( 42.9%)
      72.3 MB / 168.3 MB ( 42.9%)
      72.3 MB / 168.3 MB ( 42.9%)
      72.3 MB / 168.3 MB ( 43.0%)
      72.3 MB / 168.3 MB ( 43.0%)
      72.3 MB / 168.3 MB ( 43.0%)
      72.3 MB / 168.3 MB ( 43.0%)
      72.3 MB / 168.3 MB ( 43.0%)
      72.3 MB / 168.3 MB ( 43.0%)
      72.3 MB / 168.3 MB ( 43.0%)
      72.3 MB / 168.3 MB ( 43.0%)
      72.3 MB / 168.3 MB ( 43.0%)
      72.4 MB / 168.3 MB ( 43.0%)
      72.4 MB / 168.3 MB ( 43.0%)
      72.4 MB / 168.3 MB ( 43.0%)
      72.4 MB / 168.3 MB ( 43.0%)
      72.4 MB / 168.3 MB ( 43.0%)
      72.4 MB / 168.3 MB ( 43.0%)
      72.4 MB / 168.3 MB ( 43.0%)
      72.4 MB / 168.3 MB ( 43.0%)
      72.4 MB / 168.3 MB ( 43.0%)
      72.4 MB / 168.3 MB ( 43.0%)
      72.4 MB / 168.3 MB ( 43.0%)
      72.4 MB / 168.3 MB ( 43.0%)
      72.5 MB / 168.3 MB ( 43.1%)
      72.5 MB / 168.3 MB ( 43.1%)
      72.5 MB / 168.3 MB ( 43.1%)
      72.5 MB / 168.3 MB ( 43.1%)
      72.5 MB / 168.3 MB ( 43.1%)
      72.5 MB / 168.3 MB ( 43.1%)
      72.5 MB / 168.3 MB ( 43.1%)
      72.5 MB / 168.3 MB ( 43.1%)
      72.5 MB / 168.3 MB ( 43.1%)
      72.5 MB / 168.3 MB ( 43.1%)
      72.5 MB / 168.3 MB ( 43.1%)
      72.5 MB / 168.3 MB ( 43.1%)
      72.5 MB / 168.3 MB ( 43.1%)
      72.6 MB / 168.3 MB ( 43.1%)
      72.6 MB / 168.3 MB ( 43.1%)
      72.6 MB / 168.3 MB ( 43.1%)
      72.6 MB / 168.3 MB ( 43.1%)
      72.6 MB / 168.3 MB ( 43.1%)
      72.6 MB / 168.3 MB ( 43.1%)
      72.6 MB / 168.3 MB ( 43.1%)
      72.6 MB / 168.3 MB ( 43.2%)
      72.6 MB / 168.3 MB ( 43.2%)
      72.6 MB / 168.3 MB ( 43.2%)
      72.6 MB / 168.3 MB ( 43.2%)
      72.6 MB / 168.3 MB ( 43.2%)
      72.7 MB / 168.3 MB ( 43.2%)
      72.7 MB / 168.3 MB ( 43.2%)
      72.7 MB / 168.3 MB ( 43.2%)
      72.7 MB / 168.3 MB ( 43.2%)
      72.7 MB / 168.3 MB ( 43.2%)
      72.7 MB / 168.3 MB ( 43.2%)
      72.7 MB / 168.3 MB ( 43.2%)
      72.7 MB / 168.3 MB ( 43.2%)
      72.7 MB / 168.3 MB ( 43.2%)
      72.7 MB / 168.3 MB ( 43.2%)
      72.7 MB / 168.3 MB ( 43.2%)
      72.7 MB / 168.3 MB ( 43.2%)
      72.8 MB / 168.3 MB ( 43.2%)
      72.8 MB / 168.3 MB ( 43.2%)
      72.8 MB / 168.3 MB ( 43.2%)
      72.8 MB / 168.3 MB ( 43.2%)
      72.8 MB / 168.3 MB ( 43.3%)
      72.8 MB / 168.3 MB ( 43.3%)
      72.8 MB / 168.3 MB ( 43.3%)
      72.8 MB / 168.3 MB ( 43.3%)
      72.8 MB / 168.3 MB ( 43.3%)
      72.8 MB / 168.3 MB ( 43.3%)
      72.8 MB / 168.3 MB ( 43.3%)
      72.8 MB / 168.3 MB ( 43.3%)
      72.9 MB / 168.3 MB ( 43.3%)
      72.9 MB / 168.3 MB ( 43.3%)
      72.9 MB / 168.3 MB ( 43.3%)
      72.9 MB / 168.3 MB ( 43.3%)
      72.9 MB / 168.3 MB ( 43.3%)
      72.9 MB / 168.3 MB ( 43.3%)
      72.9 MB / 168.3 MB ( 43.3%)
      72.9 MB / 168.3 MB ( 43.3%)
      72.9 MB / 168.3 MB ( 43.3%)
      72.9 MB / 168.3 MB ( 43.3%)
      72.9 MB / 168.3 MB ( 43.3%)
      72.9 MB / 168.3 MB ( 43.3%)
      72.9 MB / 168.3 MB ( 43.4%)
      73.0 MB / 168.3 MB ( 43.4%)
      73.0 MB / 168.3 MB ( 43.4%)
      73.0 MB / 168.3 MB ( 43.4%)
      73.0 MB / 168.3 MB ( 43.4%)
      73.0 MB / 168.3 MB ( 43.4%)
      73.0 MB / 168.3 MB ( 43.4%)
      73.0 MB / 168.3 MB ( 43.4%)
      73.0 MB / 168.3 MB ( 43.4%)
      73.0 MB / 168.3 MB ( 43.4%)
      73.0 MB / 168.3 MB ( 43.4%)
      73.0 MB / 168.3 MB ( 43.4%)
      73.0 MB / 168.3 MB ( 43.4%)
      73.1 MB / 168.3 MB ( 43.4%)
      73.1 MB / 168.3 MB ( 43.4%)
      73.1 MB / 168.3 MB ( 43.4%)
      73.1 MB / 168.3 MB ( 43.4%)
      73.1 MB / 168.3 MB ( 43.4%)
      73.1 MB / 168.3 MB ( 43.4%)
      73.1 MB / 168.3 MB ( 43.4%)
      73.1 MB / 168.3 MB ( 43.4%)
      73.1 MB / 168.3 MB ( 43.5%)
      73.1 MB / 168.3 MB ( 43.5%)
      73.1 MB / 168.3 MB ( 43.5%)
      73.1 MB / 168.3 MB ( 43.5%)
      73.2 MB / 168.3 MB ( 43.5%)
      73.2 MB / 168.3 MB ( 43.5%)
      73.2 MB / 168.3 MB ( 43.5%)
      73.2 MB / 168.3 MB ( 43.5%)
      73.2 MB / 168.3 MB ( 43.5%)
      73.2 MB / 168.3 MB ( 43.5%)
      73.2 MB / 168.3 MB ( 43.5%)
      73.2 MB / 168.3 MB ( 43.5%)
      73.2 MB / 168.3 MB ( 43.5%)
      73.2 MB / 168.3 MB ( 43.5%)
      73.2 MB / 168.3 MB ( 43.5%)
      73.2 MB / 168.3 MB ( 43.5%)
      73.3 MB / 168.3 MB ( 43.5%)
      73.3 MB / 168.3 MB ( 43.5%)
      73.3 MB / 168.3 MB ( 43.5%)
      73.3 MB / 168.3 MB ( 43.5%)
      73.3 MB / 168.3 MB ( 43.5%)
      73.3 MB / 168.3 MB ( 43.6%)
      73.3 MB / 168.3 MB ( 43.6%)
      73.3 MB / 168.3 MB ( 43.6%)
      73.3 MB / 168.3 MB ( 43.6%)
      73.3 MB / 168.3 MB ( 43.6%)
      73.3 MB / 168.3 MB ( 43.6%)
      73.3 MB / 168.3 MB ( 43.6%)
      73.4 MB / 168.3 MB ( 43.6%)
      73.4 MB / 168.3 MB ( 43.6%)
      73.4 MB / 168.3 MB ( 43.6%)
      73.4 MB / 168.3 MB ( 43.6%)
      73.4 MB / 168.3 MB ( 43.6%)
      73.4 MB / 168.3 MB ( 43.6%)
      73.4 MB / 168.3 MB ( 43.6%)
      73.4 MB / 168.3 MB ( 43.6%)
      73.4 MB / 168.3 MB ( 43.6%)
      73.4 MB / 168.3 MB ( 43.6%)
      73.4 MB / 168.3 MB ( 43.6%)
      73.4 MB / 168.3 MB ( 43.6%)
      73.4 MB / 168.3 MB ( 43.6%)
      73.5 MB / 168.3 MB ( 43.7%)
      73.5 MB / 168.3 MB ( 43.7%)
      73.5 MB / 168.3 MB ( 43.7%)
      73.5 MB / 168.3 MB ( 43.7%)
      73.5 MB / 168.3 MB ( 43.7%)
      73.5 MB / 168.3 MB ( 43.7%)
      73.5 MB / 168.3 MB ( 43.7%)
      73.5 MB / 168.3 MB ( 43.7%)
      73.5 MB / 168.3 MB ( 43.7%)
      73.5 MB / 168.3 MB ( 43.7%)
      73.5 MB / 168.3 MB ( 43.7%)
      73.5 MB / 168.3 MB ( 43.7%)
      73.6 MB / 168.3 MB ( 43.7%)
      73.6 MB / 168.3 MB ( 43.7%)
      73.6 MB / 168.3 MB ( 43.7%)
      73.6 MB / 168.3 MB ( 43.7%)
      73.6 MB / 168.3 MB ( 43.7%)
      73.6 MB / 168.3 MB ( 43.7%)
      73.6 MB / 168.3 MB ( 43.7%)
      73.6 MB / 168.3 MB ( 43.7%)
      73.6 MB / 168.3 MB ( 43.7%)
      73.6 MB / 168.3 MB ( 43.8%)
      73.6 MB / 168.3 MB ( 43.8%)
      73.6 MB / 168.3 MB ( 43.8%)
      73.7 MB / 168.3 MB ( 43.8%)
      73.7 MB / 168.3 MB ( 43.8%)
      73.7 MB / 168.3 MB ( 43.8%)
      73.7 MB / 168.3 MB ( 43.8%)
      73.7 MB / 168.3 MB ( 43.8%)
      73.7 MB / 168.3 MB ( 43.8%)
      73.7 MB / 168.3 MB ( 43.8%)
      73.7 MB / 168.3 MB ( 43.8%)
      73.7 MB / 168.3 MB ( 43.8%)
      73.7 MB / 168.3 MB ( 43.8%)
      73.7 MB / 168.3 MB ( 43.8%)
      73.7 MB / 168.3 MB ( 43.8%)
      73.8 MB / 168.3 MB ( 43.8%)
      73.8 MB / 168.3 MB ( 43.8%)
      73.8 MB / 168.3 MB ( 43.8%)
      73.8 MB / 168.3 MB ( 43.8%)
      73.8 MB / 168.3 MB ( 43.8%)
      73.8 MB / 168.3 MB ( 43.9%)
      73.8 MB / 168.3 MB ( 43.9%)
      73.8 MB / 168.3 MB ( 43.9%)
      73.8 MB / 168.3 MB ( 43.9%)
      73.8 MB / 168.3 MB ( 43.9%)
      73.8 MB / 168.3 MB ( 43.9%)
      73.8 MB / 168.3 MB ( 43.9%)
      73.9 MB / 168.3 MB ( 43.9%)
      73.9 MB / 168.3 MB ( 43.9%)
      73.9 MB / 168.3 MB ( 43.9%)
      73.9 MB / 168.3 MB ( 43.9%)
      73.9 MB / 168.3 MB ( 43.9%)
      73.9 MB / 168.3 MB ( 43.9%)
      73.9 MB / 168.3 MB ( 43.9%)
      73.9 MB / 168.3 MB ( 43.9%)
      73.9 MB / 168.3 MB ( 43.9%)
      73.9 MB / 168.3 MB ( 43.9%)
      73.9 MB / 168.3 MB ( 43.9%)
      73.9 MB / 168.3 MB ( 43.9%)
      73.9 MB / 168.3 MB ( 43.9%)
      74.0 MB / 168.3 MB ( 43.9%)
      74.0 MB / 168.3 MB ( 44.0%)
      74.0 MB / 168.3 MB ( 44.0%)
      74.0 MB / 168.3 MB ( 44.0%)
      74.0 MB / 168.3 MB ( 44.0%)
      74.0 MB / 168.3 MB ( 44.0%)
      74.0 MB / 168.3 MB ( 44.0%)
      74.0 MB / 168.3 MB ( 44.0%)
      74.0 MB / 168.3 MB ( 44.0%)
      74.0 MB / 168.3 MB ( 44.0%)
      74.0 MB / 168.3 MB ( 44.0%)
      74.0 MB / 168.3 MB ( 44.0%)
      74.1 MB / 168.3 MB ( 44.0%)
      74.1 MB / 168.3 MB ( 44.0%)
      74.1 MB / 168.3 MB ( 44.0%)
      74.1 MB / 168.3 MB ( 44.0%)
      74.1 MB / 168.3 MB ( 44.0%)
      74.1 MB / 168.3 MB ( 44.0%)
      74.1 MB / 168.3 MB ( 44.0%)
      74.1 MB / 168.3 MB ( 44.0%)
      74.1 MB / 168.3 MB ( 44.0%)
      74.1 MB / 168.3 MB ( 44.1%)
      74.1 MB / 168.3 MB ( 44.1%)
      74.1 MB / 168.3 MB ( 44.1%)
      74.2 MB / 168.3 MB ( 44.1%)
      74.2 MB / 168.3 MB ( 44.1%)
      74.2 MB / 168.3 MB ( 44.1%)
      74.2 MB / 168.3 MB ( 44.1%)
      74.2 MB / 168.3 MB ( 44.1%)
      74.2 MB / 168.3 MB ( 44.1%)
      74.2 MB / 168.3 MB ( 44.1%)
      74.2 MB / 168.3 MB ( 44.1%)
      74.2 MB / 168.3 MB ( 44.1%)
      74.2 MB / 168.3 MB ( 44.1%)
      74.2 MB / 168.3 MB ( 44.1%)
      74.2 MB / 168.3 MB ( 44.1%)
      74.3 MB / 168.3 MB ( 44.1%)
      74.3 MB / 168.3 MB ( 44.1%)
      74.3 MB / 168.3 MB ( 44.1%)
      74.3 MB / 168.3 MB ( 44.1%)
      74.3 MB / 168.3 MB ( 44.1%)
      74.3 MB / 168.3 MB ( 44.1%)
      74.3 MB / 168.3 MB ( 44.2%)
      74.3 MB / 168.3 MB ( 44.2%)
      74.3 MB / 168.3 MB ( 44.2%)
      74.3 MB / 168.3 MB ( 44.2%)
      74.3 MB / 168.3 MB ( 44.2%)
      74.3 MB / 168.3 MB ( 44.2%)
      74.4 MB / 168.3 MB ( 44.2%)
      74.4 MB / 168.3 MB ( 44.2%)
      74.4 MB / 168.3 MB ( 44.2%)
      74.4 MB / 168.3 MB ( 44.2%)
      74.4 MB / 168.3 MB ( 44.2%)
      74.4 MB / 168.3 MB ( 44.2%)
      74.4 MB / 168.3 MB ( 44.2%)
      74.4 MB / 168.3 MB ( 44.2%)
      74.4 MB / 168.3 MB ( 44.2%)
      74.4 MB / 168.3 MB ( 44.2%)
      74.4 MB / 168.3 MB ( 44.2%)
      74.4 MB / 168.3 MB ( 44.2%)
      74.4 MB / 168.3 MB ( 44.2%)
      74.5 MB / 168.3 MB ( 44.2%)
      74.5 MB / 168.3 MB ( 44.3%)
      74.5 MB / 168.3 MB ( 44.3%)
      74.5 MB / 168.3 MB ( 44.3%)
      74.5 MB / 168.3 MB ( 44.3%)
      74.5 MB / 168.3 MB ( 44.3%)
      74.5 MB / 168.3 MB ( 44.3%)
      74.5 MB / 168.3 MB ( 44.3%)
      74.5 MB / 168.3 MB ( 44.3%)
      74.5 MB / 168.3 MB ( 44.3%)
      74.5 MB / 168.3 MB ( 44.3%)
      74.5 MB / 168.3 MB ( 44.3%)
      74.6 MB / 168.3 MB ( 44.3%)
      74.6 MB / 168.3 MB ( 44.3%)
      74.6 MB / 168.3 MB ( 44.3%)
      74.6 MB / 168.3 MB ( 44.3%)
      74.6 MB / 168.3 MB ( 44.3%)
      74.6 MB / 168.3 MB ( 44.3%)
      74.6 MB / 168.3 MB ( 44.3%)
      74.6 MB / 168.3 MB ( 44.3%)
      74.6 MB / 168.3 MB ( 44.3%)
      74.6 MB / 168.3 MB ( 44.3%)
      74.6 MB / 168.3 MB ( 44.4%)
      74.6 MB / 168.3 MB ( 44.4%)
      74.7 MB / 168.3 MB ( 44.4%)
      74.7 MB / 168.3 MB ( 44.4%)
      74.7 MB / 168.3 MB ( 44.4%)
      74.7 MB / 168.3 MB ( 44.4%)
      74.7 MB / 168.3 MB ( 44.4%)
      74.7 MB / 168.3 MB ( 44.4%)
      74.7 MB / 168.3 MB ( 44.4%)
      74.7 MB / 168.3 MB ( 44.4%)
      74.7 MB / 168.3 MB ( 44.4%)
      74.7 MB / 168.3 MB ( 44.4%)
      74.7 MB / 168.3 MB ( 44.4%)
      74.7 MB / 168.3 MB ( 44.4%)
      74.8 MB / 168.3 MB ( 44.4%)
      74.8 MB / 168.3 MB ( 44.4%)
      74.8 MB / 168.3 MB ( 44.4%)
      74.8 MB / 168.3 MB ( 44.4%)
      74.8 MB / 168.3 MB ( 44.4%)
      74.8 MB / 168.3 MB ( 44.4%)
      74.8 MB / 168.3 MB ( 44.5%)
      74.8 MB / 168.3 MB ( 44.5%)
      74.8 MB / 168.3 MB ( 44.5%)
      74.8 MB / 168.3 MB ( 44.5%)
      74.8 MB / 168.3 MB ( 44.5%)
      74.8 MB / 168.3 MB ( 44.5%)
      74.9 MB / 168.3 MB ( 44.5%)
      74.9 MB / 168.3 MB ( 44.5%)
      74.9 MB / 168.3 MB ( 44.5%)
      74.9 MB / 168.3 MB ( 44.5%)
      74.9 MB / 168.3 MB ( 44.5%)
      74.9 MB / 168.3 MB ( 44.5%)
      74.9 MB / 168.3 MB ( 44.5%)
      74.9 MB / 168.3 MB ( 44.5%)
      74.9 MB / 168.3 MB ( 44.5%)
      74.9 MB / 168.3 MB ( 44.5%)
      74.9 MB / 168.3 MB ( 44.5%)
      74.9 MB / 168.3 MB ( 44.5%)
      74.9 MB / 168.3 MB ( 44.5%)
      75.0 MB / 168.3 MB ( 44.5%)
      75.0 MB / 168.3 MB ( 44.5%)
      75.0 MB / 168.3 MB ( 44.6%)
      75.0 MB / 168.3 MB ( 44.6%)
      75.0 MB / 168.3 MB ( 44.6%)
      75.0 MB / 168.3 MB ( 44.6%)
      75.0 MB / 168.3 MB ( 44.6%)
      75.0 MB / 168.3 MB ( 44.6%)
      75.0 MB / 168.3 MB ( 44.6%)
      75.0 MB / 168.3 MB ( 44.6%)
      75.0 MB / 168.3 MB ( 44.6%)
      75.0 MB / 168.3 MB ( 44.6%)
      75.1 MB / 168.3 MB ( 44.6%)
      75.1 MB / 168.3 MB ( 44.6%)
      75.1 MB / 168.3 MB ( 44.6%)
      75.1 MB / 168.3 MB ( 44.6%)
      75.1 MB / 168.3 MB ( 44.6%)
      75.1 MB / 168.3 MB ( 44.6%)
      75.1 MB / 168.3 MB ( 44.6%)
      75.1 MB / 168.3 MB ( 44.6%)
      75.1 MB / 168.3 MB ( 44.6%)
      75.1 MB / 168.3 MB ( 44.6%)
      75.1 MB / 168.3 MB ( 44.6%)
      75.1 MB / 168.3 MB ( 44.7%)
      75.2 MB / 168.3 MB ( 44.7%)
      75.2 MB / 168.3 MB ( 44.7%)
      75.2 MB / 168.3 MB ( 44.7%)
      75.2 MB / 168.3 MB ( 44.7%)
      75.2 MB / 168.3 MB ( 44.7%)
      75.2 MB / 168.3 MB ( 44.7%)
      75.2 MB / 168.3 MB ( 44.7%)
      75.2 MB / 168.3 MB ( 44.7%)
      75.2 MB / 168.3 MB ( 44.7%)
      75.2 MB / 168.3 MB ( 44.7%)
      75.2 MB / 168.3 MB ( 44.7%)
      75.2 MB / 168.3 MB ( 44.7%)
      75.3 MB / 168.3 MB ( 44.7%)
      75.3 MB / 168.3 MB ( 44.7%)
      75.3 MB / 168.3 MB ( 44.7%)
      75.3 MB / 168.3 MB ( 44.7%)
      75.3 MB / 168.3 MB ( 44.7%)
      75.3 MB / 168.3 MB ( 44.7%)
      75.3 MB / 168.3 MB ( 44.7%)
      75.3 MB / 168.3 MB ( 44.8%)
      75.3 MB / 168.3 MB ( 44.8%)
      75.3 MB / 168.3 MB ( 44.8%)
      75.3 MB / 168.3 MB ( 44.8%)
      75.3 MB / 168.3 MB ( 44.8%)
      75.4 MB / 168.3 MB ( 44.8%)
      75.4 MB / 168.3 MB ( 44.8%)
      75.4 MB / 168.3 MB ( 44.8%)
      75.4 MB / 168.3 MB ( 44.8%)
      75.4 MB / 168.3 MB ( 44.8%)
      75.4 MB / 168.3 MB ( 44.8%)
      75.4 MB / 168.3 MB ( 44.8%)
      75.4 MB / 168.3 MB ( 44.8%)
      75.4 MB / 168.3 MB ( 44.8%)
      75.4 MB / 168.3 MB ( 44.8%)
      75.4 MB / 168.3 MB ( 44.8%)
      75.4 MB / 168.3 MB ( 44.8%)
      75.4 MB / 168.3 MB ( 44.8%)
      75.5 MB / 168.3 MB ( 44.8%)
      75.5 MB / 168.3 MB ( 44.8%)
      75.5 MB / 168.3 MB ( 44.8%)
      75.5 MB / 168.3 MB ( 44.9%)
      75.5 MB / 168.3 MB ( 44.9%)
      75.5 MB / 168.3 MB ( 44.9%)
      75.5 MB / 168.3 MB ( 44.9%)
      75.5 MB / 168.3 MB ( 44.9%)
      75.5 MB / 168.3 MB ( 44.9%)
      75.5 MB / 168.3 MB ( 44.9%)
      75.5 MB / 168.3 MB ( 44.9%)
      75.5 MB / 168.3 MB ( 44.9%)
      75.6 MB / 168.3 MB ( 44.9%)
      75.6 MB / 168.3 MB ( 44.9%)
      75.6 MB / 168.3 MB ( 44.9%)
      75.6 MB / 168.3 MB ( 44.9%)
      75.6 MB / 168.3 MB ( 44.9%)
      75.6 MB / 168.3 MB ( 44.9%)
      75.6 MB / 168.3 MB ( 44.9%)
      75.6 MB / 168.3 MB ( 44.9%)
      75.6 MB / 168.3 MB ( 44.9%)
      75.6 MB / 168.3 MB ( 44.9%)
      75.6 MB / 168.3 MB ( 44.9%)
      75.6 MB / 168.3 MB ( 45.0%)
      75.7 MB / 168.3 MB ( 45.0%)
      75.7 MB / 168.3 MB ( 45.0%)
      75.7 MB / 168.3 MB ( 45.0%)
      75.7 MB / 168.3 MB ( 45.0%)
      75.7 MB / 168.3 MB ( 45.0%)
      75.7 MB / 168.3 MB ( 45.0%)
      75.7 MB / 168.3 MB ( 45.0%)
      75.7 MB / 168.3 MB ( 45.0%)
      75.7 MB / 168.3 MB ( 45.0%)
      75.7 MB / 168.3 MB ( 45.0%)
      75.7 MB / 168.3 MB ( 45.0%)
      75.7 MB / 168.3 MB ( 45.0%)
      75.8 MB / 168.3 MB ( 45.0%)
      75.8 MB / 168.3 MB ( 45.0%)
      75.8 MB / 168.3 MB ( 45.0%)
      75.8 MB / 168.3 MB ( 45.0%)
      75.8 MB / 168.3 MB ( 45.0%)
      75.8 MB / 168.3 MB ( 45.0%)
      75.8 MB / 168.3 MB ( 45.0%)
      75.8 MB / 168.3 MB ( 45.0%)
      75.8 MB / 168.3 MB ( 45.1%)
      75.8 MB / 168.3 MB ( 45.1%)
      75.8 MB / 168.3 MB ( 45.1%)
      75.8 MB / 168.3 MB ( 45.1%)
      75.8 MB / 168.3 MB ( 45.1%)
      75.9 MB / 168.3 MB ( 45.1%)
      75.9 MB / 168.3 MB ( 45.1%)
      75.9 MB / 168.3 MB ( 45.1%)
      75.9 MB / 168.3 MB ( 45.1%)
      75.9 MB / 168.3 MB ( 45.1%)
      75.9 MB / 168.3 MB ( 45.1%)
      75.9 MB / 168.3 MB ( 45.1%)
      75.9 MB / 168.3 MB ( 45.1%)
      75.9 MB / 168.3 MB ( 45.1%)
      75.9 MB / 168.3 MB ( 45.1%)
      75.9 MB / 168.3 MB ( 45.1%)
      75.9 MB / 168.3 MB ( 45.1%)
      76.0 MB / 168.3 MB ( 45.1%)
      76.0 MB / 168.3 MB ( 45.1%)
      76.0 MB / 168.3 MB ( 45.1%)
      76.0 MB / 168.3 MB ( 45.2%)
      76.0 MB / 168.3 MB ( 45.2%)
      76.0 MB / 168.3 MB ( 45.2%)
      76.0 MB / 168.3 MB ( 45.2%)
      76.0 MB / 168.3 MB ( 45.2%)
      76.0 MB / 168.3 MB ( 45.2%)
      76.0 MB / 168.3 MB ( 45.2%)
      76.0 MB / 168.3 MB ( 45.2%)
      76.0 MB / 168.3 MB ( 45.2%)
      76.1 MB / 168.3 MB ( 45.2%)
      76.1 MB / 168.3 MB ( 45.2%)
      76.1 MB / 168.3 MB ( 45.2%)
      76.1 MB / 168.3 MB ( 45.2%)
      76.1 MB / 168.3 MB ( 45.2%)
      76.1 MB / 168.3 MB ( 45.2%)
      76.1 MB / 168.3 MB ( 45.2%)
      76.1 MB / 168.3 MB ( 45.2%)
      76.1 MB / 168.3 MB ( 45.2%)
      76.1 MB / 168.3 MB ( 45.2%)
      76.1 MB / 168.3 MB ( 45.2%)
      76.1 MB / 168.3 MB ( 45.2%)
      76.2 MB / 168.3 MB ( 45.3%)
      76.2 MB / 168.3 MB ( 45.3%)
      76.2 MB / 168.3 MB ( 45.3%)
      76.2 MB / 168.3 MB ( 45.3%)
      76.2 MB / 168.3 MB ( 45.3%)
      76.2 MB / 168.3 MB ( 45.3%)
      76.2 MB / 168.3 MB ( 45.3%)
      76.2 MB / 168.3 MB ( 45.3%)
      76.2 MB / 168.3 MB ( 45.3%)
      76.2 MB / 168.3 MB ( 45.3%)
      76.2 MB / 168.3 MB ( 45.3%)
      76.2 MB / 168.3 MB ( 45.3%)
      76.3 MB / 168.3 MB ( 45.3%)
      76.3 MB / 168.3 MB ( 45.3%)
      76.3 MB / 168.3 MB ( 45.3%)
      76.3 MB / 168.3 MB ( 45.3%)
      76.3 MB / 168.3 MB ( 45.3%)
      76.3 MB / 168.3 MB ( 45.3%)
      76.3 MB / 168.3 MB ( 45.3%)
      76.3 MB / 168.3 MB ( 45.3%)
      76.3 MB / 168.3 MB ( 45.4%)
      76.3 MB / 168.3 MB ( 45.4%)
      76.3 MB / 168.3 MB ( 45.4%)
      76.3 MB / 168.3 MB ( 45.4%)
      76.3 MB / 168.3 MB ( 45.4%)
      76.4 MB / 168.3 MB ( 45.4%)
      76.4 MB / 168.3 MB ( 45.4%)
      76.4 MB / 168.3 MB ( 45.4%)
      76.4 MB / 168.3 MB ( 45.4%)
      76.4 MB / 168.3 MB ( 45.4%)
      76.4 MB / 168.3 MB ( 45.4%)
      76.4 MB / 168.3 MB ( 45.4%)
      76.4 MB / 168.3 MB ( 45.4%)
      76.4 MB / 168.3 MB ( 45.4%)
      76.4 MB / 168.3 MB ( 45.4%)
      76.4 MB / 168.3 MB ( 45.4%)
      76.4 MB / 168.3 MB ( 45.4%)
      76.5 MB / 168.3 MB ( 45.4%)
      76.5 MB / 168.3 MB ( 45.4%)
      76.5 MB / 168.3 MB ( 45.4%)
      76.5 MB / 168.3 MB ( 45.4%)
      76.5 MB / 168.3 MB ( 45.5%)
      76.5 MB / 168.3 MB ( 45.5%)
      76.5 MB / 168.3 MB ( 45.5%)
      76.5 MB / 168.3 MB ( 45.5%)
      76.5 MB / 168.3 MB ( 45.5%)
      76.5 MB / 168.3 MB ( 45.5%)
      76.5 MB / 168.3 MB ( 45.5%)
      76.5 MB / 168.3 MB ( 45.5%)
      76.6 MB / 168.3 MB ( 45.5%)
      76.6 MB / 168.3 MB ( 45.5%)
      76.6 MB / 168.3 MB ( 45.5%)
      76.6 MB / 168.3 MB ( 45.5%)
      76.6 MB / 168.3 MB ( 45.5%)
      76.6 MB / 168.3 MB ( 45.5%)
      76.6 MB / 168.3 MB ( 45.5%)
      76.6 MB / 168.3 MB ( 45.5%)
      76.6 MB / 168.3 MB ( 45.5%)
      76.6 MB / 168.3 MB ( 45.5%)
      76.6 MB / 168.3 MB ( 45.5%)
      76.6 MB / 168.3 MB ( 45.5%)
      76.7 MB / 168.3 MB ( 45.6%)
      76.7 MB / 168.3 MB ( 45.6%)
      76.7 MB / 168.3 MB ( 45.6%)
      76.7 MB / 168.3 MB ( 45.6%)
      76.7 MB / 168.3 MB ( 45.6%)
      76.7 MB / 168.3 MB ( 45.6%)
      76.7 MB / 168.3 MB ( 45.6%)
      76.7 MB / 168.3 MB ( 45.6%)
      76.7 MB / 168.3 MB ( 45.6%)
      76.7 MB / 168.3 MB ( 45.6%)
      76.7 MB / 168.3 MB ( 45.6%)
      76.7 MB / 168.3 MB ( 45.6%)
      76.8 MB / 168.3 MB ( 45.6%)
      76.8 MB / 168.3 MB ( 45.6%)
      76.8 MB / 168.3 MB ( 45.6%)
      76.8 MB / 168.3 MB ( 45.6%)
      76.8 MB / 168.3 MB ( 45.6%)
      76.8 MB / 168.3 MB ( 45.6%)
      76.8 MB / 168.3 MB ( 45.6%)
      76.8 MB / 168.3 MB ( 45.6%)
      76.8 MB / 168.3 MB ( 45.6%)
      76.8 MB / 168.3 MB ( 45.7%)
      76.8 MB / 168.3 MB ( 45.7%)
      76.8 MB / 168.3 MB ( 45.7%)
      76.8 MB / 168.3 MB ( 45.7%)
      76.9 MB / 168.3 MB ( 45.7%)
      76.9 MB / 168.3 MB ( 45.7%)
      76.9 MB / 168.3 MB ( 45.7%)
      76.9 MB / 168.3 MB ( 45.7%)
      76.9 MB / 168.3 MB ( 45.7%)
      76.9 MB / 168.3 MB ( 45.7%)
      76.9 MB / 168.3 MB ( 45.7%)
      76.9 MB / 168.3 MB ( 45.7%)
      76.9 MB / 168.3 MB ( 45.7%)
      76.9 MB / 168.3 MB ( 45.7%)
      76.9 MB / 168.3 MB ( 45.7%)
      76.9 MB / 168.3 MB ( 45.7%)
      77.0 MB / 168.3 MB ( 45.7%)
      77.0 MB / 168.3 MB ( 45.7%)
      77.0 MB / 168.3 MB ( 45.7%)
      77.0 MB / 168.3 MB ( 45.7%)
      77.0 MB / 168.3 MB ( 45.8%)
      77.0 MB / 168.3 MB ( 45.8%)
      77.0 MB / 168.3 MB ( 45.8%)
      77.0 MB / 168.3 MB ( 45.8%)
      77.0 MB / 168.3 MB ( 45.8%)
      77.0 MB / 168.3 MB ( 45.8%)
      77.0 MB / 168.3 MB ( 45.8%)
      77.0 MB / 168.3 MB ( 45.8%)
      77.1 MB / 168.3 MB ( 45.8%)
      77.1 MB / 168.3 MB ( 45.8%)
      77.1 MB / 168.3 MB ( 45.8%)
      77.1 MB / 168.3 MB ( 45.8%)
      77.1 MB / 168.3 MB ( 45.8%)
      77.1 MB / 168.3 MB ( 45.8%)
      77.1 MB / 168.3 MB ( 45.8%)
      77.1 MB / 168.3 MB ( 45.8%)
      77.1 MB / 168.3 MB ( 45.8%)
      77.1 MB / 168.3 MB ( 45.8%)
      77.1 MB / 168.3 MB ( 45.8%)
      77.1 MB / 168.3 MB ( 45.8%)
      77.2 MB / 168.3 MB ( 45.8%)
      77.2 MB / 168.3 MB ( 45.9%)
      77.2 MB / 168.3 MB ( 45.9%)
      77.2 MB / 168.3 MB ( 45.9%)
      77.2 MB / 168.3 MB ( 45.9%)
      77.2 MB / 168.3 MB ( 45.9%)
      77.2 MB / 168.3 MB ( 45.9%)
      77.2 MB / 168.3 MB ( 45.9%)
      77.2 MB / 168.3 MB ( 45.9%)
      77.2 MB / 168.3 MB ( 45.9%)
      77.2 MB / 168.3 MB ( 45.9%)
      77.2 MB / 168.3 MB ( 45.9%)
      77.3 MB / 168.3 MB ( 45.9%)
      77.3 MB / 168.3 MB ( 45.9%)
      77.3 MB / 168.3 MB ( 45.9%)
      77.3 MB / 168.3 MB ( 45.9%)
      77.3 MB / 168.3 MB ( 45.9%)
      77.3 MB / 168.3 MB ( 45.9%)
      77.3 MB / 168.3 MB ( 45.9%)
      77.3 MB / 168.3 MB ( 45.9%)
      77.3 MB / 168.3 MB ( 45.9%)
      77.3 MB / 168.3 MB ( 45.9%)
      77.3 MB / 168.3 MB ( 46.0%)
      77.3 MB / 168.3 MB ( 46.0%)
      77.3 MB / 168.3 MB ( 46.0%)
      77.4 MB / 168.3 MB ( 46.0%)
      77.4 MB / 168.3 MB ( 46.0%)
      77.4 MB / 168.3 MB ( 46.0%)
      77.4 MB / 168.3 MB ( 46.0%)
      77.4 MB / 168.3 MB ( 46.0%)
      77.4 MB / 168.3 MB ( 46.0%)
      77.4 MB / 168.3 MB ( 46.0%)
      77.4 MB / 168.3 MB ( 46.0%)
      77.4 MB / 168.3 MB ( 46.0%)
      77.4 MB / 168.3 MB ( 46.0%)
      77.4 MB / 168.3 MB ( 46.0%)
      77.4 MB / 168.3 MB ( 46.0%)
      77.5 MB / 168.3 MB ( 46.0%)
      77.5 MB / 168.3 MB ( 46.0%)
      77.5 MB / 168.3 MB ( 46.0%)
      77.5 MB / 168.3 MB ( 46.0%)
      77.5 MB / 168.3 MB ( 46.0%)
      77.5 MB / 168.3 MB ( 46.1%)
      77.5 MB / 168.3 MB ( 46.1%)
      77.5 MB / 168.3 MB ( 46.1%)
      77.5 MB / 168.3 MB ( 46.1%)
      77.5 MB / 168.3 MB ( 46.1%)
      77.5 MB / 168.3 MB ( 46.1%)
      77.5 MB / 168.3 MB ( 46.1%)
      77.6 MB / 168.3 MB ( 46.1%)
      77.6 MB / 168.3 MB ( 46.1%)
      77.6 MB / 168.3 MB ( 46.1%)
      77.6 MB / 168.3 MB ( 46.1%)
      77.6 MB / 168.3 MB ( 46.1%)
      77.6 MB / 168.3 MB ( 46.1%)
      77.6 MB / 168.3 MB ( 46.1%)
      77.6 MB / 168.3 MB ( 46.1%)
      77.6 MB / 168.3 MB ( 46.1%)
      77.6 MB / 168.3 MB ( 46.1%)
      77.6 MB / 168.3 MB ( 46.1%)
      77.6 MB / 168.3 MB ( 46.1%)
      77.7 MB / 168.3 MB ( 46.1%)
      77.7 MB / 168.3 MB ( 46.1%)
      77.7 MB / 168.3 MB ( 46.2%)
      77.7 MB / 168.3 MB ( 46.2%)
      77.7 MB / 168.3 MB ( 46.2%)
      77.7 MB / 168.3 MB ( 46.2%)
      77.7 MB / 168.3 MB ( 46.2%)
      77.7 MB / 168.3 MB ( 46.2%)
      77.7 MB / 168.3 MB ( 46.2%)
      77.7 MB / 168.3 MB ( 46.2%)
      77.7 MB / 168.3 MB ( 46.2%)
      77.7 MB / 168.3 MB ( 46.2%)
      77.8 MB / 168.3 MB ( 46.2%)
      77.8 MB / 168.3 MB ( 46.2%)
      77.8 MB / 168.3 MB ( 46.2%)
      77.8 MB / 168.3 MB ( 46.2%)
      77.8 MB / 168.3 MB ( 46.2%)
      77.8 MB / 168.3 MB ( 46.2%)
      77.8 MB / 168.3 MB ( 46.2%)
      77.8 MB / 168.3 MB ( 46.2%)
      77.8 MB / 168.3 MB ( 46.2%)
      77.8 MB / 168.3 MB ( 46.2%)
      77.8 MB / 168.3 MB ( 46.3%)
      77.8 MB / 168.3 MB ( 46.3%)
      77.8 MB / 168.3 MB ( 46.3%)
      77.9 MB / 168.3 MB ( 46.3%)
      77.9 MB / 168.3 MB ( 46.3%)
      77.9 MB / 168.3 MB ( 46.3%)
      77.9 MB / 168.3 MB ( 46.3%)
      77.9 MB / 168.3 MB ( 46.3%)
      77.9 MB / 168.3 MB ( 46.3%)
      77.9 MB / 168.3 MB ( 46.3%)
      77.9 MB / 168.3 MB ( 46.3%)
      77.9 MB / 168.3 MB ( 46.3%)
      77.9 MB / 168.3 MB ( 46.3%)
      77.9 MB / 168.3 MB ( 46.3%)
      77.9 MB / 168.3 MB ( 46.3%)
      78.0 MB / 168.3 MB ( 46.3%)
      78.0 MB / 168.3 MB ( 46.3%)
      78.0 MB / 168.3 MB ( 46.3%)
      78.0 MB / 168.3 MB ( 46.3%)
      78.0 MB / 168.3 MB ( 46.3%)
      78.0 MB / 168.3 MB ( 46.3%)
      78.0 MB / 168.3 MB ( 46.4%)
      78.0 MB / 168.3 MB ( 46.4%)
      78.0 MB / 168.3 MB ( 46.4%)
      78.0 MB / 168.3 MB ( 46.4%)
      78.0 MB / 168.3 MB ( 46.4%)
      78.0 MB / 168.3 MB ( 46.4%)
      78.1 MB / 168.3 MB ( 46.4%)
      78.1 MB / 168.3 MB ( 46.4%)
      78.1 MB / 168.3 MB ( 46.4%)
      78.1 MB / 168.3 MB ( 46.4%)
      78.1 MB / 168.3 MB ( 46.4%)
      78.1 MB / 168.3 MB ( 46.4%)
      78.1 MB / 168.3 MB ( 46.4%)
      78.1 MB / 168.3 MB ( 46.4%)
      78.1 MB / 168.3 MB ( 46.4%)
      78.1 MB / 168.3 MB ( 46.4%)
      78.1 MB / 168.3 MB ( 46.4%)
      78.1 MB / 168.3 MB ( 46.4%)
      78.2 MB / 168.3 MB ( 46.4%)
      78.2 MB / 168.3 MB ( 46.4%)
      78.2 MB / 168.3 MB ( 46.5%)
      78.2 MB / 168.3 MB ( 46.5%)
      78.2 MB / 168.3 MB ( 46.5%)
      78.2 MB / 168.3 MB ( 46.5%)
      78.2 MB / 168.3 MB ( 46.5%)
      78.2 MB / 168.3 MB ( 46.5%)
      78.2 MB / 168.3 MB ( 46.5%)
      78.2 MB / 168.3 MB ( 46.5%)
      78.2 MB / 168.3 MB ( 46.5%)
      78.2 MB / 168.3 MB ( 46.5%)
      78.2 MB / 168.3 MB ( 46.5%)
      78.3 MB / 168.3 MB ( 46.5%)
      78.3 MB / 168.3 MB ( 46.5%)
      78.3 MB / 168.3 MB ( 46.5%)
      78.3 MB / 168.3 MB ( 46.5%)
      78.3 MB / 168.3 MB ( 46.5%)
      78.3 MB / 168.3 MB ( 46.5%)
      78.3 MB / 168.3 MB ( 46.5%)
      78.3 MB / 168.3 MB ( 46.5%)
      78.3 MB / 168.3 MB ( 46.5%)
      78.3 MB / 168.3 MB ( 46.5%)
      78.3 MB / 168.3 MB ( 46.6%)
      78.3 MB / 168.3 MB ( 46.6%)
      78.4 MB / 168.3 MB ( 46.6%)
      78.4 MB / 168.3 MB ( 46.6%)
      78.4 MB / 168.3 MB ( 46.6%)
      78.4 MB / 168.3 MB ( 46.6%)
      78.4 MB / 168.3 MB ( 46.6%)
      78.4 MB / 168.3 MB ( 46.6%)
      78.4 MB / 168.3 MB ( 46.6%)
      78.4 MB / 168.3 MB ( 46.6%)
      78.4 MB / 168.3 MB ( 46.6%)
      78.4 MB / 168.3 MB ( 46.6%)
      78.4 MB / 168.3 MB ( 46.6%)
      78.4 MB / 168.3 MB ( 46.6%)
      78.5 MB / 168.3 MB ( 46.6%)
      78.5 MB / 168.3 MB ( 46.6%)
      78.5 MB / 168.3 MB ( 46.6%)
      78.5 MB / 168.3 MB ( 46.6%)
      78.5 MB / 168.3 MB ( 46.6%)
      78.5 MB / 168.3 MB ( 46.6%)
      78.5 MB / 168.3 MB ( 46.7%)
      78.5 MB / 168.3 MB ( 46.7%)
      78.5 MB / 168.3 MB ( 46.7%)
      78.5 MB / 168.3 MB ( 46.7%)
      78.5 MB / 168.3 MB ( 46.7%)
      78.5 MB / 168.3 MB ( 46.7%)
      78.6 MB / 168.3 MB ( 46.7%)
      78.6 MB / 168.3 MB ( 46.7%)
      78.6 MB / 168.3 MB ( 46.7%)
      78.6 MB / 168.3 MB ( 46.7%)
      78.6 MB / 168.3 MB ( 46.7%)
      78.6 MB / 168.3 MB ( 46.7%)
      78.6 MB / 168.3 MB ( 46.7%)
      78.6 MB / 168.3 MB ( 46.7%)
      78.6 MB / 168.3 MB ( 46.7%)
      78.6 MB / 168.3 MB ( 46.7%)
      78.6 MB / 168.3 MB ( 46.7%)
      78.6 MB / 168.3 MB ( 46.7%)
      78.7 MB / 168.3 MB ( 46.7%)
      78.7 MB / 168.3 MB ( 46.7%)
      78.7 MB / 168.3 MB ( 46.7%)
      78.7 MB / 168.3 MB ( 46.8%)
      78.7 MB / 168.3 MB ( 46.8%)
      78.7 MB / 168.3 MB ( 46.8%)
      78.7 MB / 168.3 MB ( 46.8%)
      78.7 MB / 168.3 MB ( 46.8%)
      78.7 MB / 168.3 MB ( 46.8%)
      78.7 MB / 168.3 MB ( 46.8%)
      78.7 MB / 168.3 MB ( 46.8%)
      78.7 MB / 168.3 MB ( 46.8%)
      78.7 MB / 168.3 MB ( 46.8%)
      78.8 MB / 168.3 MB ( 46.8%)
      78.8 MB / 168.3 MB ( 46.8%)
      78.8 MB / 168.3 MB ( 46.8%)
      78.8 MB / 168.3 MB ( 46.8%)
      78.8 MB / 168.3 MB ( 46.8%)
      78.8 MB / 168.3 MB ( 46.8%)
      78.8 MB / 168.3 MB ( 46.8%)
      78.8 MB / 168.3 MB ( 46.8%)
      78.8 MB / 168.3 MB ( 46.8%)
      78.8 MB / 168.3 MB ( 46.8%)
      78.8 MB / 168.3 MB ( 46.9%)
      78.8 MB / 168.3 MB ( 46.9%)
      78.9 MB / 168.3 MB ( 46.9%)
      78.9 MB / 168.3 MB ( 46.9%)
      78.9 MB / 168.3 MB ( 46.9%)
      78.9 MB / 168.3 MB ( 46.9%)
      78.9 MB / 168.3 MB ( 46.9%)
      78.9 MB / 168.3 MB ( 46.9%)
      78.9 MB / 168.3 MB ( 46.9%)
      78.9 MB / 168.3 MB ( 46.9%)
      78.9 MB / 168.3 MB ( 46.9%)
      78.9 MB / 168.3 MB ( 46.9%)
      78.9 MB / 168.3 MB ( 46.9%)
      78.9 MB / 168.3 MB ( 46.9%)
      79.0 MB / 168.3 MB ( 46.9%)
      79.0 MB / 168.3 MB ( 46.9%)
      79.0 MB / 168.3 MB ( 46.9%)
      79.0 MB / 168.3 MB ( 46.9%)
      79.0 MB / 168.3 MB ( 46.9%)
      79.0 MB / 168.3 MB ( 46.9%)
      79.0 MB / 168.3 MB ( 46.9%)
      79.0 MB / 168.3 MB ( 47.0%)
      79.0 MB / 168.3 MB ( 47.0%)
      79.0 MB / 168.3 MB ( 47.0%)
      79.0 MB / 168.3 MB ( 47.0%)
      79.0 MB / 168.3 MB ( 47.0%)
      79.1 MB / 168.3 MB ( 47.0%)
      79.1 MB / 168.3 MB ( 47.0%)
      79.1 MB / 168.3 MB ( 47.0%)
      79.1 MB / 168.3 MB ( 47.0%)
      79.1 MB / 168.3 MB ( 47.0%)
      79.1 MB / 168.3 MB ( 47.0%)
      79.1 MB / 168.3 MB ( 47.0%)
      79.1 MB / 168.3 MB ( 47.0%)
      79.1 MB / 168.3 MB ( 47.0%)
      79.1 MB / 168.3 MB ( 47.0%)
      79.1 MB / 168.3 MB ( 47.0%)
      79.1 MB / 168.3 MB ( 47.0%)
      79.2 MB / 168.3 MB ( 47.0%)
      79.2 MB / 168.3 MB ( 47.0%)
      79.2 MB / 168.3 MB ( 47.0%)
      79.2 MB / 168.3 MB ( 47.0%)
      79.2 MB / 168.3 MB ( 47.1%)
      79.2 MB / 168.3 MB ( 47.1%)
      79.2 MB / 168.3 MB ( 47.1%)
      79.2 MB / 168.3 MB ( 47.1%)
      79.2 MB / 168.3 MB ( 47.1%)
      79.2 MB / 168.3 MB ( 47.1%)
      79.2 MB / 168.3 MB ( 47.1%)
      79.2 MB / 168.3 MB ( 47.1%)
      79.2 MB / 168.3 MB ( 47.1%)
      79.3 MB / 168.3 MB ( 47.1%)
      79.3 MB / 168.3 MB ( 47.1%)
      79.3 MB / 168.3 MB ( 47.1%)
      79.3 MB / 168.3 MB ( 47.1%)
      79.3 MB / 168.3 MB ( 47.1%)
      79.3 MB / 168.3 MB ( 47.1%)
      79.3 MB / 168.3 MB ( 47.1%)
      79.3 MB / 168.3 MB ( 47.1%)
      79.3 MB / 168.3 MB ( 47.1%)
      79.3 MB / 168.3 MB ( 47.1%)
      79.3 MB / 168.3 MB ( 47.1%)
      79.3 MB / 168.3 MB ( 47.2%)
      79.4 MB / 168.3 MB ( 47.2%)
      79.4 MB / 168.3 MB ( 47.2%)
      79.4 MB / 168.3 MB ( 47.2%)
      79.4 MB / 168.3 MB ( 47.2%)
      79.4 MB / 168.3 MB ( 47.2%)
      79.4 MB / 168.3 MB ( 47.2%)
      79.4 MB / 168.3 MB ( 47.2%)
      79.4 MB / 168.3 MB ( 47.2%)
      79.4 MB / 168.3 MB ( 47.2%)
      79.4 MB / 168.3 MB ( 47.2%)
      79.4 MB / 168.3 MB ( 47.2%)
      79.4 MB / 168.3 MB ( 47.2%)
      79.5 MB / 168.3 MB ( 47.2%)
      79.5 MB / 168.3 MB ( 47.2%)
      79.5 MB / 168.3 MB ( 47.2%)
      79.5 MB / 168.3 MB ( 47.2%)
      79.5 MB / 168.3 MB ( 47.2%)
      79.5 MB / 168.3 MB ( 47.2%)
      79.5 MB / 168.3 MB ( 47.2%)
      79.5 MB / 168.3 MB ( 47.2%)
      79.5 MB / 168.3 MB ( 47.3%)
      79.5 MB / 168.3 MB ( 47.3%)
      79.5 MB / 168.3 MB ( 47.3%)
      79.5 MB / 168.3 MB ( 47.3%)
      79.6 MB / 168.3 MB ( 47.3%)
      79.6 MB / 168.3 MB ( 47.3%)
      79.6 MB / 168.3 MB ( 47.3%)
      79.6 MB / 168.3 MB ( 47.3%)
      79.6 MB / 168.3 MB ( 47.3%)
      79.6 MB / 168.3 MB ( 47.3%)
      79.6 MB / 168.3 MB ( 47.3%)
      79.6 MB / 168.3 MB ( 47.3%)
      79.6 MB / 168.3 MB ( 47.3%)
      79.6 MB / 168.3 MB ( 47.3%)
      79.6 MB / 168.3 MB ( 47.3%)
      79.6 MB / 168.3 MB ( 47.3%)
      79.7 MB / 168.3 MB ( 47.3%)
      79.7 MB / 168.3 MB ( 47.3%)
      79.7 MB / 168.3 MB ( 47.3%)
      79.7 MB / 168.3 MB ( 47.3%)
      79.7 MB / 168.3 MB ( 47.4%)
      79.7 MB / 168.3 MB ( 47.4%)
      79.7 MB / 168.3 MB ( 47.4%)
      79.7 MB / 168.3 MB ( 47.4%)
      79.7 MB / 168.3 MB ( 47.4%)
      79.7 MB / 168.3 MB ( 47.4%)
      79.7 MB / 168.3 MB ( 47.4%)
      79.7 MB / 168.3 MB ( 47.4%)
      79.7 MB / 168.3 MB ( 47.4%)
      79.8 MB / 168.3 MB ( 47.4%)
      79.8 MB / 168.3 MB ( 47.4%)
      79.8 MB / 168.3 MB ( 47.4%)
      79.8 MB / 168.3 MB ( 47.4%)
      79.8 MB / 168.3 MB ( 47.4%)
      79.8 MB / 168.3 MB ( 47.4%)
      79.8 MB / 168.3 MB ( 47.4%)
      79.8 MB / 168.3 MB ( 47.4%)
      79.8 MB / 168.3 MB ( 47.4%)
      79.8 MB / 168.3 MB ( 47.4%)
      79.8 MB / 168.3 MB ( 47.4%)
      79.8 MB / 168.3 MB ( 47.4%)
      79.9 MB / 168.3 MB ( 47.5%)
      79.9 MB / 168.3 MB ( 47.5%)
      79.9 MB / 168.3 MB ( 47.5%)
      79.9 MB / 168.3 MB ( 47.5%)
      79.9 MB / 168.3 MB ( 47.5%)
      79.9 MB / 168.3 MB ( 47.5%)
      79.9 MB / 168.3 MB ( 47.5%)
      79.9 MB / 168.3 MB ( 47.5%)
      79.9 MB / 168.3 MB ( 47.5%)
      79.9 MB / 168.3 MB ( 47.5%)
      79.9 MB / 168.3 MB ( 47.5%)
      79.9 MB / 168.3 MB ( 47.5%)
      80.0 MB / 168.3 MB ( 47.5%)
      80.0 MB / 168.3 MB ( 47.5%)
      80.0 MB / 168.3 MB ( 47.5%)
      80.0 MB / 168.3 MB ( 47.5%)
      80.0 MB / 168.3 MB ( 47.5%)
      80.0 MB / 168.3 MB ( 47.5%)
      80.0 MB / 168.3 MB ( 47.5%)
      80.0 MB / 168.3 MB ( 47.5%)
      80.0 MB / 168.3 MB ( 47.6%)
      80.0 MB / 168.3 MB ( 47.6%)
      80.0 MB / 168.3 MB ( 47.6%)
      80.0 MB / 168.3 MB ( 47.6%)
      80.1 MB / 168.3 MB ( 47.6%)
      80.1 MB / 168.3 MB ( 47.6%)
      80.1 MB / 168.3 MB ( 47.6%)
      80.1 MB / 168.3 MB ( 47.6%)
      80.1 MB / 168.3 MB ( 47.6%)
      80.1 MB / 168.3 MB ( 47.6%)
      80.1 MB / 168.3 MB ( 47.6%)
      80.1 MB / 168.3 MB ( 47.6%)
      80.1 MB / 168.3 MB ( 47.6%)
      80.1 MB / 168.3 MB ( 47.6%)
      80.1 MB / 168.3 MB ( 47.6%)
      80.1 MB / 168.3 MB ( 47.6%)
      80.2 MB / 168.3 MB ( 47.6%)
      80.2 MB / 168.3 MB ( 47.6%)
      80.2 MB / 168.3 MB ( 47.6%)
      80.2 MB / 168.3 MB ( 47.6%)
      80.2 MB / 168.3 MB ( 47.6%)
      80.2 MB / 168.3 MB ( 47.7%)
      80.2 MB / 168.3 MB ( 47.7%)
      80.2 MB / 168.3 MB ( 47.7%)
      80.2 MB / 168.3 MB ( 47.7%)
      80.2 MB / 168.3 MB ( 47.7%)
      80.2 MB / 168.3 MB ( 47.7%)
      80.2 MB / 168.3 MB ( 47.7%)
      80.2 MB / 168.3 MB ( 47.7%)
      80.3 MB / 168.3 MB ( 47.7%)
      80.3 MB / 168.3 MB ( 47.7%)
      80.3 MB / 168.3 MB ( 47.7%)
      80.3 MB / 168.3 MB ( 47.7%)
      80.3 MB / 168.3 MB ( 47.7%)
      80.3 MB / 168.3 MB ( 47.7%)
      80.3 MB / 168.3 MB ( 47.7%)
      80.3 MB / 168.3 MB ( 47.7%)
      80.3 MB / 168.3 MB ( 47.7%)
      80.3 MB / 168.3 MB ( 47.7%)
      80.3 MB / 168.3 MB ( 47.7%)
      80.3 MB / 168.3 MB ( 47.7%)
      80.4 MB / 168.3 MB ( 47.8%)
      80.4 MB / 168.3 MB ( 47.8%)
      80.4 MB / 168.3 MB ( 47.8%)
      80.4 MB / 168.3 MB ( 47.8%)
      80.4 MB / 168.3 MB ( 47.8%)
      80.4 MB / 168.3 MB ( 47.8%)
      80.4 MB / 168.3 MB ( 47.8%)
      80.4 MB / 168.3 MB ( 47.8%)
      80.4 MB / 168.3 MB ( 47.8%)
      80.4 MB / 168.3 MB ( 47.8%)
      80.4 MB / 168.3 MB ( 47.8%)
      80.4 MB / 168.3 MB ( 47.8%)
      80.5 MB / 168.3 MB ( 47.8%)
      80.5 MB / 168.3 MB ( 47.8%)
      80.5 MB / 168.3 MB ( 47.8%)
      80.5 MB / 168.3 MB ( 47.8%)
      80.5 MB / 168.3 MB ( 47.8%)
      80.5 MB / 168.3 MB ( 47.8%)
      80.5 MB / 168.3 MB ( 47.8%)
      80.5 MB / 168.3 MB ( 47.8%)
      80.5 MB / 168.3 MB ( 47.8%)
      80.5 MB / 168.3 MB ( 47.9%)
      80.5 MB / 168.3 MB ( 47.9%)
      80.5 MB / 168.3 MB ( 47.9%)
      80.6 MB / 168.3 MB ( 47.9%)
      80.6 MB / 168.3 MB ( 47.9%)
      80.6 MB / 168.3 MB ( 47.9%)
      80.6 MB / 168.3 MB ( 47.9%)
      80.6 MB / 168.3 MB ( 47.9%)
      80.6 MB / 168.3 MB ( 47.9%)
      80.6 MB / 168.3 MB ( 47.9%)
      80.6 MB / 168.3 MB ( 47.9%)
      80.6 MB / 168.3 MB ( 47.9%)
      80.6 MB / 168.3 MB ( 47.9%)
      80.6 MB / 168.3 MB ( 47.9%)
      80.6 MB / 168.3 MB ( 47.9%)
      80.7 MB / 168.3 MB ( 47.9%)
      80.7 MB / 168.3 MB ( 47.9%)
      80.7 MB / 168.3 MB ( 47.9%)
      80.7 MB / 168.3 MB ( 47.9%)
      80.7 MB / 168.3 MB ( 47.9%)
      80.7 MB / 168.3 MB ( 48.0%)
      80.7 MB / 168.3 MB ( 48.0%)
      80.7 MB / 168.3 MB ( 48.0%)
      80.7 MB / 168.3 MB ( 48.0%)
      80.7 MB / 168.3 MB ( 48.0%)
      80.7 MB / 168.3 MB ( 48.0%)
      80.7 MB / 168.3 MB ( 48.0%)
      80.7 MB / 168.3 MB ( 48.0%)
      80.8 MB / 168.3 MB ( 48.0%)
      80.8 MB / 168.3 MB ( 48.0%)
      80.8 MB / 168.3 MB ( 48.0%)
      80.8 MB / 168.3 MB ( 48.0%)
      80.8 MB / 168.3 MB ( 48.0%)
      80.8 MB / 168.3 MB ( 48.0%)
      80.8 MB / 168.3 MB ( 48.0%)
      80.8 MB / 168.3 MB ( 48.0%)
      80.8 MB / 168.3 MB ( 48.0%)
      80.8 MB / 168.3 MB ( 48.0%)
      80.8 MB / 168.3 MB ( 48.0%)
      80.8 MB / 168.3 MB ( 48.0%)
      80.9 MB / 168.3 MB ( 48.0%)
      80.9 MB / 168.3 MB ( 48.1%)
      80.9 MB / 168.3 MB ( 48.1%)
      80.9 MB / 168.3 MB ( 48.1%)
      80.9 MB / 168.3 MB ( 48.1%)
      80.9 MB / 168.3 MB ( 48.1%)
      80.9 MB / 168.3 MB ( 48.1%)
      80.9 MB / 168.3 MB ( 48.1%)
      80.9 MB / 168.3 MB ( 48.1%)
      80.9 MB / 168.3 MB ( 48.1%)
      80.9 MB / 168.3 MB ( 48.1%)
      80.9 MB / 168.3 MB ( 48.1%)
      81.0 MB / 168.3 MB ( 48.1%)
      81.0 MB / 168.3 MB ( 48.1%)
      81.0 MB / 168.3 MB ( 48.1%)
      81.0 MB / 168.3 MB ( 48.1%)
      81.0 MB / 168.3 MB ( 48.1%)
      81.0 MB / 168.3 MB ( 48.1%)
      81.0 MB / 168.3 MB ( 48.1%)
      81.0 MB / 168.3 MB ( 48.1%)
      81.0 MB / 168.3 MB ( 48.1%)
      81.0 MB / 168.3 MB ( 48.2%)
      81.0 MB / 168.3 MB ( 48.2%)
      81.0 MB / 168.3 MB ( 48.2%)
      81.1 MB / 168.3 MB ( 48.2%)
      81.1 MB / 168.3 MB ( 48.2%)
      81.1 MB / 168.3 MB ( 48.2%)
      81.1 MB / 168.3 MB ( 48.2%)
      81.1 MB / 168.3 MB ( 48.2%)
      81.1 MB / 168.3 MB ( 48.2%)
      81.1 MB / 168.3 MB ( 48.2%)
      81.1 MB / 168.3 MB ( 48.2%)
      81.1 MB / 168.3 MB ( 48.2%)
      81.1 MB / 168.3 MB ( 48.2%)
      81.1 MB / 168.3 MB ( 48.2%)
      81.1 MB / 168.3 MB ( 48.2%)
      81.1 MB / 168.3 MB ( 48.2%)
      81.2 MB / 168.3 MB ( 48.2%)
      81.2 MB / 168.3 MB ( 48.2%)
      81.2 MB / 168.3 MB ( 48.2%)
      81.2 MB / 168.3 MB ( 48.2%)
      81.2 MB / 168.3 MB ( 48.2%)
      81.2 MB / 168.3 MB ( 48.3%)
      81.2 MB / 168.3 MB ( 48.3%)
      81.2 MB / 168.3 MB ( 48.3%)
      81.2 MB / 168.3 MB ( 48.3%)
      81.2 MB / 168.3 MB ( 48.3%)
      81.2 MB / 168.3 MB ( 48.3%)
      81.2 MB / 168.3 MB ( 48.3%)
      81.3 MB / 168.3 MB ( 48.3%)
      81.3 MB / 168.3 MB ( 48.3%)
      81.3 MB / 168.3 MB ( 48.3%)
      81.3 MB / 168.3 MB ( 48.3%)
      81.3 MB / 168.3 MB ( 48.3%)
      81.3 MB / 168.3 MB ( 48.3%)
      81.3 MB / 168.3 MB ( 48.3%)
      81.3 MB / 168.3 MB ( 48.3%)
      81.3 MB / 168.3 MB ( 48.3%)
      81.3 MB / 168.3 MB ( 48.3%)
      81.3 MB / 168.3 MB ( 48.3%)
      81.3 MB / 168.3 MB ( 48.3%)
      81.4 MB / 168.3 MB ( 48.3%)
      81.4 MB / 168.3 MB ( 48.3%)
      81.4 MB / 168.3 MB ( 48.4%)
      81.4 MB / 168.3 MB ( 48.4%)
      81.4 MB / 168.3 MB ( 48.4%)
      81.4 MB / 168.3 MB ( 48.4%)
      81.4 MB / 168.3 MB ( 48.4%)
      81.4 MB / 168.3 MB ( 48.4%)
      81.4 MB / 168.3 MB ( 48.4%)
      81.4 MB / 168.3 MB ( 48.4%)
      81.4 MB / 168.3 MB ( 48.4%)
      81.4 MB / 168.3 MB ( 48.4%)
      81.5 MB / 168.3 MB ( 48.4%)
      81.5 MB / 168.3 MB ( 48.4%)
      81.5 MB / 168.3 MB ( 48.4%)
      81.5 MB / 168.3 MB ( 48.4%)
      81.5 MB / 168.3 MB ( 48.4%)
      81.5 MB / 168.3 MB ( 48.4%)
      81.5 MB / 168.3 MB ( 48.4%)
      81.5 MB / 168.3 MB ( 48.4%)
      81.5 MB / 168.3 MB ( 48.4%)
      81.5 MB / 168.3 MB ( 48.4%)
      81.5 MB / 168.3 MB ( 48.5%)
      81.5 MB / 168.3 MB ( 48.5%)
      81.6 MB / 168.3 MB ( 48.5%)
      81.6 MB / 168.3 MB ( 48.5%)
      81.6 MB / 168.3 MB ( 48.5%)
      81.6 MB / 168.3 MB ( 48.5%)
      81.6 MB / 168.3 MB ( 48.5%)
      81.6 MB / 168.3 MB ( 48.5%)
      81.6 MB / 168.3 MB ( 48.5%)
      81.6 MB / 168.3 MB ( 48.5%)
      81.6 MB / 168.3 MB ( 48.5%)
      81.6 MB / 168.3 MB ( 48.5%)
      81.6 MB / 168.3 MB ( 48.5%)
      81.6 MB / 168.3 MB ( 48.5%)
      81.6 MB / 168.3 MB ( 48.5%)
      81.7 MB / 168.3 MB ( 48.5%)
      81.7 MB / 168.3 MB ( 48.5%)
      81.7 MB / 168.3 MB ( 48.5%)
      81.7 MB / 168.3 MB ( 48.5%)
      81.7 MB / 168.3 MB ( 48.5%)
      81.7 MB / 168.3 MB ( 48.5%)
      81.7 MB / 168.3 MB ( 48.6%)
      81.7 MB / 168.3 MB ( 48.6%)
      81.7 MB / 168.3 MB ( 48.6%)
      81.7 MB / 168.3 MB ( 48.6%)
      81.7 MB / 168.3 MB ( 48.6%)
      81.7 MB / 168.3 MB ( 48.6%)
      81.8 MB / 168.3 MB ( 48.6%)
      81.8 MB / 168.3 MB ( 48.6%)
      81.8 MB / 168.3 MB ( 48.6%)
      81.8 MB / 168.3 MB ( 48.6%)
      81.8 MB / 168.3 MB ( 48.6%)
      81.8 MB / 168.3 MB ( 48.6%)
      81.8 MB / 168.3 MB ( 48.6%)
      81.8 MB / 168.3 MB ( 48.6%)
      81.8 MB / 168.3 MB ( 48.6%)
      81.8 MB / 168.3 MB ( 48.6%)
      81.8 MB / 168.3 MB ( 48.6%)
      81.8 MB / 168.3 MB ( 48.6%)
      81.9 MB / 168.3 MB ( 48.6%)
      81.9 MB / 168.3 MB ( 48.6%)
      81.9 MB / 168.3 MB ( 48.7%)
      81.9 MB / 168.3 MB ( 48.7%)
      81.9 MB / 168.3 MB ( 48.7%)
      81.9 MB / 168.3 MB ( 48.7%)
      81.9 MB / 168.3 MB ( 48.7%)
      81.9 MB / 168.3 MB ( 48.7%)
      81.9 MB / 168.3 MB ( 48.7%)
      81.9 MB / 168.3 MB ( 48.7%)
      81.9 MB / 168.3 MB ( 48.7%)
      81.9 MB / 168.3 MB ( 48.7%)
      82.0 MB / 168.3 MB ( 48.7%)
      82.0 MB / 168.3 MB ( 48.7%)
      82.0 MB / 168.3 MB ( 48.7%)
      82.0 MB / 168.3 MB ( 48.7%)
      82.0 MB / 168.3 MB ( 48.7%)
      82.0 MB / 168.3 MB ( 48.7%)
      82.0 MB / 168.3 MB ( 48.7%)
      82.0 MB / 168.3 MB ( 48.7%)
      82.0 MB / 168.3 MB ( 48.7%)
      82.0 MB / 168.3 MB ( 48.7%)
      82.0 MB / 168.3 MB ( 48.7%)
      82.0 MB / 168.3 MB ( 48.8%)
      82.1 MB / 168.3 MB ( 48.8%)
      82.1 MB / 168.3 MB ( 48.8%)
      82.1 MB / 168.3 MB ( 48.8%)
      82.1 MB / 168.3 MB ( 48.8%)
      82.1 MB / 168.3 MB ( 48.8%)
      82.1 MB / 168.3 MB ( 48.8%)
      82.1 MB / 168.3 MB ( 48.8%)
      82.1 MB / 168.3 MB ( 48.8%)
      82.1 MB / 168.3 MB ( 48.8%)
      82.1 MB / 168.3 MB ( 48.8%)
      82.1 MB / 168.3 MB ( 48.8%)
      82.1 MB / 168.3 MB ( 48.8%)
      82.1 MB / 168.3 MB ( 48.8%)
      82.2 MB / 168.3 MB ( 48.8%)
      82.2 MB / 168.3 MB ( 48.8%)
      82.2 MB / 168.3 MB ( 48.8%)
      82.2 MB / 168.3 MB ( 48.8%)
      82.2 MB / 168.3 MB ( 48.8%)
      82.2 MB / 168.3 MB ( 48.8%)
      82.2 MB / 168.3 MB ( 48.9%)
      82.2 MB / 168.3 MB ( 48.9%)
      82.2 MB / 168.3 MB ( 48.9%)
      82.2 MB / 168.3 MB ( 48.9%)
      82.2 MB / 168.3 MB ( 48.9%)
      82.2 MB / 168.3 MB ( 48.9%)
      82.3 MB / 168.3 MB ( 48.9%)
      82.3 MB / 168.3 MB ( 48.9%)
      82.3 MB / 168.3 MB ( 48.9%)
      82.3 MB / 168.3 MB ( 48.9%)
      82.3 MB / 168.3 MB ( 48.9%)
      82.3 MB / 168.3 MB ( 48.9%)
      82.3 MB / 168.3 MB ( 48.9%)
      82.3 MB / 168.3 MB ( 48.9%)
      82.3 MB / 168.3 MB ( 48.9%)
      82.3 MB / 168.3 MB ( 48.9%)
      82.3 MB / 168.3 MB ( 48.9%)
      82.3 MB / 168.3 MB ( 48.9%)
      82.4 MB / 168.3 MB ( 48.9%)
      82.4 MB / 168.3 MB ( 48.9%)
      82.4 MB / 168.3 MB ( 48.9%)
      82.4 MB / 168.3 MB ( 49.0%)
      82.4 MB / 168.3 MB ( 49.0%)
      82.4 MB / 168.3 MB ( 49.0%)
      82.4 MB / 168.3 MB ( 49.0%)
      82.4 MB / 168.3 MB ( 49.0%)
      82.4 MB / 168.3 MB ( 49.0%)
      82.4 MB / 168.3 MB ( 49.0%)
      82.4 MB / 168.3 MB ( 49.0%)
      82.4 MB / 168.3 MB ( 49.0%)
      82.5 MB / 168.3 MB ( 49.0%)
      82.5 MB / 168.3 MB ( 49.0%)
      82.5 MB / 168.3 MB ( 49.0%)
      82.5 MB / 168.3 MB ( 49.0%)
      82.5 MB / 168.3 MB ( 49.0%)
      82.5 MB / 168.3 MB ( 49.0%)
      82.5 MB / 168.3 MB ( 49.0%)
      82.5 MB / 168.3 MB ( 49.0%)
      82.5 MB / 168.3 MB ( 49.0%)
      82.5 MB / 168.3 MB ( 49.0%)
      82.5 MB / 168.3 MB ( 49.0%)
      82.5 MB / 168.3 MB ( 49.1%)
      82.6 MB / 168.3 MB ( 49.1%)
      82.6 MB / 168.3 MB ( 49.1%)
      82.6 MB / 168.3 MB ( 49.1%)
      82.6 MB / 168.3 MB ( 49.1%)
      82.6 MB / 168.3 MB ( 49.1%)
      82.6 MB / 168.3 MB ( 49.1%)
      82.6 MB / 168.3 MB ( 49.1%)
      82.6 MB / 168.3 MB ( 49.1%)
      82.6 MB / 168.3 MB ( 49.1%)
      82.6 MB / 168.3 MB ( 49.1%)
      82.6 MB / 168.3 MB ( 49.1%)
      82.6 MB / 168.3 MB ( 49.1%)
      82.6 MB / 168.3 MB ( 49.1%)
      82.7 MB / 168.3 MB ( 49.1%)
      82.7 MB / 168.3 MB ( 49.1%)
      82.7 MB / 168.3 MB ( 49.1%)
      82.7 MB / 168.3 MB ( 49.1%)
      82.7 MB / 168.3 MB ( 49.1%)
      82.7 MB / 168.3 MB ( 49.1%)
      82.7 MB / 168.3 MB ( 49.1%)
      82.7 MB / 168.3 MB ( 49.2%)
      82.7 MB / 168.3 MB ( 49.2%)
      82.7 MB / 168.3 MB ( 49.2%)
      82.7 MB / 168.3 MB ( 49.2%)
      82.7 MB / 168.3 MB ( 49.2%)
      82.8 MB / 168.3 MB ( 49.2%)
      82.8 MB / 168.3 MB ( 49.2%)
      82.8 MB / 168.3 MB ( 49.2%)
      82.8 MB / 168.3 MB ( 49.2%)
      82.8 MB / 168.3 MB ( 49.2%)
      82.8 MB / 168.3 MB ( 49.2%)
      82.8 MB / 168.3 MB ( 49.2%)
      82.8 MB / 168.3 MB ( 49.2%)
      82.8 MB / 168.3 MB ( 49.2%)
      82.8 MB / 168.3 MB ( 49.2%)
      82.8 MB / 168.3 MB ( 49.2%)
      82.8 MB / 168.3 MB ( 49.2%)
      82.9 MB / 168.3 MB ( 49.2%)
      82.9 MB / 168.3 MB ( 49.2%)
      82.9 MB / 168.3 MB ( 49.2%)
      82.9 MB / 168.3 MB ( 49.3%)
      82.9 MB / 168.3 MB ( 49.3%)
      82.9 MB / 168.3 MB ( 49.3%)
      82.9 MB / 168.3 MB ( 49.3%)
      82.9 MB / 168.3 MB ( 49.3%)
      82.9 MB / 168.3 MB ( 49.3%)
      82.9 MB / 168.3 MB ( 49.3%)
      82.9 MB / 168.3 MB ( 49.3%)
      82.9 MB / 168.3 MB ( 49.3%)
      83.0 MB / 168.3 MB ( 49.3%)
      83.0 MB / 168.3 MB ( 49.3%)
      83.0 MB / 168.3 MB ( 49.3%)
      83.0 MB / 168.3 MB ( 49.3%)
      83.0 MB / 168.3 MB ( 49.3%)
      83.0 MB / 168.3 MB ( 49.3%)
      83.0 MB / 168.3 MB ( 49.3%)
      83.0 MB / 168.3 MB ( 49.3%)
      83.0 MB / 168.3 MB ( 49.3%)
      83.0 MB / 168.3 MB ( 49.3%)
      83.0 MB / 168.3 MB ( 49.3%)
      83.0 MB / 168.3 MB ( 49.3%)
      83.1 MB / 168.3 MB ( 49.4%)
      83.1 MB / 168.3 MB ( 49.4%)
      83.1 MB / 168.3 MB ( 49.4%)
      83.1 MB / 168.3 MB ( 49.4%)
      83.1 MB / 168.3 MB ( 49.4%)
      83.1 MB / 168.3 MB ( 49.4%)
      83.1 MB / 168.3 MB ( 49.4%)
      83.1 MB / 168.3 MB ( 49.4%)
      83.1 MB / 168.3 MB ( 49.4%)
      83.1 MB / 168.3 MB ( 49.4%)
      83.1 MB / 168.3 MB ( 49.4%)
      83.1 MB / 168.3 MB ( 49.4%)
      83.1 MB / 168.3 MB ( 49.4%)
      83.2 MB / 168.3 MB ( 49.4%)
      83.2 MB / 168.3 MB ( 49.4%)
      83.2 MB / 168.3 MB ( 49.4%)
      83.2 MB / 168.3 MB ( 49.4%)
      83.2 MB / 168.3 MB ( 49.4%)
      83.2 MB / 168.3 MB ( 49.4%)
      83.2 MB / 168.3 MB ( 49.4%)
      83.2 MB / 168.3 MB ( 49.4%)
      83.2 MB / 168.3 MB ( 49.5%)
      83.2 MB / 168.3 MB ( 49.5%)
      83.2 MB / 168.3 MB ( 49.5%)
      83.2 MB / 168.3 MB ( 49.5%)
      83.3 MB / 168.3 MB ( 49.5%)
      83.3 MB / 168.3 MB ( 49.5%)
      83.3 MB / 168.3 MB ( 49.5%)
      83.3 MB / 168.3 MB ( 49.5%)
      83.3 MB / 168.3 MB ( 49.5%)
      83.3 MB / 168.3 MB ( 49.5%)
      83.3 MB / 168.3 MB ( 49.5%)
      83.3 MB / 168.3 MB ( 49.5%)
      83.3 MB / 168.3 MB ( 49.5%)
      83.3 MB / 168.3 MB ( 49.5%)
      83.3 MB / 168.3 MB ( 49.5%)
      83.3 MB / 168.3 MB ( 49.5%)
      83.4 MB / 168.3 MB ( 49.5%)
      83.4 MB / 168.3 MB ( 49.5%)
      83.4 MB / 168.3 MB ( 49.5%)
      83.4 MB / 168.3 MB ( 49.5%)
      83.4 MB / 168.3 MB ( 49.6%)
      83.4 MB / 168.3 MB ( 49.6%)
      83.4 MB / 168.3 MB ( 49.6%)
      83.4 MB / 168.3 MB ( 49.6%)
      83.4 MB / 168.3 MB ( 49.6%)
      83.4 MB / 168.3 MB ( 49.6%)
      83.4 MB / 168.3 MB ( 49.6%)
      83.4 MB / 168.3 MB ( 49.6%)
      83.5 MB / 168.3 MB ( 49.6%)
      83.5 MB / 168.3 MB ( 49.6%)
      83.5 MB / 168.3 MB ( 49.6%)
      83.5 MB / 168.3 MB ( 49.6%)
      83.5 MB / 168.3 MB ( 49.6%)
      83.5 MB / 168.3 MB ( 49.6%)
      83.5 MB / 168.3 MB ( 49.6%)
      83.5 MB / 168.3 MB ( 49.6%)
      83.5 MB / 168.3 MB ( 49.6%)
      83.5 MB / 168.3 MB ( 49.6%)
      83.5 MB / 168.3 MB ( 49.6%)
      83.5 MB / 168.3 MB ( 49.6%)
      83.6 MB / 168.3 MB ( 49.6%)
      83.6 MB / 168.3 MB ( 49.7%)
      83.6 MB / 168.3 MB ( 49.7%)
      83.6 MB / 168.3 MB ( 49.7%)
      83.6 MB / 168.3 MB ( 49.7%)
      83.6 MB / 168.3 MB ( 49.7%)
      83.6 MB / 168.3 MB ( 49.7%)
      83.6 MB / 168.3 MB ( 49.7%)
      83.6 MB / 168.3 MB ( 49.7%)
      83.6 MB / 168.3 MB ( 49.7%)
      83.6 MB / 168.3 MB ( 49.7%)
      83.6 MB / 168.3 MB ( 49.7%)
      83.6 MB / 168.3 MB ( 49.7%)
      83.7 MB / 168.3 MB ( 49.7%)
      83.7 MB / 168.3 MB ( 49.7%)
      83.7 MB / 168.3 MB ( 49.7%)
      83.7 MB / 168.3 MB ( 49.7%)
      83.7 MB / 168.3 MB ( 49.7%)
      83.7 MB / 168.3 MB ( 49.7%)
      83.7 MB / 168.3 MB ( 49.7%)
      83.7 MB / 168.3 MB ( 49.7%)
      83.7 MB / 168.3 MB ( 49.8%)
      83.7 MB / 168.3 MB ( 49.8%)
      83.7 MB / 168.3 MB ( 49.8%)
      83.7 MB / 168.3 MB ( 49.8%)
      83.8 MB / 168.3 MB ( 49.8%)
      83.8 MB / 168.3 MB ( 49.8%)
      83.8 MB / 168.3 MB ( 49.8%)
      83.8 MB / 168.3 MB ( 49.8%)
      83.8 MB / 168.3 MB ( 49.8%)
      83.8 MB / 168.3 MB ( 49.8%)
      83.8 MB / 168.3 MB ( 49.8%)
      83.8 MB / 168.3 MB ( 49.8%)
      83.8 MB / 168.3 MB ( 49.8%)
      83.8 MB / 168.3 MB ( 49.8%)
      83.8 MB / 168.3 MB ( 49.8%)
      83.8 MB / 168.3 MB ( 49.8%)
      83.9 MB / 168.3 MB ( 49.8%)
      83.9 MB / 168.3 MB ( 49.8%)
      83.9 MB / 168.3 MB ( 49.8%)
      83.9 MB / 168.3 MB ( 49.8%)
      83.9 MB / 168.3 MB ( 49.8%)
      83.9 MB / 168.3 MB ( 49.9%)
      83.9 MB / 168.3 MB ( 49.9%)
      83.9 MB / 168.3 MB ( 49.9%)
      83.9 MB / 168.3 MB ( 49.9%)
      83.9 MB / 168.3 MB ( 49.9%)
      83.9 MB / 168.3 MB ( 49.9%)
      83.9 MB / 168.3 MB ( 49.9%)
      84.0 MB / 168.3 MB ( 49.9%)
      84.0 MB / 168.3 MB ( 49.9%)
      84.0 MB / 168.3 MB ( 49.9%)
      84.0 MB / 168.3 MB ( 49.9%)
      84.0 MB / 168.3 MB ( 49.9%)
      84.0 MB / 168.3 MB ( 49.9%)
      84.0 MB / 168.3 MB ( 49.9%)
      84.0 MB / 168.3 MB ( 49.9%)
      84.0 MB / 168.3 MB ( 49.9%)
      84.0 MB / 168.3 MB ( 49.9%)
      84.0 MB / 168.3 MB ( 49.9%)
      84.0 MB / 168.3 MB ( 49.9%)
      84.0 MB / 168.3 MB ( 49.9%)
      84.1 MB / 168.3 MB ( 50.0%)
      84.1 MB / 168.3 MB ( 50.0%)
      84.1 MB / 168.3 MB ( 50.0%)
      84.1 MB / 168.3 MB ( 50.0%)
      84.1 MB / 168.3 MB ( 50.0%)
      84.1 MB / 168.3 MB ( 50.0%)
      84.1 MB / 168.3 MB ( 50.0%)
      84.1 MB / 168.3 MB ( 50.0%)
      84.1 MB / 168.3 MB ( 50.0%)
      84.1 MB / 168.3 MB ( 50.0%)
      84.1 MB / 168.3 MB ( 50.0%)
      84.1 MB / 168.3 MB ( 50.0%)
      84.2 MB / 168.3 MB ( 50.0%)
      84.2 MB / 168.3 MB ( 50.0%)
      84.2 MB / 168.3 MB ( 50.0%)
      84.2 MB / 168.3 MB ( 50.0%)
      84.2 MB / 168.3 MB ( 50.0%)
      84.2 MB / 168.3 MB ( 50.0%)
      84.2 MB / 168.3 MB ( 50.0%)
      84.2 MB / 168.3 MB ( 50.0%)
      84.2 MB / 168.3 MB ( 50.0%)
      84.2 MB / 168.3 MB ( 50.1%)
      84.2 MB / 168.3 MB ( 50.1%)
      84.2 MB / 168.3 MB ( 50.1%)
      84.3 MB / 168.3 MB ( 50.1%)
      84.3 MB / 168.3 MB ( 50.1%)
      84.3 MB / 168.3 MB ( 50.1%)
      84.3 MB / 168.3 MB ( 50.1%)
      84.3 MB / 168.3 MB ( 50.1%)
      84.3 MB / 168.3 MB ( 50.1%)
      84.3 MB / 168.3 MB ( 50.1%)
      84.3 MB / 168.3 MB ( 50.1%)
      84.3 MB / 168.3 MB ( 50.1%)
      84.3 MB / 168.3 MB ( 50.1%)
      84.3 MB / 168.3 MB ( 50.1%)
      84.3 MB / 168.3 MB ( 50.1%)
      84.4 MB / 168.3 MB ( 50.1%)
      84.4 MB / 168.3 MB ( 50.1%)
      84.4 MB / 168.3 MB ( 50.1%)
      84.4 MB / 168.3 MB ( 50.1%)
      84.4 MB / 168.3 MB ( 50.1%)
      84.4 MB / 168.3 MB ( 50.2%)
      84.4 MB / 168.3 MB ( 50.2%)
      84.4 MB / 168.3 MB ( 50.2%)
      84.4 MB / 168.3 MB ( 50.2%)
      84.4 MB / 168.3 MB ( 50.2%)
      84.4 MB / 168.3 MB ( 50.2%)
      84.4 MB / 168.3 MB ( 50.2%)
      84.5 MB / 168.3 MB ( 50.2%)
      84.5 MB / 168.3 MB ( 50.2%)
      84.5 MB / 168.3 MB ( 50.2%)
      84.5 MB / 168.3 MB ( 50.2%)
      84.5 MB / 168.3 MB ( 50.2%)
      84.5 MB / 168.3 MB ( 50.2%)
      84.5 MB / 168.3 MB ( 50.2%)
      84.5 MB / 168.3 MB ( 50.2%)
      84.5 MB / 168.3 MB ( 50.2%)
      84.5 MB / 168.3 MB ( 50.2%)
      84.5 MB / 168.3 MB ( 50.2%)
      84.5 MB / 168.3 MB ( 50.2%)
      84.5 MB / 168.3 MB ( 50.2%)
      84.6 MB / 168.3 MB ( 50.2%)
      84.6 MB / 168.3 MB ( 50.3%)
      84.6 MB / 168.3 MB ( 50.3%)
      84.6 MB / 168.3 MB ( 50.3%)
      84.6 MB / 168.3 MB ( 50.3%)
      84.6 MB / 168.3 MB ( 50.3%)
      84.6 MB / 168.3 MB ( 50.3%)
      84.6 MB / 168.3 MB ( 50.3%)
      84.6 MB / 168.3 MB ( 50.3%)
      84.6 MB / 168.3 MB ( 50.3%)
      84.6 MB / 168.3 MB ( 50.3%)
      84.6 MB / 168.3 MB ( 50.3%)
      84.7 MB / 168.3 MB ( 50.3%)
      84.7 MB / 168.3 MB ( 50.3%)
      84.7 MB / 168.3 MB ( 50.3%)
      84.7 MB / 168.3 MB ( 50.3%)
      84.7 MB / 168.3 MB ( 50.3%)
      84.7 MB / 168.3 MB ( 50.3%)
      84.7 MB / 168.3 MB ( 50.3%)
      84.7 MB / 168.3 MB ( 50.3%)
      84.7 MB / 168.3 MB ( 50.3%)
      84.7 MB / 168.3 MB ( 50.4%)
      84.7 MB / 168.3 MB ( 50.4%)
      84.7 MB / 168.3 MB ( 50.4%)
      84.8 MB / 168.3 MB ( 50.4%)
      84.8 MB / 168.3 MB ( 50.4%)
      84.8 MB / 168.3 MB ( 50.4%)
      84.8 MB / 168.3 MB ( 50.4%)
      84.8 MB / 168.3 MB ( 50.4%)
      84.8 MB / 168.3 MB ( 50.4%)
      84.8 MB / 168.3 MB ( 50.4%)
      84.8 MB / 168.3 MB ( 50.4%)
      84.8 MB / 168.3 MB ( 50.4%)
      84.8 MB / 168.3 MB ( 50.4%)
      84.8 MB / 168.3 MB ( 50.4%)
      84.8 MB / 168.3 MB ( 50.4%)
      84.9 MB / 168.3 MB ( 50.4%)
      84.9 MB / 168.3 MB ( 50.4%)
      84.9 MB / 168.3 MB ( 50.4%)
      84.9 MB / 168.3 MB ( 50.4%)
      84.9 MB / 168.3 MB ( 50.4%)
      84.9 MB / 168.3 MB ( 50.4%)
      84.9 MB / 168.3 MB ( 50.5%)
      84.9 MB / 168.3 MB ( 50.5%)
      84.9 MB / 168.3 MB ( 50.5%)
      84.9 MB / 168.3 MB ( 50.5%)
      84.9 MB / 168.3 MB ( 50.5%)
      84.9 MB / 168.3 MB ( 50.5%)
      85.0 MB / 168.3 MB ( 50.5%)
      85.0 MB / 168.3 MB ( 50.5%)
      85.0 MB / 168.3 MB ( 50.5%)
      85.0 MB / 168.3 MB ( 50.5%)
      85.0 MB / 168.3 MB ( 50.5%)
      85.0 MB / 168.3 MB ( 50.5%)
      85.0 MB / 168.3 MB ( 50.5%)
      85.0 MB / 168.3 MB ( 50.5%)
      85.0 MB / 168.3 MB ( 50.5%)
      85.0 MB / 168.3 MB ( 50.5%)
      85.0 MB / 168.3 MB ( 50.5%)
      85.0 MB / 168.3 MB ( 50.5%)
      85.0 MB / 168.3 MB ( 50.5%)
      85.1 MB / 168.3 MB ( 50.5%)
      85.1 MB / 168.3 MB ( 50.5%)
      85.1 MB / 168.3 MB ( 50.6%)
      85.1 MB / 168.3 MB ( 50.6%)
      85.1 MB / 168.3 MB ( 50.6%)
      85.1 MB / 168.3 MB ( 50.6%)
      85.1 MB / 168.3 MB ( 50.6%)
      85.1 MB / 168.3 MB ( 50.6%)
      85.1 MB / 168.3 MB ( 50.6%)
      85.1 MB / 168.3 MB ( 50.6%)
      85.1 MB / 168.3 MB ( 50.6%)
      85.1 MB / 168.3 MB ( 50.6%)
      85.2 MB / 168.3 MB ( 50.6%)
      85.2 MB / 168.3 MB ( 50.6%)
      85.2 MB / 168.3 MB ( 50.6%)
      85.2 MB / 168.3 MB ( 50.6%)
      85.2 MB / 168.3 MB ( 50.6%)
      85.2 MB / 168.3 MB ( 50.6%)
      85.2 MB / 168.3 MB ( 50.6%)
      85.2 MB / 168.3 MB ( 50.6%)
      85.2 MB / 168.3 MB ( 50.6%)
      85.2 MB / 168.3 MB ( 50.6%)
      85.2 MB / 168.3 MB ( 50.7%)
      85.2 MB / 168.3 MB ( 50.7%)
      85.3 MB / 168.3 MB ( 50.7%)
      85.3 MB / 168.3 MB ( 50.7%)
      85.3 MB / 168.3 MB ( 50.7%)
      85.3 MB / 168.3 MB ( 50.7%)
      85.3 MB / 168.3 MB ( 50.7%)
      85.3 MB / 168.3 MB ( 50.7%)
      85.3 MB / 168.3 MB ( 50.7%)
      85.3 MB / 168.3 MB ( 50.7%)
      85.3 MB / 168.3 MB ( 50.7%)
      85.3 MB / 168.3 MB ( 50.7%)
      85.3 MB / 168.3 MB ( 50.7%)
      85.3 MB / 168.3 MB ( 50.7%)
      85.4 MB / 168.3 MB ( 50.7%)
      85.4 MB / 168.3 MB ( 50.7%)
      85.4 MB / 168.3 MB ( 50.7%)
      85.4 MB / 168.3 MB ( 50.7%)
      85.4 MB / 168.3 MB ( 50.7%)
      85.4 MB / 168.3 MB ( 50.7%)
      85.4 MB / 168.3 MB ( 50.7%)
      85.4 MB / 168.3 MB ( 50.8%)
      85.4 MB / 168.3 MB ( 50.8%)
      85.4 MB / 168.3 MB ( 50.8%)
      85.4 MB / 168.3 MB ( 50.8%)
      85.4 MB / 168.3 MB ( 50.8%)
      85.5 MB / 168.3 MB ( 50.8%)
      85.5 MB / 168.3 MB ( 50.8%)
      85.5 MB / 168.3 MB ( 50.8%)
      85.5 MB / 168.3 MB ( 50.8%)
      85.5 MB / 168.3 MB ( 50.8%)
      85.5 MB / 168.3 MB ( 50.8%)
      85.5 MB / 168.3 MB ( 50.8%)
      85.5 MB / 168.3 MB ( 50.8%)
      85.5 MB / 168.3 MB ( 50.8%)
      85.5 MB / 168.3 MB ( 50.8%)
      85.5 MB / 168.3 MB ( 50.8%)
      85.5 MB / 168.3 MB ( 50.8%)
      85.5 MB / 168.3 MB ( 50.8%)
      85.6 MB / 168.3 MB ( 50.8%)
      85.6 MB / 168.3 MB ( 50.8%)
      85.6 MB / 168.3 MB ( 50.9%)
      85.6 MB / 168.3 MB ( 50.9%)
      85.6 MB / 168.3 MB ( 50.9%)
      85.6 MB / 168.3 MB ( 50.9%)
      85.6 MB / 168.3 MB ( 50.9%)
      85.6 MB / 168.3 MB ( 50.9%)
      85.6 MB / 168.3 MB ( 50.9%)
      85.6 MB / 168.3 MB ( 50.9%)
      85.6 MB / 168.3 MB ( 50.9%)
      85.6 MB / 168.3 MB ( 50.9%)
      85.7 MB / 168.3 MB ( 50.9%)
      85.7 MB / 168.3 MB ( 50.9%)
      85.7 MB / 168.3 MB ( 50.9%)
      85.7 MB / 168.3 MB ( 50.9%)
      85.7 MB / 168.3 MB ( 50.9%)
      85.7 MB / 168.3 MB ( 50.9%)
      85.7 MB / 168.3 MB ( 50.9%)
      85.7 MB / 168.3 MB ( 50.9%)
      85.7 MB / 168.3 MB ( 50.9%)
      85.7 MB / 168.3 MB ( 50.9%)
      85.7 MB / 168.3 MB ( 50.9%)
      85.7 MB / 168.3 MB ( 51.0%)
      85.8 MB / 168.3 MB ( 51.0%)
      85.8 MB / 168.3 MB ( 51.0%)
      85.8 MB / 168.3 MB ( 51.0%)
      85.8 MB / 168.3 MB ( 51.0%)
      85.8 MB / 168.3 MB ( 51.0%)
      85.8 MB / 168.3 MB ( 51.0%)
      85.8 MB / 168.3 MB ( 51.0%)
      85.8 MB / 168.3 MB ( 51.0%)
      85.8 MB / 168.3 MB ( 51.0%)
      85.8 MB / 168.3 MB ( 51.0%)
      85.8 MB / 168.3 MB ( 51.0%)
      85.8 MB / 168.3 MB ( 51.0%)
      85.9 MB / 168.3 MB ( 51.0%)
      85.9 MB / 168.3 MB ( 51.0%)
      85.9 MB / 168.3 MB ( 51.0%)
      85.9 MB / 168.3 MB ( 51.0%)
      85.9 MB / 168.3 MB ( 51.0%)
      85.9 MB / 168.3 MB ( 51.0%)
      85.9 MB / 168.3 MB ( 51.0%)
      85.9 MB / 168.3 MB ( 51.1%)
      85.9 MB / 168.3 MB ( 51.1%)
      85.9 MB / 168.3 MB ( 51.1%)
      85.9 MB / 168.3 MB ( 51.1%)
      85.9 MB / 168.3 MB ( 51.1%)
      86.0 MB / 168.3 MB ( 51.1%)
      86.0 MB / 168.3 MB ( 51.1%)
      86.0 MB / 168.3 MB ( 51.1%)
      86.0 MB / 168.3 MB ( 51.1%)
      86.0 MB / 168.3 MB ( 51.1%)
      86.0 MB / 168.3 MB ( 51.1%)
      86.0 MB / 168.3 MB ( 51.1%)
      86.0 MB / 168.3 MB ( 51.1%)
      86.0 MB / 168.3 MB ( 51.1%)
      86.0 MB / 168.3 MB ( 51.1%)
      86.0 MB / 168.3 MB ( 51.1%)
      86.0 MB / 168.3 MB ( 51.1%)
      86.0 MB / 168.3 MB ( 51.1%)
      86.1 MB / 168.3 MB ( 51.1%)
      86.1 MB / 168.3 MB ( 51.1%)
      86.1 MB / 168.3 MB ( 51.1%)
      86.1 MB / 168.3 MB ( 51.2%)
      86.1 MB / 168.3 MB ( 51.2%)
      86.1 MB / 168.3 MB ( 51.2%)
      86.1 MB / 168.3 MB ( 51.2%)
      86.1 MB / 168.3 MB ( 51.2%)
      86.1 MB / 168.3 MB ( 51.2%)
      86.1 MB / 168.3 MB ( 51.2%)
      86.1 MB / 168.3 MB ( 51.2%)
      86.1 MB / 168.3 MB ( 51.2%)
      86.2 MB / 168.3 MB ( 51.2%)
      86.2 MB / 168.3 MB ( 51.2%)
      86.2 MB / 168.3 MB ( 51.2%)
      86.2 MB / 168.3 MB ( 51.2%)
      86.2 MB / 168.3 MB ( 51.2%)
      86.2 MB / 168.3 MB ( 51.2%)
      86.2 MB / 168.3 MB ( 51.2%)
      86.2 MB / 168.3 MB ( 51.2%)
      86.2 MB / 168.3 MB ( 51.2%)
      86.2 MB / 168.3 MB ( 51.2%)
      86.2 MB / 168.3 MB ( 51.2%)
      86.2 MB / 168.3 MB ( 51.3%)
      86.3 MB / 168.3 MB ( 51.3%)
      86.3 MB / 168.3 MB ( 51.3%)
      86.3 MB / 168.3 MB ( 51.3%)
      86.3 MB / 168.3 MB ( 51.3%)
      86.3 MB / 168.3 MB ( 51.3%)
      86.3 MB / 168.3 MB ( 51.3%)
      86.3 MB / 168.3 MB ( 51.3%)
      86.3 MB / 168.3 MB ( 51.3%)
      86.3 MB / 168.3 MB ( 51.3%)
      86.3 MB / 168.3 MB ( 51.3%)
      86.3 MB / 168.3 MB ( 51.3%)
      86.3 MB / 168.3 MB ( 51.3%)
      86.4 MB / 168.3 MB ( 51.3%)
      86.4 MB / 168.3 MB ( 51.3%)
      86.4 MB / 168.3 MB ( 51.3%)
      86.4 MB / 168.3 MB ( 51.3%)
      86.4 MB / 168.3 MB ( 51.3%)
      86.4 MB / 168.3 MB ( 51.3%)
      86.4 MB / 168.3 MB ( 51.3%)
      86.4 MB / 168.3 MB ( 51.3%)
      86.4 MB / 168.3 MB ( 51.4%)
      86.4 MB / 168.3 MB ( 51.4%)
      86.4 MB / 168.3 MB ( 51.4%)
      86.4 MB / 168.3 MB ( 51.4%)
      86.5 MB / 168.3 MB ( 51.4%)
      86.5 MB / 168.3 MB ( 51.4%)
      86.5 MB / 168.3 MB ( 51.4%)
      86.5 MB / 168.3 MB ( 51.4%)
      86.5 MB / 168.3 MB ( 51.4%)
      86.5 MB / 168.3 MB ( 51.4%)
      86.5 MB / 168.3 MB ( 51.4%)
      86.5 MB / 168.3 MB ( 51.4%)
      86.5 MB / 168.3 MB ( 51.4%)
      86.5 MB / 168.3 MB ( 51.4%)
      86.5 MB / 168.3 MB ( 51.4%)
      86.5 MB / 168.3 MB ( 51.4%)
      86.5 MB / 168.3 MB ( 51.4%)
      86.6 MB / 168.3 MB ( 51.4%)
      86.6 MB / 168.3 MB ( 51.4%)
      86.6 MB / 168.3 MB ( 51.4%)
      86.6 MB / 168.3 MB ( 51.5%)
      86.6 MB / 168.3 MB ( 51.5%)
      86.6 MB / 168.3 MB ( 51.5%)
      86.6 MB / 168.3 MB ( 51.5%)
      86.6 MB / 168.3 MB ( 51.5%)
      86.6 MB / 168.3 MB ( 51.5%)
      86.6 MB / 168.3 MB ( 51.5%)
      86.6 MB / 168.3 MB ( 51.5%)
      86.6 MB / 168.3 MB ( 51.5%)
      86.7 MB / 168.3 MB ( 51.5%)
      86.7 MB / 168.3 MB ( 51.5%)
      86.7 MB / 168.3 MB ( 51.5%)
      86.7 MB / 168.3 MB ( 51.5%)
      86.7 MB / 168.3 MB ( 51.5%)
      86.7 MB / 168.3 MB ( 51.5%)
      86.7 MB / 168.3 MB ( 51.5%)
      86.7 MB / 168.3 MB ( 51.5%)
      86.7 MB / 168.3 MB ( 51.5%)
      86.7 MB / 168.3 MB ( 51.5%)
      86.7 MB / 168.3 MB ( 51.5%)
      86.7 MB / 168.3 MB ( 51.5%)
      86.8 MB / 168.3 MB ( 51.6%)
      86.8 MB / 168.3 MB ( 51.6%)
      86.8 MB / 168.3 MB ( 51.6%)
      86.8 MB / 168.3 MB ( 51.6%)
      86.8 MB / 168.3 MB ( 51.6%)
      86.8 MB / 168.3 MB ( 51.6%)
      86.8 MB / 168.3 MB ( 51.6%)
      86.8 MB / 168.3 MB ( 51.6%)
      86.8 MB / 168.3 MB ( 51.6%)
      86.8 MB / 168.3 MB ( 51.6%)
      86.8 MB / 168.3 MB ( 51.6%)
      86.8 MB / 168.3 MB ( 51.6%)
      86.9 MB / 168.3 MB ( 51.6%)
      86.9 MB / 168.3 MB ( 51.6%)
      86.9 MB / 168.3 MB ( 51.6%)
      86.9 MB / 168.3 MB ( 51.6%)
      86.9 MB / 168.3 MB ( 51.6%)
      86.9 MB / 168.3 MB ( 51.6%)
      86.9 MB / 168.3 MB ( 51.6%)
      86.9 MB / 168.3 MB ( 51.6%)
      86.9 MB / 168.3 MB ( 51.7%)
      86.9 MB / 168.3 MB ( 51.7%)
      86.9 MB / 168.3 MB ( 51.7%)
      86.9 MB / 168.3 MB ( 51.7%)
      86.9 MB / 168.3 MB ( 51.7%)
      87.0 MB / 168.3 MB ( 51.7%)
      87.0 MB / 168.3 MB ( 51.7%)
      87.0 MB / 168.3 MB ( 51.7%)
      87.0 MB / 168.3 MB ( 51.7%)
      87.0 MB / 168.3 MB ( 51.7%)
      87.0 MB / 168.3 MB ( 51.7%)
      87.0 MB / 168.3 MB ( 51.7%)
      87.0 MB / 168.3 MB ( 51.7%)
      87.0 MB / 168.3 MB ( 51.7%)
      87.0 MB / 168.3 MB ( 51.7%)
      87.0 MB / 168.3 MB ( 51.7%)
      87.0 MB / 168.3 MB ( 51.7%)
      87.1 MB / 168.3 MB ( 51.7%)
      87.1 MB / 168.3 MB ( 51.7%)
      87.1 MB / 168.3 MB ( 51.7%)
      87.1 MB / 168.3 MB ( 51.7%)
      87.1 MB / 168.3 MB ( 51.8%)
      87.1 MB / 168.3 MB ( 51.8%)
      87.1 MB / 168.3 MB ( 51.8%)
      87.1 MB / 168.3 MB ( 51.8%)
      87.1 MB / 168.3 MB ( 51.8%)
      87.1 MB / 168.3 MB ( 51.8%)
      87.1 MB / 168.3 MB ( 51.8%)
      87.1 MB / 168.3 MB ( 51.8%)
      87.2 MB / 168.3 MB ( 51.8%)
      87.2 MB / 168.3 MB ( 51.8%)
      87.2 MB / 168.3 MB ( 51.8%)
      87.2 MB / 168.3 MB ( 51.8%)
      87.2 MB / 168.3 MB ( 51.8%)
      87.2 MB / 168.3 MB ( 51.8%)
      87.2 MB / 168.3 MB ( 51.8%)
      87.2 MB / 168.3 MB ( 51.8%)
      87.2 MB / 168.3 MB ( 51.8%)
      87.2 MB / 168.3 MB ( 51.8%)
      87.2 MB / 168.3 MB ( 51.8%)
      87.2 MB / 168.3 MB ( 51.8%)
      87.3 MB / 168.3 MB ( 51.8%)
      87.3 MB / 168.3 MB ( 51.9%)
      87.3 MB / 168.3 MB ( 51.9%)
      87.3 MB / 168.3 MB ( 51.9%)
      87.3 MB / 168.3 MB ( 51.9%)
      87.3 MB / 168.3 MB ( 51.9%)
      87.3 MB / 168.3 MB ( 51.9%)
      87.3 MB / 168.3 MB ( 51.9%)
      87.3 MB / 168.3 MB ( 51.9%)
      87.3 MB / 168.3 MB ( 51.9%)
      87.3 MB / 168.3 MB ( 51.9%)
      87.3 MB / 168.3 MB ( 51.9%)
      87.4 MB / 168.3 MB ( 51.9%)
      87.4 MB / 168.3 MB ( 51.9%)
      87.4 MB / 168.3 MB ( 51.9%)
      87.4 MB / 168.3 MB ( 51.9%)
      87.4 MB / 168.3 MB ( 51.9%)
      87.4 MB / 168.3 MB ( 51.9%)
      87.4 MB / 168.3 MB ( 51.9%)
      87.4 MB / 168.3 MB ( 51.9%)
      87.4 MB / 168.3 MB ( 51.9%)
      87.4 MB / 168.3 MB ( 52.0%)
      87.4 MB / 168.3 MB ( 52.0%)
      87.4 MB / 168.3 MB ( 52.0%)
      87.4 MB / 168.3 MB ( 52.0%)
      87.5 MB / 168.3 MB ( 52.0%)
      87.5 MB / 168.3 MB ( 52.0%)
      87.5 MB / 168.3 MB ( 52.0%)
      87.5 MB / 168.3 MB ( 52.0%)
      87.5 MB / 168.3 MB ( 52.0%)
      87.5 MB / 168.3 MB ( 52.0%)
      87.5 MB / 168.3 MB ( 52.0%)
      87.5 MB / 168.3 MB ( 52.0%)
      87.5 MB / 168.3 MB ( 52.0%)
      87.5 MB / 168.3 MB ( 52.0%)
      87.5 MB / 168.3 MB ( 52.0%)
      87.5 MB / 168.3 MB ( 52.0%)
      87.6 MB / 168.3 MB ( 52.0%)
      87.6 MB / 168.3 MB ( 52.0%)
      87.6 MB / 168.3 MB ( 52.0%)
      87.6 MB / 168.3 MB ( 52.0%)
      87.6 MB / 168.3 MB ( 52.0%)
      87.6 MB / 168.3 MB ( 52.1%)
      87.6 MB / 168.3 MB ( 52.1%)
      87.6 MB / 168.3 MB ( 52.1%)
      87.6 MB / 168.3 MB ( 52.1%)
      87.6 MB / 168.3 MB ( 52.1%)
      87.6 MB / 168.3 MB ( 52.1%)
      87.6 MB / 168.3 MB ( 52.1%)
      87.7 MB / 168.3 MB ( 52.1%)
      87.7 MB / 168.3 MB ( 52.1%)
      87.7 MB / 168.3 MB ( 52.1%)
      87.7 MB / 168.3 MB ( 52.1%)
      87.7 MB / 168.3 MB ( 52.1%)
      87.7 MB / 168.3 MB ( 52.1%)
      87.7 MB / 168.3 MB ( 52.1%)
      87.7 MB / 168.3 MB ( 52.1%)
      87.7 MB / 168.3 MB ( 52.1%)
      87.7 MB / 168.3 MB ( 52.1%)
      87.7 MB / 168.3 MB ( 52.1%)
      87.7 MB / 168.3 MB ( 52.1%)
      87.8 MB / 168.3 MB ( 52.1%)
      87.8 MB / 168.3 MB ( 52.2%)
      87.8 MB / 168.3 MB ( 52.2%)
      87.8 MB / 168.3 MB ( 52.2%)
      87.8 MB / 168.3 MB ( 52.2%)
      87.8 MB / 168.3 MB ( 52.2%)
      87.8 MB / 168.3 MB ( 52.2%)
      87.8 MB / 168.3 MB ( 52.2%)
      87.8 MB / 168.3 MB ( 52.2%)
      87.8 MB / 168.3 MB ( 52.2%)
      87.8 MB / 168.3 MB ( 52.2%)
      87.8 MB / 168.3 MB ( 52.2%)
      87.9 MB / 168.3 MB ( 52.2%)
      87.9 MB / 168.3 MB ( 52.2%)
      87.9 MB / 168.3 MB ( 52.2%)
      87.9 MB / 168.3 MB ( 52.2%)
      87.9 MB / 168.3 MB ( 52.2%)
      87.9 MB / 168.3 MB ( 52.2%)
      87.9 MB / 168.3 MB ( 52.2%)
      87.9 MB / 168.3 MB ( 52.2%)
      87.9 MB / 168.3 MB ( 52.2%)
      87.9 MB / 168.3 MB ( 52.2%)
      87.9 MB / 168.3 MB ( 52.3%)
      87.9 MB / 168.3 MB ( 52.3%)
      87.9 MB / 168.3 MB ( 52.3%)
      88.0 MB / 168.3 MB ( 52.3%)
      88.0 MB / 168.3 MB ( 52.3%)
      88.0 MB / 168.3 MB ( 52.3%)
      88.0 MB / 168.3 MB ( 52.3%)
      88.0 MB / 168.3 MB ( 52.3%)
      88.0 MB / 168.3 MB ( 52.3%)
      88.0 MB / 168.3 MB ( 52.3%)
      88.0 MB / 168.3 MB ( 52.3%)
      88.0 MB / 168.3 MB ( 52.3%)
      88.0 MB / 168.3 MB ( 52.3%)
      88.0 MB / 168.3 MB ( 52.3%)
      88.0 MB / 168.3 MB ( 52.3%)
      88.1 MB / 168.3 MB ( 52.3%)
      88.1 MB / 168.3 MB ( 52.3%)
      88.1 MB / 168.3 MB ( 52.3%)
      88.1 MB / 168.3 MB ( 52.3%)
      88.1 MB / 168.3 MB ( 52.3%)
      88.1 MB / 168.3 MB ( 52.4%)
      88.1 MB / 168.3 MB ( 52.4%)
      88.1 MB / 168.3 MB ( 52.4%)
      88.1 MB / 168.3 MB ( 52.4%)
      88.1 MB / 168.3 MB ( 52.4%)
      88.1 MB / 168.3 MB ( 52.4%)
      88.1 MB / 168.3 MB ( 52.4%)
      88.2 MB / 168.3 MB ( 52.4%)
      88.2 MB / 168.3 MB ( 52.4%)
      88.2 MB / 168.3 MB ( 52.4%)
      88.2 MB / 168.3 MB ( 52.4%)
      88.2 MB / 168.3 MB ( 52.4%)
      88.2 MB / 168.3 MB ( 52.4%)
      88.2 MB / 168.3 MB ( 52.4%)
      88.2 MB / 168.3 MB ( 52.4%)
      88.2 MB / 168.3 MB ( 52.4%)
      88.2 MB / 168.3 MB ( 52.4%)
      88.2 MB / 168.3 MB ( 52.4%)
      88.2 MB / 168.3 MB ( 52.4%)
      88.3 MB / 168.3 MB ( 52.4%)
      88.3 MB / 168.3 MB ( 52.4%)
      88.3 MB / 168.3 MB ( 52.5%)
      88.3 MB / 168.3 MB ( 52.5%)
      88.3 MB / 168.3 MB ( 52.5%)
      88.3 MB / 168.3 MB ( 52.5%)
      88.3 MB / 168.3 MB ( 52.5%)
      88.3 MB / 168.3 MB ( 52.5%)
      88.3 MB / 168.3 MB ( 52.5%)
      88.3 MB / 168.3 MB ( 52.5%)
      88.3 MB / 168.3 MB ( 52.5%)
      88.3 MB / 168.3 MB ( 52.5%)
      88.4 MB / 168.3 MB ( 52.5%)
      88.4 MB / 168.3 MB ( 52.5%)
      88.4 MB / 168.3 MB ( 52.5%)
      88.4 MB / 168.3 MB ( 52.5%)
      88.4 MB / 168.3 MB ( 52.5%)
      88.4 MB / 168.3 MB ( 52.5%)
      88.4 MB / 168.3 MB ( 52.5%)
      88.4 MB / 168.3 MB ( 52.5%)
      88.4 MB / 168.3 MB ( 52.5%)
      88.4 MB / 168.3 MB ( 52.5%)
      88.4 MB / 168.3 MB ( 52.6%)
      88.4 MB / 168.3 MB ( 52.6%)
      88.4 MB / 168.3 MB ( 52.6%)
      88.5 MB / 168.3 MB ( 52.6%)
      88.5 MB / 168.3 MB ( 52.6%)
      88.5 MB / 168.3 MB ( 52.6%)
      88.5 MB / 168.3 MB ( 52.6%)
      88.5 MB / 168.3 MB ( 52.6%)
      88.5 MB / 168.3 MB ( 52.6%)
      88.5 MB / 168.3 MB ( 52.6%)
      88.5 MB / 168.3 MB ( 52.6%)
      88.5 MB / 168.3 MB ( 52.6%)
      88.5 MB / 168.3 MB ( 52.6%)
      88.5 MB / 168.3 MB ( 52.6%)
      88.5 MB / 168.3 MB ( 52.6%)
      88.6 MB / 168.3 MB ( 52.6%)
      88.6 MB / 168.3 MB ( 52.6%)
      88.6 MB / 168.3 MB ( 52.6%)
      88.6 MB / 168.3 MB ( 52.6%)
      88.6 MB / 168.3 MB ( 52.6%)
      88.6 MB / 168.3 MB ( 52.6%)
      88.6 MB / 168.3 MB ( 52.7%)
      88.6 MB / 168.3 MB ( 52.7%)
      88.6 MB / 168.3 MB ( 52.7%)
      88.6 MB / 168.3 MB ( 52.7%)
      88.6 MB / 168.3 MB ( 52.7%)
      88.6 MB / 168.3 MB ( 52.7%)
      88.7 MB / 168.3 MB ( 52.7%)
      88.7 MB / 168.3 MB ( 52.7%)
      88.7 MB / 168.3 MB ( 52.7%)
      88.7 MB / 168.3 MB ( 52.7%)
      88.7 MB / 168.3 MB ( 52.7%)
      88.7 MB / 168.3 MB ( 52.7%)
      88.7 MB / 168.3 MB ( 52.7%)
      88.7 MB / 168.3 MB ( 52.7%)
      88.7 MB / 168.3 MB ( 52.7%)
      88.7 MB / 168.3 MB ( 52.7%)
      88.7 MB / 168.3 MB ( 52.7%)
      88.7 MB / 168.3 MB ( 52.7%)
      88.8 MB / 168.3 MB ( 52.7%)
      88.8 MB / 168.3 MB ( 52.7%)
      88.8 MB / 168.3 MB ( 52.8%)
      88.8 MB / 168.3 MB ( 52.8%)
      88.8 MB / 168.3 MB ( 52.8%)
      88.8 MB / 168.3 MB ( 52.8%)
      88.8 MB / 168.3 MB ( 52.8%)
      88.8 MB / 168.3 MB ( 52.8%)
      88.8 MB / 168.3 MB ( 52.8%)
      88.8 MB / 168.3 MB ( 52.8%)
      88.8 MB / 168.3 MB ( 52.8%)
      88.8 MB / 168.3 MB ( 52.8%)
      88.9 MB / 168.3 MB ( 52.8%)
      88.9 MB / 168.3 MB ( 52.8%)
      88.9 MB / 168.3 MB ( 52.8%)
      88.9 MB / 168.3 MB ( 52.8%)
      88.9 MB / 168.3 MB ( 52.8%)
      88.9 MB / 168.3 MB ( 52.8%)
      88.9 MB / 168.3 MB ( 52.8%)
      88.9 MB / 168.3 MB ( 52.8%)
      88.9 MB / 168.3 MB ( 52.8%)
      88.9 MB / 168.3 MB ( 52.8%)
      88.9 MB / 168.3 MB ( 52.8%)
      88.9 MB / 168.3 MB ( 52.9%)
      88.9 MB / 168.3 MB ( 52.9%)
      89.0 MB / 168.3 MB ( 52.9%)
      89.0 MB / 168.3 MB ( 52.9%)
      89.0 MB / 168.3 MB ( 52.9%)
      89.0 MB / 168.3 MB ( 52.9%)
      89.0 MB / 168.3 MB ( 52.9%)
      89.0 MB / 168.3 MB ( 52.9%)
      89.0 MB / 168.3 MB ( 52.9%)
      89.0 MB / 168.3 MB ( 52.9%)
      89.0 MB / 168.3 MB ( 52.9%)
      89.0 MB / 168.3 MB ( 52.9%)
      89.0 MB / 168.3 MB ( 52.9%)
      89.0 MB / 168.3 MB ( 52.9%)
      89.1 MB / 168.3 MB ( 52.9%)
      89.1 MB / 168.3 MB ( 52.9%)
      89.1 MB / 168.3 MB ( 52.9%)
      89.1 MB / 168.3 MB ( 52.9%)
      89.1 MB / 168.3 MB ( 52.9%)
      89.1 MB / 168.3 MB ( 52.9%)
      89.1 MB / 168.3 MB ( 52.9%)
      89.1 MB / 168.3 MB ( 53.0%)
      89.1 MB / 168.3 MB ( 53.0%)
      89.1 MB / 168.3 MB ( 53.0%)
      89.1 MB / 168.3 MB ( 53.0%)
      89.1 MB / 168.3 MB ( 53.0%)
      89.2 MB / 168.3 MB ( 53.0%)
      89.2 MB / 168.3 MB ( 53.0%)
      89.2 MB / 168.3 MB ( 53.0%)
      89.2 MB / 168.3 MB ( 53.0%)
      89.2 MB / 168.3 MB ( 53.0%)
      89.2 MB / 168.3 MB ( 53.0%)
      89.2 MB / 168.3 MB ( 53.0%)
      89.2 MB / 168.3 MB ( 53.0%)
      89.2 MB / 168.3 MB ( 53.0%)
      89.2 MB / 168.3 MB ( 53.0%)
      89.2 MB / 168.3 MB ( 53.0%)
      89.2 MB / 168.3 MB ( 53.0%)
      89.3 MB / 168.3 MB ( 53.0%)
      89.3 MB / 168.3 MB ( 53.0%)
      89.3 MB / 168.3 MB ( 53.0%)
      89.3 MB / 168.3 MB ( 53.1%)
      89.3 MB / 168.3 MB ( 53.1%)
      89.3 MB / 168.3 MB ( 53.1%)
      89.3 MB / 168.3 MB ( 53.1%)
      89.3 MB / 168.3 MB ( 53.1%)
      89.3 MB / 168.3 MB ( 53.1%)
      89.3 MB / 168.3 MB ( 53.1%)
      89.3 MB / 168.3 MB ( 53.1%)
      89.3 MB / 168.3 MB ( 53.1%)
      89.4 MB / 168.3 MB ( 53.1%)
      89.4 MB / 168.3 MB ( 53.1%)
      89.4 MB / 168.3 MB ( 53.1%)
      89.4 MB / 168.3 MB ( 53.1%)
      89.4 MB / 168.3 MB ( 53.1%)
      89.4 MB / 168.3 MB ( 53.1%)
      89.4 MB / 168.3 MB ( 53.1%)
      89.4 MB / 168.3 MB ( 53.1%)
      89.4 MB / 168.3 MB ( 53.1%)
      89.4 MB / 168.3 MB ( 53.1%)
      89.4 MB / 168.3 MB ( 53.1%)
      89.4 MB / 168.3 MB ( 53.1%)
      89.4 MB / 168.3 MB ( 53.2%)
      89.5 MB / 168.3 MB ( 53.2%)
      89.5 MB / 168.3 MB ( 53.2%)
      89.5 MB / 168.3 MB ( 53.2%)
      89.5 MB / 168.3 MB ( 53.2%)
      89.5 MB / 168.3 MB ( 53.2%)
      89.5 MB / 168.3 MB ( 53.2%)
      89.5 MB / 168.3 MB ( 53.2%)
      89.5 MB / 168.3 MB ( 53.2%)
      89.5 MB / 168.3 MB ( 53.2%)
      89.5 MB / 168.3 MB ( 53.2%)
      89.5 MB / 168.3 MB ( 53.2%)
      89.5 MB / 168.3 MB ( 53.2%)
      89.6 MB / 168.3 MB ( 53.2%)
      89.6 MB / 168.3 MB ( 53.2%)
      89.6 MB / 168.3 MB ( 53.2%)
      89.6 MB / 168.3 MB ( 53.2%)
      89.6 MB / 168.3 MB ( 53.2%)
      89.6 MB / 168.3 MB ( 53.2%)
      89.6 MB / 168.3 MB ( 53.2%)
      89.6 MB / 168.3 MB ( 53.3%)
      89.6 MB / 168.3 MB ( 53.3%)
      89.6 MB / 168.3 MB ( 53.3%)
      89.6 MB / 168.3 MB ( 53.3%)
      89.6 MB / 168.3 MB ( 53.3%)
      89.7 MB / 168.3 MB ( 53.3%)
      89.7 MB / 168.3 MB ( 53.3%)
      89.7 MB / 168.3 MB ( 53.3%)
      89.7 MB / 168.3 MB ( 53.3%)
      89.7 MB / 168.3 MB ( 53.3%)
      89.7 MB / 168.3 MB ( 53.3%)
      89.7 MB / 168.3 MB ( 53.3%)
      89.7 MB / 168.3 MB ( 53.3%)
      89.7 MB / 168.3 MB ( 53.3%)
      89.7 MB / 168.3 MB ( 53.3%)
      89.7 MB / 168.3 MB ( 53.3%)
      89.7 MB / 168.3 MB ( 53.3%)
      89.8 MB / 168.3 MB ( 53.3%)
      89.8 MB / 168.3 MB ( 53.3%)
      89.8 MB / 168.3 MB ( 53.3%)
      89.8 MB / 168.3 MB ( 53.3%)
      89.8 MB / 168.3 MB ( 53.4%)
      89.8 MB / 168.3 MB ( 53.4%)
      89.8 MB / 168.3 MB ( 53.4%)
      89.8 MB / 168.3 MB ( 53.4%)
      89.8 MB / 168.3 MB ( 53.4%)
      89.8 MB / 168.3 MB ( 53.4%)
      89.8 MB / 168.3 MB ( 53.4%)
      89.8 MB / 168.3 MB ( 53.4%)
      89.8 MB / 168.3 MB ( 53.4%)
      89.9 MB / 168.3 MB ( 53.4%)
      89.9 MB / 168.3 MB ( 53.4%)
      89.9 MB / 168.3 MB ( 53.4%)
      89.9 MB / 168.3 MB ( 53.4%)
      89.9 MB / 168.3 MB ( 53.4%)
      89.9 MB / 168.3 MB ( 53.4%)
      89.9 MB / 168.3 MB ( 53.4%)
      89.9 MB / 168.3 MB ( 53.4%)
      89.9 MB / 168.3 MB ( 53.4%)
      89.9 MB / 168.3 MB ( 53.4%)
      89.9 MB / 168.3 MB ( 53.4%)
      89.9 MB / 168.3 MB ( 53.5%)
      90.0 MB / 168.3 MB ( 53.5%)
      90.0 MB / 168.3 MB ( 53.5%)
      90.0 MB / 168.3 MB ( 53.5%)
      90.0 MB / 168.3 MB ( 53.5%)
      90.0 MB / 168.3 MB ( 53.5%)
      90.0 MB / 168.3 MB ( 53.5%)
      90.0 MB / 168.3 MB ( 53.5%)
      90.0 MB / 168.3 MB ( 53.5%)
      90.0 MB / 168.3 MB ( 53.5%)
      90.0 MB / 168.3 MB ( 53.5%)
      90.0 MB / 168.3 MB ( 53.5%)
      90.0 MB / 168.3 MB ( 53.5%)
      90.1 MB / 168.3 MB ( 53.5%)
      90.1 MB / 168.3 MB ( 53.5%)
      90.1 MB / 168.3 MB ( 53.5%)
      90.1 MB / 168.3 MB ( 53.5%)
      90.1 MB / 168.3 MB ( 53.5%)
      90.1 MB / 168.3 MB ( 53.5%)
      90.1 MB / 168.3 MB ( 53.5%)
      90.1 MB / 168.3 MB ( 53.5%)
      90.1 MB / 168.3 MB ( 53.6%)
      90.1 MB / 168.3 MB ( 53.6%)
      90.1 MB / 168.3 MB ( 53.6%)
      90.1 MB / 168.3 MB ( 53.6%)
      90.2 MB / 168.3 MB ( 53.6%)
      90.2 MB / 168.3 MB ( 53.6%)
      90.2 MB / 168.3 MB ( 53.6%)
      90.2 MB / 168.3 MB ( 53.6%)
      90.2 MB / 168.3 MB ( 53.6%)
      90.2 MB / 168.3 MB ( 53.6%)
      90.2 MB / 168.3 MB ( 53.6%)
      90.2 MB / 168.3 MB ( 53.6%)
      90.2 MB / 168.3 MB ( 53.6%)
      90.2 MB / 168.3 MB ( 53.6%)
      90.2 MB / 168.3 MB ( 53.6%)
      90.2 MB / 168.3 MB ( 53.6%)
      90.3 MB / 168.3 MB ( 53.6%)
      90.3 MB / 168.3 MB ( 53.6%)
      90.3 MB / 168.3 MB ( 53.6%)
      90.3 MB / 168.3 MB ( 53.6%)
      90.3 MB / 168.3 MB ( 53.7%)
      90.3 MB / 168.3 MB ( 53.7%)
      90.3 MB / 168.3 MB ( 53.7%)
      90.3 MB / 168.3 MB ( 53.7%)
      90.3 MB / 168.3 MB ( 53.7%)
      90.3 MB / 168.3 MB ( 53.7%)
      90.3 MB / 168.3 MB ( 53.7%)
      90.3 MB / 168.3 MB ( 53.7%)
      90.3 MB / 168.3 MB ( 53.7%)
      90.4 MB / 168.3 MB ( 53.7%)
      90.4 MB / 168.3 MB ( 53.7%)
      90.4 MB / 168.3 MB ( 53.7%)
      90.4 MB / 168.3 MB ( 53.7%)
      90.4 MB / 168.3 MB ( 53.7%)
      90.4 MB / 168.3 MB ( 53.7%)
      90.4 MB / 168.3 MB ( 53.7%)
      90.4 MB / 168.3 MB ( 53.7%)
      90.4 MB / 168.3 MB ( 53.7%)
      90.4 MB / 168.3 MB ( 53.7%)
      90.4 MB / 168.3 MB ( 53.7%)
      90.4 MB / 168.3 MB ( 53.7%)
      90.5 MB / 168.3 MB ( 53.8%)
      90.5 MB / 168.3 MB ( 53.8%)
      90.5 MB / 168.3 MB ( 53.8%)
      90.5 MB / 168.3 MB ( 53.8%)
      90.5 MB / 168.3 MB ( 53.8%)
      90.5 MB / 168.3 MB ( 53.8%)
      90.5 MB / 168.3 MB ( 53.8%)
      90.5 MB / 168.3 MB ( 53.8%)
      90.5 MB / 168.3 MB ( 53.8%)
      90.5 MB / 168.3 MB ( 53.8%)
      90.5 MB / 168.3 MB ( 53.8%)
      90.5 MB / 168.3 MB ( 53.8%)
      90.6 MB / 168.3 MB ( 53.8%)
      90.6 MB / 168.3 MB ( 53.8%)
      90.6 MB / 168.3 MB ( 53.8%)
      90.6 MB / 168.3 MB ( 53.8%)
      90.6 MB / 168.3 MB ( 53.8%)
      90.6 MB / 168.3 MB ( 53.8%)
      90.6 MB / 168.3 MB ( 53.8%)
      90.6 MB / 168.3 MB ( 53.8%)
      90.6 MB / 168.3 MB ( 53.9%)
      90.6 MB / 168.3 MB ( 53.9%)
      90.6 MB / 168.3 MB ( 53.9%)
      90.6 MB / 168.3 MB ( 53.9%)
      90.7 MB / 168.3 MB ( 53.9%)
      90.7 MB / 168.3 MB ( 53.9%)
      90.7 MB / 168.3 MB ( 53.9%)
      90.7 MB / 168.3 MB ( 53.9%)
      90.7 MB / 168.3 MB ( 53.9%)
      90.7 MB / 168.3 MB ( 53.9%)
      90.7 MB / 168.3 MB ( 53.9%)
      90.7 MB / 168.3 MB ( 53.9%)
      90.7 MB / 168.3 MB ( 53.9%)
      90.7 MB / 168.3 MB ( 53.9%)
      90.7 MB / 168.3 MB ( 53.9%)
      90.7 MB / 168.3 MB ( 53.9%)
      90.8 MB / 168.3 MB ( 53.9%)
      90.8 MB / 168.3 MB ( 53.9%)
      90.8 MB / 168.3 MB ( 53.9%)
      90.8 MB / 168.3 MB ( 53.9%)
      90.8 MB / 168.3 MB ( 53.9%)
      90.8 MB / 168.3 MB ( 54.0%)
      90.8 MB / 168.3 MB ( 54.0%)
      90.8 MB / 168.3 MB ( 54.0%)
      90.8 MB / 168.3 MB ( 54.0%)
      90.8 MB / 168.3 MB ( 54.0%)
      90.8 MB / 168.3 MB ( 54.0%)
      90.8 MB / 168.3 MB ( 54.0%)
      90.8 MB / 168.3 MB ( 54.0%)
      90.9 MB / 168.3 MB ( 54.0%)
      90.9 MB / 168.3 MB ( 54.0%)
      90.9 MB / 168.3 MB ( 54.0%)
      90.9 MB / 168.3 MB ( 54.0%)
      90.9 MB / 168.3 MB ( 54.0%)
      90.9 MB / 168.3 MB ( 54.0%)
      90.9 MB / 168.3 MB ( 54.0%)
      90.9 MB / 168.3 MB ( 54.0%)
      90.9 MB / 168.3 MB ( 54.0%)
      90.9 MB / 168.3 MB ( 54.0%)
      90.9 MB / 168.3 MB ( 54.0%)
      90.9 MB / 168.3 MB ( 54.0%)
      91.0 MB / 168.3 MB ( 54.1%)
      91.0 MB / 168.3 MB ( 54.1%)
      91.0 MB / 168.3 MB ( 54.1%)
      91.0 MB / 168.3 MB ( 54.1%)
      91.0 MB / 168.3 MB ( 54.1%)
      91.0 MB / 168.3 MB ( 54.1%)
      91.0 MB / 168.3 MB ( 54.1%)
      91.0 MB / 168.3 MB ( 54.1%)
      91.0 MB / 168.3 MB ( 54.1%)
      91.0 MB / 168.3 MB ( 54.1%)
      91.0 MB / 168.3 MB ( 54.1%)
      91.0 MB / 168.3 MB ( 54.1%)
      91.1 MB / 168.3 MB ( 54.1%)
      91.1 MB / 168.3 MB ( 54.1%)
      91.1 MB / 168.3 MB ( 54.1%)
      91.1 MB / 168.3 MB ( 54.1%)
      91.1 MB / 168.3 MB ( 54.1%)
      91.1 MB / 168.3 MB ( 54.1%)
      91.1 MB / 168.3 MB ( 54.1%)
      91.1 MB / 168.3 MB ( 54.1%)
      91.1 MB / 168.3 MB ( 54.1%)
      91.1 MB / 168.3 MB ( 54.2%)
      91.1 MB / 168.3 MB ( 54.2%)
      91.1 MB / 168.3 MB ( 54.2%)
      91.2 MB / 168.3 MB ( 54.2%)
      91.2 MB / 168.3 MB ( 54.2%)
      91.2 MB / 168.3 MB ( 54.2%)
      91.2 MB / 168.3 MB ( 54.2%)
      91.2 MB / 168.3 MB ( 54.2%)
      91.2 MB / 168.3 MB ( 54.2%)
      91.2 MB / 168.3 MB ( 54.2%)
      91.2 MB / 168.3 MB ( 54.2%)
      91.2 MB / 168.3 MB ( 54.2%)
      91.2 MB / 168.3 MB ( 54.2%)
      91.2 MB / 168.3 MB ( 54.2%)
      91.2 MB / 168.3 MB ( 54.2%)
      91.3 MB / 168.3 MB ( 54.2%)
      91.3 MB / 168.3 MB ( 54.2%)
      91.3 MB / 168.3 MB ( 54.2%)
      91.3 MB / 168.3 MB ( 54.2%)
      91.3 MB / 168.3 MB ( 54.2%)
      91.3 MB / 168.3 MB ( 54.2%)
      91.3 MB / 168.3 MB ( 54.3%)
      91.3 MB / 168.3 MB ( 54.3%)
      91.3 MB / 168.3 MB ( 54.3%)
      91.3 MB / 168.3 MB ( 54.3%)
      91.3 MB / 168.3 MB ( 54.3%)
      91.3 MB / 168.3 MB ( 54.3%)
      91.3 MB / 168.3 MB ( 54.3%)
      91.4 MB / 168.3 MB ( 54.3%)
      91.4 MB / 168.3 MB ( 54.3%)
      91.4 MB / 168.3 MB ( 54.3%)
      91.4 MB / 168.3 MB ( 54.3%)
      91.4 MB / 168.3 MB ( 54.3%)
      91.4 MB / 168.3 MB ( 54.3%)
      91.4 MB / 168.3 MB ( 54.3%)
      91.4 MB / 168.3 MB ( 54.3%)
      91.4 MB / 168.3 MB ( 54.3%)
      91.4 MB / 168.3 MB ( 54.3%)
      91.4 MB / 168.3 MB ( 54.3%)
      91.4 MB / 168.3 MB ( 54.3%)
      91.5 MB / 168.3 MB ( 54.3%)
      91.5 MB / 168.3 MB ( 54.4%)
      91.5 MB / 168.3 MB ( 54.4%)
      91.5 MB / 168.3 MB ( 54.4%)
      91.5 MB / 168.3 MB ( 54.4%)
      91.5 MB / 168.3 MB ( 54.4%)
      91.5 MB / 168.3 MB ( 54.4%)
      91.5 MB / 168.3 MB ( 54.4%)
      91.5 MB / 168.3 MB ( 54.4%)
      91.5 MB / 168.3 MB ( 54.4%)
      91.5 MB / 168.3 MB ( 54.4%)
      91.5 MB / 168.3 MB ( 54.4%)
      91.6 MB / 168.3 MB ( 54.4%)
      91.6 MB / 168.3 MB ( 54.4%)
      91.6 MB / 168.3 MB ( 54.4%)
      91.6 MB / 168.3 MB ( 54.4%)
      91.6 MB / 168.3 MB ( 54.4%)
      91.6 MB / 168.3 MB ( 54.4%)
      91.6 MB / 168.3 MB ( 54.4%)
      91.6 MB / 168.3 MB ( 54.4%)
      91.6 MB / 168.3 MB ( 54.4%)
      91.6 MB / 168.3 MB ( 54.4%)
      91.6 MB / 168.3 MB ( 54.5%)
      91.6 MB / 168.3 MB ( 54.5%)
      91.7 MB / 168.3 MB ( 54.5%)
      91.7 MB / 168.3 MB ( 54.5%)
      91.7 MB / 168.3 MB ( 54.5%)
      91.7 MB / 168.3 MB ( 54.5%)
      91.7 MB / 168.3 MB ( 54.5%)
      91.7 MB / 168.3 MB ( 54.5%)
      91.7 MB / 168.3 MB ( 54.5%)
      91.7 MB / 168.3 MB ( 54.5%)
      91.7 MB / 168.3 MB ( 54.5%)
      91.7 MB / 168.3 MB ( 54.5%)
      91.7 MB / 168.3 MB ( 54.5%)
      91.7 MB / 168.3 MB ( 54.5%)
      91.8 MB / 168.3 MB ( 54.5%)
      91.8 MB / 168.3 MB ( 54.5%)
      91.8 MB / 168.3 MB ( 54.5%)
      91.8 MB / 168.3 MB ( 54.5%)
      91.8 MB / 168.3 MB ( 54.5%)
      91.8 MB / 168.3 MB ( 54.5%)
      91.8 MB / 168.3 MB ( 54.6%)
      91.8 MB / 168.3 MB ( 54.6%)
      91.8 MB / 168.3 MB ( 54.6%)
      91.8 MB / 168.3 MB ( 54.6%)
      91.8 MB / 168.3 MB ( 54.6%)
      91.8 MB / 168.3 MB ( 54.6%)
      91.8 MB / 168.3 MB ( 54.6%)
      91.9 MB / 168.3 MB ( 54.6%)
      91.9 MB / 168.3 MB ( 54.6%)
      91.9 MB / 168.3 MB ( 54.6%)
      91.9 MB / 168.3 MB ( 54.6%)
      91.9 MB / 168.3 MB ( 54.6%)
      91.9 MB / 168.3 MB ( 54.6%)
      91.9 MB / 168.3 MB ( 54.6%)
      91.9 MB / 168.3 MB ( 54.6%)
      91.9 MB / 168.3 MB ( 54.6%)
      91.9 MB / 168.3 MB ( 54.6%)
      91.9 MB / 168.3 MB ( 54.6%)
      91.9 MB / 168.3 MB ( 54.6%)
      92.0 MB / 168.3 MB ( 54.6%)
      92.0 MB / 168.3 MB ( 54.6%)
      92.0 MB / 168.3 MB ( 54.7%)
      92.0 MB / 168.3 MB ( 54.7%)
      92.0 MB / 168.3 MB ( 54.7%)
      92.0 MB / 168.3 MB ( 54.7%)
      92.0 MB / 168.3 MB ( 54.7%)
      92.0 MB / 168.3 MB ( 54.7%)
      92.0 MB / 168.3 MB ( 54.7%)
      92.0 MB / 168.3 MB ( 54.7%)
      92.0 MB / 168.3 MB ( 54.7%)
      92.0 MB / 168.3 MB ( 54.7%)
      92.1 MB / 168.3 MB ( 54.7%)
      92.1 MB / 168.3 MB ( 54.7%)
      92.1 MB / 168.3 MB ( 54.7%)
      92.1 MB / 168.3 MB ( 54.7%)
      92.1 MB / 168.3 MB ( 54.7%)
      92.1 MB / 168.3 MB ( 54.7%)
      92.1 MB / 168.3 MB ( 54.7%)
      92.1 MB / 168.3 MB ( 54.7%)
      92.1 MB / 168.3 MB ( 54.7%)
      92.1 MB / 168.3 MB ( 54.7%)
      92.1 MB / 168.3 MB ( 54.8%)
      92.1 MB / 168.3 MB ( 54.8%)
      92.2 MB / 168.3 MB ( 54.8%)
      92.2 MB / 168.3 MB ( 54.8%)
      92.2 MB / 168.3 MB ( 54.8%)
      92.2 MB / 168.3 MB ( 54.8%)
      92.2 MB / 168.3 MB ( 54.8%)
      92.2 MB / 168.3 MB ( 54.8%)
      92.2 MB / 168.3 MB ( 54.8%)
      92.2 MB / 168.3 MB ( 54.8%)
      92.2 MB / 168.3 MB ( 54.8%)
      92.2 MB / 168.3 MB ( 54.8%)
      92.2 MB / 168.3 MB ( 54.8%)
      92.2 MB / 168.3 MB ( 54.8%)
      92.3 MB / 168.3 MB ( 54.8%)
      92.3 MB / 168.3 MB ( 54.8%)
      92.3 MB / 168.3 MB ( 54.8%)
      92.3 MB / 168.3 MB ( 54.8%)
      92.3 MB / 168.3 MB ( 54.8%)
      92.3 MB / 168.3 MB ( 54.8%)
      92.3 MB / 168.3 MB ( 54.8%)
      92.3 MB / 168.3 MB ( 54.9%)
      92.3 MB / 168.3 MB ( 54.9%)
      92.3 MB / 168.3 MB ( 54.9%)
      92.3 MB / 168.3 MB ( 54.9%)
      92.3 MB / 168.3 MB ( 54.9%)
      92.3 MB / 168.3 MB ( 54.9%)
      92.4 MB / 168.3 MB ( 54.9%)
      92.4 MB / 168.3 MB ( 54.9%)
      92.4 MB / 168.3 MB ( 54.9%)
      92.4 MB / 168.3 MB ( 54.9%)
      92.4 MB / 168.3 MB ( 54.9%)
      92.4 MB / 168.3 MB ( 54.9%)
      92.4 MB / 168.3 MB ( 54.9%)
      92.4 MB / 168.3 MB ( 54.9%)
      92.4 MB / 168.3 MB ( 54.9%)
      92.4 MB / 168.3 MB ( 54.9%)
      92.4 MB / 168.3 MB ( 54.9%)
      92.4 MB / 168.3 MB ( 54.9%)
      92.5 MB / 168.3 MB ( 54.9%)
      92.5 MB / 168.3 MB ( 54.9%)
      92.5 MB / 168.3 MB ( 55.0%)
      92.5 MB / 168.3 MB ( 55.0%)
      92.5 MB / 168.3 MB ( 55.0%)
      92.5 MB / 168.3 MB ( 55.0%)
      92.5 MB / 168.3 MB ( 55.0%)
      92.5 MB / 168.3 MB ( 55.0%)
      92.5 MB / 168.3 MB ( 55.0%)
      92.5 MB / 168.3 MB ( 55.0%)
      92.5 MB / 168.3 MB ( 55.0%)
      92.5 MB / 168.3 MB ( 55.0%)
      92.6 MB / 168.3 MB ( 55.0%)
      92.6 MB / 168.3 MB ( 55.0%)
      92.6 MB / 168.3 MB ( 55.0%)
      92.6 MB / 168.3 MB ( 55.0%)
      92.6 MB / 168.3 MB ( 55.0%)
      92.6 MB / 168.3 MB ( 55.0%)
      92.6 MB / 168.3 MB ( 55.0%)
      92.6 MB / 168.3 MB ( 55.0%)
      92.6 MB / 168.3 MB ( 55.0%)
      92.6 MB / 168.3 MB ( 55.0%)
      92.6 MB / 168.3 MB ( 55.0%)
      92.6 MB / 168.3 MB ( 55.1%)
      92.7 MB / 168.3 MB ( 55.1%)
      92.7 MB / 168.3 MB ( 55.1%)
      92.7 MB / 168.3 MB ( 55.1%)
      92.7 MB / 168.3 MB ( 55.1%)
      92.7 MB / 168.3 MB ( 55.1%)
      92.7 MB / 168.3 MB ( 55.1%)
      92.7 MB / 168.3 MB ( 55.1%)
      92.7 MB / 168.3 MB ( 55.1%)
      92.7 MB / 168.3 MB ( 55.1%)
      92.7 MB / 168.3 MB ( 55.1%)
      92.7 MB / 168.3 MB ( 55.1%)
      92.7 MB / 168.3 MB ( 55.1%)
      92.7 MB / 168.3 MB ( 55.1%)
      92.8 MB / 168.3 MB ( 55.1%)
      92.8 MB / 168.3 MB ( 55.1%)
      92.8 MB / 168.3 MB ( 55.1%)
      92.8 MB / 168.3 MB ( 55.1%)
      92.8 MB / 168.3 MB ( 55.1%)
      92.8 MB / 168.3 MB ( 55.1%)
      92.8 MB / 168.3 MB ( 55.2%)
      92.8 MB / 168.3 MB ( 55.2%)
      92.8 MB / 168.3 MB ( 55.2%)
      92.8 MB / 168.3 MB ( 55.2%)
      92.8 MB / 168.3 MB ( 55.2%)
      92.8 MB / 168.3 MB ( 55.2%)
      92.9 MB / 168.3 MB ( 55.2%)
      92.9 MB / 168.3 MB ( 55.2%)
      92.9 MB / 168.3 MB ( 55.2%)
      92.9 MB / 168.3 MB ( 55.2%)
      92.9 MB / 168.3 MB ( 55.2%)
      92.9 MB / 168.3 MB ( 55.2%)
      92.9 MB / 168.3 MB ( 55.2%)
      92.9 MB / 168.3 MB ( 55.2%)
      92.9 MB / 168.3 MB ( 55.2%)
      92.9 MB / 168.3 MB ( 55.2%)
      92.9 MB / 168.3 MB ( 55.2%)
      92.9 MB / 168.3 MB ( 55.2%)
      93.0 MB / 168.3 MB ( 55.2%)
      93.0 MB / 168.3 MB ( 55.2%)
      93.0 MB / 168.3 MB ( 55.2%)
      93.0 MB / 168.3 MB ( 55.3%)
      93.0 MB / 168.3 MB ( 55.3%)
      93.0 MB / 168.3 MB ( 55.3%)
      93.0 MB / 168.3 MB ( 55.3%)
      93.0 MB / 168.3 MB ( 55.3%)
      93.0 MB / 168.3 MB ( 55.3%)
      93.0 MB / 168.3 MB ( 55.3%)
      93.0 MB / 168.3 MB ( 55.3%)
      93.0 MB / 168.3 MB ( 55.3%)
      93.1 MB / 168.3 MB ( 55.3%)
      93.1 MB / 168.3 MB ( 55.3%)
      93.1 MB / 168.3 MB ( 55.3%)
      93.1 MB / 168.3 MB ( 55.3%)
      93.1 MB / 168.3 MB ( 55.3%)
      93.1 MB / 168.3 MB ( 55.3%)
      93.1 MB / 168.3 MB ( 55.3%)
      93.1 MB / 168.3 MB ( 55.3%)
      93.1 MB / 168.3 MB ( 55.3%)
      93.1 MB / 168.3 MB ( 55.3%)
      93.1 MB / 168.3 MB ( 55.3%)
      93.1 MB / 168.3 MB ( 55.3%)
      93.2 MB / 168.3 MB ( 55.4%)
      93.2 MB / 168.3 MB ( 55.4%)
      93.2 MB / 168.3 MB ( 55.4%)
      93.2 MB / 168.3 MB ( 55.4%)
      93.2 MB / 168.3 MB ( 55.4%)
      93.2 MB / 168.3 MB ( 55.4%)
      93.2 MB / 168.3 MB ( 55.4%)
      93.2 MB / 168.3 MB ( 55.4%)
      93.2 MB / 168.3 MB ( 55.4%)
      93.2 MB / 168.3 MB ( 55.4%)
      93.2 MB / 168.3 MB ( 55.4%)
      93.2 MB / 168.3 MB ( 55.4%)
      93.2 MB / 168.3 MB ( 55.4%)
      93.3 MB / 168.3 MB ( 55.4%)
      93.3 MB / 168.3 MB ( 55.4%)
      93.3 MB / 168.3 MB ( 55.4%)
      93.3 MB / 168.3 MB ( 55.4%)
      93.3 MB / 168.3 MB ( 55.4%)
      93.3 MB / 168.3 MB ( 55.4%)
      93.3 MB / 168.3 MB ( 55.4%)
      93.3 MB / 168.3 MB ( 55.5%)
      93.3 MB / 168.3 MB ( 55.5%)
      93.3 MB / 168.3 MB ( 55.5%)
      93.3 MB / 168.3 MB ( 55.5%)
      93.3 MB / 168.3 MB ( 55.5%)
      93.4 MB / 168.3 MB ( 55.5%)
      93.4 MB / 168.3 MB ( 55.5%)
      93.4 MB / 168.3 MB ( 55.5%)
      93.4 MB / 168.3 MB ( 55.5%)
      93.4 MB / 168.3 MB ( 55.5%)
      93.4 MB / 168.3 MB ( 55.5%)
      93.4 MB / 168.3 MB ( 55.5%)
      93.4 MB / 168.3 MB ( 55.5%)
      93.4 MB / 168.3 MB ( 55.5%)
      93.4 MB / 168.3 MB ( 55.5%)
      93.4 MB / 168.3 MB ( 55.5%)
      93.4 MB / 168.3 MB ( 55.5%)
      93.5 MB / 168.3 MB ( 55.5%)
      93.5 MB / 168.3 MB ( 55.5%)
      93.5 MB / 168.3 MB ( 55.5%)
      93.5 MB / 168.3 MB ( 55.5%)
      93.5 MB / 168.3 MB ( 55.6%)
      93.5 MB / 168.3 MB ( 55.6%)
      93.5 MB / 168.3 MB ( 55.6%)
      93.5 MB / 168.3 MB ( 55.6%)
      93.5 MB / 168.3 MB ( 55.6%)
      93.5 MB / 168.3 MB ( 55.6%)
      93.5 MB / 168.3 MB ( 55.6%)
      93.5 MB / 168.3 MB ( 55.6%)
      93.6 MB / 168.3 MB ( 55.6%)
      93.6 MB / 168.3 MB ( 55.6%)
      93.6 MB / 168.3 MB ( 55.6%)
      93.6 MB / 168.3 MB ( 55.6%)
      93.6 MB / 168.3 MB ( 55.6%)
      93.6 MB / 168.3 MB ( 55.6%)
      93.6 MB / 168.3 MB ( 55.6%)
      93.6 MB / 168.3 MB ( 55.6%)
      93.6 MB / 168.3 MB ( 55.6%)
      93.6 MB / 168.3 MB ( 55.6%)
      93.6 MB / 168.3 MB ( 55.6%)
      93.6 MB / 168.3 MB ( 55.6%)
      93.7 MB / 168.3 MB ( 55.7%)
      93.7 MB / 168.3 MB ( 55.7%)
      93.7 MB / 168.3 MB ( 55.7%)
      93.7 MB / 168.3 MB ( 55.7%)
      93.7 MB / 168.3 MB ( 55.7%)
      93.7 MB / 168.3 MB ( 55.7%)
      93.7 MB / 168.3 MB ( 55.7%)
      93.7 MB / 168.3 MB ( 55.7%)
      93.7 MB / 168.3 MB ( 55.7%)
      93.7 MB / 168.3 MB ( 55.7%)
      93.7 MB / 168.3 MB ( 55.7%)
      93.7 MB / 168.3 MB ( 55.7%)
      93.7 MB / 168.3 MB ( 55.7%)
      93.8 MB / 168.3 MB ( 55.7%)
      93.8 MB / 168.3 MB ( 55.7%)
      93.8 MB / 168.3 MB ( 55.7%)
      93.8 MB / 168.3 MB ( 55.7%)
      93.8 MB / 168.3 MB ( 55.7%)
      93.8 MB / 168.3 MB ( 55.7%)
      93.8 MB / 168.3 MB ( 55.7%)
      93.8 MB / 168.3 MB ( 55.7%)
      93.8 MB / 168.3 MB ( 55.8%)
      93.8 MB / 168.3 MB ( 55.8%)
      93.8 MB / 168.3 MB ( 55.8%)
      93.8 MB / 168.3 MB ( 55.8%)
      93.9 MB / 168.3 MB ( 55.8%)
      93.9 MB / 168.3 MB ( 55.8%)
      93.9 MB / 168.3 MB ( 55.8%)
      93.9 MB / 168.3 MB ( 55.8%)
      93.9 MB / 168.3 MB ( 55.8%)
      93.9 MB / 168.3 MB ( 55.8%)
      93.9 MB / 168.3 MB ( 55.8%)
      93.9 MB / 168.3 MB ( 55.8%)
      93.9 MB / 168.3 MB ( 55.8%)
      93.9 MB / 168.3 MB ( 55.8%)
      93.9 MB / 168.3 MB ( 55.8%)
      93.9 MB / 168.3 MB ( 55.8%)
      94.0 MB / 168.3 MB ( 55.8%)
      94.0 MB / 168.3 MB ( 55.8%)
      94.0 MB / 168.3 MB ( 55.8%)
      94.0 MB / 168.3 MB ( 55.8%)
      94.0 MB / 168.3 MB ( 55.9%)
      94.0 MB / 168.3 MB ( 55.9%)
      94.0 MB / 168.3 MB ( 55.9%)
      94.0 MB / 168.3 MB ( 55.9%)
      94.0 MB / 168.3 MB ( 55.9%)
      94.0 MB / 168.3 MB ( 55.9%)
      94.0 MB / 168.3 MB ( 55.9%)
      94.0 MB / 168.3 MB ( 55.9%)
      94.1 MB / 168.3 MB ( 55.9%)
      94.1 MB / 168.3 MB ( 55.9%)
      94.1 MB / 168.3 MB ( 55.9%)
      94.1 MB / 168.3 MB ( 55.9%)
      94.1 MB / 168.3 MB ( 55.9%)
      94.1 MB / 168.3 MB ( 55.9%)
      94.1 MB / 168.3 MB ( 55.9%)
      94.1 MB / 168.3 MB ( 55.9%)
      94.1 MB / 168.3 MB ( 55.9%)
      94.1 MB / 168.3 MB ( 55.9%)
      94.1 MB / 168.3 MB ( 55.9%)
      94.1 MB / 168.3 MB ( 55.9%)
      94.2 MB / 168.3 MB ( 55.9%)
      94.2 MB / 168.3 MB ( 56.0%)
      94.2 MB / 168.3 MB ( 56.0%)
      94.2 MB / 168.3 MB ( 56.0%)
      94.2 MB / 168.3 MB ( 56.0%)
      94.2 MB / 168.3 MB ( 56.0%)
      94.2 MB / 168.3 MB ( 56.0%)
      94.2 MB / 168.3 MB ( 56.0%)
      94.2 MB / 168.3 MB ( 56.0%)
      94.2 MB / 168.3 MB ( 56.0%)
      94.2 MB / 168.3 MB ( 56.0%)
      94.2 MB / 168.3 MB ( 56.0%)
      94.2 MB / 168.3 MB ( 56.0%)
      94.3 MB / 168.3 MB ( 56.0%)
      94.3 MB / 168.3 MB ( 56.0%)
      94.3 MB / 168.3 MB ( 56.0%)
      94.3 MB / 168.3 MB ( 56.0%)
      94.3 MB / 168.3 MB ( 56.0%)
      94.3 MB / 168.3 MB ( 56.0%)
      94.3 MB / 168.3 MB ( 56.0%)
      94.3 MB / 168.3 MB ( 56.0%)
      94.3 MB / 168.3 MB ( 56.1%)
      94.3 MB / 168.3 MB ( 56.1%)
      94.3 MB / 168.3 MB ( 56.1%)
      94.3 MB / 168.3 MB ( 56.1%)
      94.4 MB / 168.3 MB ( 56.1%)
      94.4 MB / 168.3 MB ( 56.1%)
      94.4 MB / 168.3 MB ( 56.1%)
      94.4 MB / 168.3 MB ( 56.1%)
      94.4 MB / 168.3 MB ( 56.1%)
      94.4 MB / 168.3 MB ( 56.1%)
      94.4 MB / 168.3 MB ( 56.1%)
      94.4 MB / 168.3 MB ( 56.1%)
      94.4 MB / 168.3 MB ( 56.1%)
      94.4 MB / 168.3 MB ( 56.1%)
      94.4 MB / 168.3 MB ( 56.1%)
      94.4 MB / 168.3 MB ( 56.1%)
      94.5 MB / 168.3 MB ( 56.1%)
      94.5 MB / 168.3 MB ( 56.1%)
      94.5 MB / 168.3 MB ( 56.1%)
      94.5 MB / 168.3 MB ( 56.1%)
      94.5 MB / 168.3 MB ( 56.1%)
      94.5 MB / 168.3 MB ( 56.2%)
      94.5 MB / 168.3 MB ( 56.2%)
      94.5 MB / 168.3 MB ( 56.2%)
      94.5 MB / 168.3 MB ( 56.2%)
      94.5 MB / 168.3 MB ( 56.2%)
      94.5 MB / 168.3 MB ( 56.2%)
      94.5 MB / 168.3 MB ( 56.2%)
      94.6 MB / 168.3 MB ( 56.2%)
      94.6 MB / 168.3 MB ( 56.2%)
      94.6 MB / 168.3 MB ( 56.2%)
      94.6 MB / 168.3 MB ( 56.2%)
      94.6 MB / 168.3 MB ( 56.2%)
      94.6 MB / 168.3 MB ( 56.2%)
      94.6 MB / 168.3 MB ( 56.2%)
      94.6 MB / 168.3 MB ( 56.2%)
      94.6 MB / 168.3 MB ( 56.2%)
      94.6 MB / 168.3 MB ( 56.2%)
      94.6 MB / 168.3 MB ( 56.2%)
      94.6 MB / 168.3 MB ( 56.2%)
      94.7 MB / 168.3 MB ( 56.2%)
      94.7 MB / 168.3 MB ( 56.3%)
      94.7 MB / 168.3 MB ( 56.3%)
      94.7 MB / 168.3 MB ( 56.3%)
      94.7 MB / 168.3 MB ( 56.3%)
      94.7 MB / 168.3 MB ( 56.3%)
      94.7 MB / 168.3 MB ( 56.3%)
      94.7 MB / 168.3 MB ( 56.3%)
      94.7 MB / 168.3 MB ( 56.3%)
      94.7 MB / 168.3 MB ( 56.3%)
      94.7 MB / 168.3 MB ( 56.3%)
      94.7 MB / 168.3 MB ( 56.3%)
      94.7 MB / 168.3 MB ( 56.3%)
      94.8 MB / 168.3 MB ( 56.3%)
      94.8 MB / 168.3 MB ( 56.3%)
      94.8 MB / 168.3 MB ( 56.3%)
      94.8 MB / 168.3 MB ( 56.3%)
      94.8 MB / 168.3 MB ( 56.3%)
      94.8 MB / 168.3 MB ( 56.3%)
      94.8 MB / 168.3 MB ( 56.3%)
      94.8 MB / 168.3 MB ( 56.3%)
      94.8 MB / 168.3 MB ( 56.3%)
      94.8 MB / 168.3 MB ( 56.4%)
      94.8 MB / 168.3 MB ( 56.4%)
      94.8 MB / 168.3 MB ( 56.4%)
      94.9 MB / 168.3 MB ( 56.4%)
      94.9 MB / 168.3 MB ( 56.4%)
      94.9 MB / 168.3 MB ( 56.4%)
      94.9 MB / 168.3 MB ( 56.4%)
      94.9 MB / 168.3 MB ( 56.4%)
      94.9 MB / 168.3 MB ( 56.4%)
      94.9 MB / 168.3 MB ( 56.4%)
      94.9 MB / 168.3 MB ( 56.4%)
      94.9 MB / 168.3 MB ( 56.4%)
      94.9 MB / 168.3 MB ( 56.4%)
      94.9 MB / 168.3 MB ( 56.4%)
      94.9 MB / 168.3 MB ( 56.4%)
      95.0 MB / 168.3 MB ( 56.4%)
      95.0 MB / 168.3 MB ( 56.4%)
      95.0 MB / 168.3 MB ( 56.4%)
      95.0 MB / 168.3 MB ( 56.4%)
      95.0 MB / 168.3 MB ( 56.4%)
      95.0 MB / 168.3 MB ( 56.5%)
      95.0 MB / 168.3 MB ( 56.5%)
      95.0 MB / 168.3 MB ( 56.5%)
      95.0 MB / 168.3 MB ( 56.5%)
      95.0 MB / 168.3 MB ( 56.5%)
      95.0 MB / 168.3 MB ( 56.5%)
      95.0 MB / 168.3 MB ( 56.5%)
      95.1 MB / 168.3 MB ( 56.5%)
      95.1 MB / 168.3 MB ( 56.5%)
      95.1 MB / 168.3 MB ( 56.5%)
      95.1 MB / 168.3 MB ( 56.5%)
      95.1 MB / 168.3 MB ( 56.5%)
      95.1 MB / 168.3 MB ( 56.5%)
      95.1 MB / 168.3 MB ( 56.5%)
      95.1 MB / 168.3 MB ( 56.5%)
      95.1 MB / 168.3 MB ( 56.5%)
      95.1 MB / 168.3 MB ( 56.5%)
      95.1 MB / 168.3 MB ( 56.5%)
      95.1 MB / 168.3 MB ( 56.5%)
      95.2 MB / 168.3 MB ( 56.5%)
      95.2 MB / 168.3 MB ( 56.5%)
      95.2 MB / 168.3 MB ( 56.6%)
      95.2 MB / 168.3 MB ( 56.6%)
      95.2 MB / 168.3 MB ( 56.6%)
      95.2 MB / 168.3 MB ( 56.6%)
      95.2 MB / 168.3 MB ( 56.6%)
      95.2 MB / 168.3 MB ( 56.6%)
      95.2 MB / 168.3 MB ( 56.6%)
      95.2 MB / 168.3 MB ( 56.6%)
      95.2 MB / 168.3 MB ( 56.6%)
      95.2 MB / 168.3 MB ( 56.6%)
      95.2 MB / 168.3 MB ( 56.6%)
      95.3 MB / 168.3 MB ( 56.6%)
      95.3 MB / 168.3 MB ( 56.6%)
      95.3 MB / 168.3 MB ( 56.6%)
      95.3 MB / 168.3 MB ( 56.6%)
      95.3 MB / 168.3 MB ( 56.6%)
      95.3 MB / 168.3 MB ( 56.6%)
      95.3 MB / 168.3 MB ( 56.6%)
      95.3 MB / 168.3 MB ( 56.6%)
      95.3 MB / 168.3 MB ( 56.6%)
      95.3 MB / 168.3 MB ( 56.6%)
      95.3 MB / 168.3 MB ( 56.7%)
      95.3 MB / 168.3 MB ( 56.7%)
      95.4 MB / 168.3 MB ( 56.7%)
      95.4 MB / 168.3 MB ( 56.7%)
      95.4 MB / 168.3 MB ( 56.7%)
      95.4 MB / 168.3 MB ( 56.7%)
      95.4 MB / 168.3 MB ( 56.7%)
      95.4 MB / 168.3 MB ( 56.7%)
      95.4 MB / 168.3 MB ( 56.7%)
      95.4 MB / 168.3 MB ( 56.7%)
      95.4 MB / 168.3 MB ( 56.7%)
      95.4 MB / 168.3 MB ( 56.7%)
      95.4 MB / 168.3 MB ( 56.7%)
      95.4 MB / 168.3 MB ( 56.7%)
      95.5 MB / 168.3 MB ( 56.7%)
      95.5 MB / 168.3 MB ( 56.7%)
      95.5 MB / 168.3 MB ( 56.7%)
      95.5 MB / 168.3 MB ( 56.7%)
      95.5 MB / 168.3 MB ( 56.7%)
      95.5 MB / 168.3 MB ( 56.7%)
      95.5 MB / 168.3 MB ( 56.8%)
      95.5 MB / 168.3 MB ( 56.8%)
      95.5 MB / 168.3 MB ( 56.8%)
      95.5 MB / 168.3 MB ( 56.8%)
      95.5 MB / 168.3 MB ( 56.8%)
      95.5 MB / 168.3 MB ( 56.8%)
      95.6 MB / 168.3 MB ( 56.8%)
      95.6 MB / 168.3 MB ( 56.8%)
      95.6 MB / 168.3 MB ( 56.8%)
      95.6 MB / 168.3 MB ( 56.8%)
      95.6 MB / 168.3 MB ( 56.8%)
      95.6 MB / 168.3 MB ( 56.8%)
      95.6 MB / 168.3 MB ( 56.8%)
      95.6 MB / 168.3 MB ( 56.8%)
      95.6 MB / 168.3 MB ( 56.8%)
      95.6 MB / 168.3 MB ( 56.8%)
      95.6 MB / 168.3 MB ( 56.8%)
      95.6 MB / 168.3 MB ( 56.8%)
      95.6 MB / 168.3 MB ( 56.8%)
      95.7 MB / 168.3 MB ( 56.8%)
      95.7 MB / 168.3 MB ( 56.8%)
      95.7 MB / 168.3 MB ( 56.9%)
      95.7 MB / 168.3 MB ( 56.9%)
      95.7 MB / 168.3 MB ( 56.9%)
      95.7 MB / 168.3 MB ( 56.9%)
      95.7 MB / 168.3 MB ( 56.9%)
      95.7 MB / 168.3 MB ( 56.9%)
      95.7 MB / 168.3 MB ( 56.9%)
      95.7 MB / 168.3 MB ( 56.9%)
      95.7 MB / 168.3 MB ( 56.9%)
      95.7 MB / 168.3 MB ( 56.9%)
      95.8 MB / 168.3 MB ( 56.9%)
      95.8 MB / 168.3 MB ( 56.9%)
      95.8 MB / 168.3 MB ( 56.9%)
      95.8 MB / 168.3 MB ( 56.9%)
      95.8 MB / 168.3 MB ( 56.9%)
      95.8 MB / 168.3 MB ( 56.9%)
      95.8 MB / 168.3 MB ( 56.9%)
      95.8 MB / 168.3 MB ( 56.9%)
      95.8 MB / 168.3 MB ( 56.9%)
      95.8 MB / 168.3 MB ( 56.9%)
      95.8 MB / 168.3 MB ( 57.0%)
      95.8 MB / 168.3 MB ( 57.0%)
      95.9 MB / 168.3 MB ( 57.0%)
      95.9 MB / 168.3 MB ( 57.0%)
      95.9 MB / 168.3 MB ( 57.0%)
      95.9 MB / 168.3 MB ( 57.0%)
      95.9 MB / 168.3 MB ( 57.0%)
      95.9 MB / 168.3 MB ( 57.0%)
      95.9 MB / 168.3 MB ( 57.0%)
      95.9 MB / 168.3 MB ( 57.0%)
      95.9 MB / 168.3 MB ( 57.0%)
      95.9 MB / 168.3 MB ( 57.0%)
      95.9 MB / 168.3 MB ( 57.0%)
      95.9 MB / 168.3 MB ( 57.0%)
      96.0 MB / 168.3 MB ( 57.0%)
      96.0 MB / 168.3 MB ( 57.0%)
      96.0 MB / 168.3 MB ( 57.0%)
      96.0 MB / 168.3 MB ( 57.0%)
      96.0 MB / 168.3 MB ( 57.0%)
      96.0 MB / 168.3 MB ( 57.0%)
      96.0 MB / 168.3 MB ( 57.0%)
      96.0 MB / 168.3 MB ( 57.1%)
      96.0 MB / 168.3 MB ( 57.1%)
      96.0 MB / 168.3 MB ( 57.1%)
      96.0 MB / 168.3 MB ( 57.1%)
      96.0 MB / 168.3 MB ( 57.1%)
      96.1 MB / 168.3 MB ( 57.1%)
      96.1 MB / 168.3 MB ( 57.1%)
      96.1 MB / 168.3 MB ( 57.1%)
      96.1 MB / 168.3 MB ( 57.1%)
      96.1 MB / 168.3 MB ( 57.1%)
      96.1 MB / 168.3 MB ( 57.1%)
      96.1 MB / 168.3 MB ( 57.1%)
      96.1 MB / 168.3 MB ( 57.1%)
      96.1 MB / 168.3 MB ( 57.1%)
      96.1 MB / 168.3 MB ( 57.1%)
      96.1 MB / 168.3 MB ( 57.1%)
      96.1 MB / 168.3 MB ( 57.1%)
      96.1 MB / 168.3 MB ( 57.1%)
      96.2 MB / 168.3 MB ( 57.1%)
      96.2 MB / 168.3 MB ( 57.1%)
      96.2 MB / 168.3 MB ( 57.2%)
      96.2 MB / 168.3 MB ( 57.2%)
      96.2 MB / 168.3 MB ( 57.2%)
      96.2 MB / 168.3 MB ( 57.2%)
      96.2 MB / 168.3 MB ( 57.2%)
      96.2 MB / 168.3 MB ( 57.2%)
      96.2 MB / 168.3 MB ( 57.2%)
      96.2 MB / 168.3 MB ( 57.2%)
      96.2 MB / 168.3 MB ( 57.2%)
      96.2 MB / 168.3 MB ( 57.2%)
      96.3 MB / 168.3 MB ( 57.2%)
      96.3 MB / 168.3 MB ( 57.2%)
      96.3 MB / 168.3 MB ( 57.2%)
      96.3 MB / 168.3 MB ( 57.2%)
      96.3 MB / 168.3 MB ( 57.2%)
      96.3 MB / 168.3 MB ( 57.2%)
      96.3 MB / 168.3 MB ( 57.2%)
      96.3 MB / 168.3 MB ( 57.2%)
      96.3 MB / 168.3 MB ( 57.2%)
      96.3 MB / 168.3 MB ( 57.2%)
      96.3 MB / 168.3 MB ( 57.2%)
      96.3 MB / 168.3 MB ( 57.3%)
      96.4 MB / 168.3 MB ( 57.3%)
      96.4 MB / 168.3 MB ( 57.3%)
      96.4 MB / 168.3 MB ( 57.3%)
      96.4 MB / 168.3 MB ( 57.3%)
      96.4 MB / 168.3 MB ( 57.3%)
      96.4 MB / 168.3 MB ( 57.3%)
      96.4 MB / 168.3 MB ( 57.3%)
      96.4 MB / 168.3 MB ( 57.3%)
      96.4 MB / 168.3 MB ( 57.3%)
      96.4 MB / 168.3 MB ( 57.3%)
      96.4 MB / 168.3 MB ( 57.3%)
      96.4 MB / 168.3 MB ( 57.3%)
      96.5 MB / 168.3 MB ( 57.3%)
      96.5 MB / 168.3 MB ( 57.3%)
      96.5 MB / 168.3 MB ( 57.3%)
      96.5 MB / 168.3 MB ( 57.3%)
      96.5 MB / 168.3 MB ( 57.3%)
      96.5 MB / 168.3 MB ( 57.3%)
      96.5 MB / 168.3 MB ( 57.3%)
      96.5 MB / 168.3 MB ( 57.4%)
      96.5 MB / 168.3 MB ( 57.4%)
      96.5 MB / 168.3 MB ( 57.4%)
      96.5 MB / 168.3 MB ( 57.4%)
      96.5 MB / 168.3 MB ( 57.4%)
      96.6 MB / 168.3 MB ( 57.4%)
      96.6 MB / 168.3 MB ( 57.4%)
      96.6 MB / 168.3 MB ( 57.4%)
      96.6 MB / 168.3 MB ( 57.4%)
      96.6 MB / 168.3 MB ( 57.4%)
      96.6 MB / 168.3 MB ( 57.4%)
      96.6 MB / 168.3 MB ( 57.4%)
      96.6 MB / 168.3 MB ( 57.4%)
      96.6 MB / 168.3 MB ( 57.4%)
      96.6 MB / 168.3 MB ( 57.4%)
      96.6 MB / 168.3 MB ( 57.4%)
      96.6 MB / 168.3 MB ( 57.4%)
      96.6 MB / 168.3 MB ( 57.4%)
      96.7 MB / 168.3 MB ( 57.4%)
      96.7 MB / 168.3 MB ( 57.4%)
      96.7 MB / 168.3 MB ( 57.4%)
      96.7 MB / 168.3 MB ( 57.5%)
      96.7 MB / 168.3 MB ( 57.5%)
      96.7 MB / 168.3 MB ( 57.5%)
      96.7 MB / 168.3 MB ( 57.5%)
      96.7 MB / 168.3 MB ( 57.5%)
      96.7 MB / 168.3 MB ( 57.5%)
      96.7 MB / 168.3 MB ( 57.5%)
      96.7 MB / 168.3 MB ( 57.5%)
      96.7 MB / 168.3 MB ( 57.5%)
      96.8 MB / 168.3 MB ( 57.5%)
      96.8 MB / 168.3 MB ( 57.5%)
      96.8 MB / 168.3 MB ( 57.5%)
      96.8 MB / 168.3 MB ( 57.5%)
      96.8 MB / 168.3 MB ( 57.5%)
      96.8 MB / 168.3 MB ( 57.5%)
      96.8 MB / 168.3 MB ( 57.5%)
      96.8 MB / 168.3 MB ( 57.5%)
      96.8 MB / 168.3 MB ( 57.5%)
      96.8 MB / 168.3 MB ( 57.5%)
      96.8 MB / 168.3 MB ( 57.5%)
      96.8 MB / 168.3 MB ( 57.6%)
      96.9 MB / 168.3 MB ( 57.6%)
      96.9 MB / 168.3 MB ( 57.6%)
      96.9 MB / 168.3 MB ( 57.6%)
      96.9 MB / 168.3 MB ( 57.6%)
      96.9 MB / 168.3 MB ( 57.6%)
      96.9 MB / 168.3 MB ( 57.6%)
      96.9 MB / 168.3 MB ( 57.6%)
      96.9 MB / 168.3 MB ( 57.6%)
      96.9 MB / 168.3 MB ( 57.6%)
      96.9 MB / 168.3 MB ( 57.6%)
      96.9 MB / 168.3 MB ( 57.6%)
      96.9 MB / 168.3 MB ( 57.6%)
      97.0 MB / 168.3 MB ( 57.6%)
      97.0 MB / 168.3 MB ( 57.6%)
      97.0 MB / 168.3 MB ( 57.6%)
      97.0 MB / 168.3 MB ( 57.6%)
      97.0 MB / 168.3 MB ( 57.6%)
      97.0 MB / 168.3 MB ( 57.6%)
      97.0 MB / 168.3 MB ( 57.6%)
      97.0 MB / 168.3 MB ( 57.6%)
      97.0 MB / 168.3 MB ( 57.7%)
      97.0 MB / 168.3 MB ( 57.7%)
      97.0 MB / 168.3 MB ( 57.7%)
      97.0 MB / 168.3 MB ( 57.7%)
      97.1 MB / 168.3 MB ( 57.7%)
      97.1 MB / 168.3 MB ( 57.7%)
      97.1 MB / 168.3 MB ( 57.7%)
      97.1 MB / 168.3 MB ( 57.7%)
      97.1 MB / 168.3 MB ( 57.7%)
      97.1 MB / 168.3 MB ( 57.7%)
      97.1 MB / 168.3 MB ( 57.7%)
      97.1 MB / 168.3 MB ( 57.7%)
      97.1 MB / 168.3 MB ( 57.7%)
      97.1 MB / 168.3 MB ( 57.7%)
      97.1 MB / 168.3 MB ( 57.7%)
      97.1 MB / 168.3 MB ( 57.7%)
      97.1 MB / 168.3 MB ( 57.7%)
      97.2 MB / 168.3 MB ( 57.7%)
      97.2 MB / 168.3 MB ( 57.7%)
      97.2 MB / 168.3 MB ( 57.7%)
      97.2 MB / 168.3 MB ( 57.7%)
      97.2 MB / 168.3 MB ( 57.8%)
      97.2 MB / 168.3 MB ( 57.8%)
      97.2 MB / 168.3 MB ( 57.8%)
      97.2 MB / 168.3 MB ( 57.8%)
      97.2 MB / 168.3 MB ( 57.8%)
      97.2 MB / 168.3 MB ( 57.8%)
      97.2 MB / 168.3 MB ( 57.8%)
      97.2 MB / 168.3 MB ( 57.8%)
      97.3 MB / 168.3 MB ( 57.8%)
      97.3 MB / 168.3 MB ( 57.8%)
      97.3 MB / 168.3 MB ( 57.8%)
      97.3 MB / 168.3 MB ( 57.8%)
      97.3 MB / 168.3 MB ( 57.8%)
      97.3 MB / 168.3 MB ( 57.8%)
      97.3 MB / 168.3 MB ( 57.8%)
      97.3 MB / 168.3 MB ( 57.8%)
      97.3 MB / 168.3 MB ( 57.8%)
      97.3 MB / 168.3 MB ( 57.8%)
      97.3 MB / 168.3 MB ( 57.8%)
      97.3 MB / 168.3 MB ( 57.8%)
      97.4 MB / 168.3 MB ( 57.9%)
      97.4 MB / 168.3 MB ( 57.9%)
      97.4 MB / 168.3 MB ( 57.9%)
      97.4 MB / 168.3 MB ( 57.9%)
      97.4 MB / 168.3 MB ( 57.9%)
      97.4 MB / 168.3 MB ( 57.9%)
      97.4 MB / 168.3 MB ( 57.9%)
      97.4 MB / 168.3 MB ( 57.9%)
      97.4 MB / 168.3 MB ( 57.9%)
      97.4 MB / 168.3 MB ( 57.9%)
      97.4 MB / 168.3 MB ( 57.9%)
      97.4 MB / 168.3 MB ( 57.9%)
      97.5 MB / 168.3 MB ( 57.9%)
      97.5 MB / 168.3 MB ( 57.9%)
      97.5 MB / 168.3 MB ( 57.9%)
      97.5 MB / 168.3 MB ( 57.9%)
      97.5 MB / 168.3 MB ( 57.9%)
      97.5 MB / 168.3 MB ( 57.9%)
      97.5 MB / 168.3 MB ( 57.9%)
      97.5 MB / 168.3 MB ( 57.9%)
      97.5 MB / 168.3 MB ( 57.9%)
      97.5 MB / 168.3 MB ( 58.0%)
      97.5 MB / 168.3 MB ( 58.0%)
      97.5 MB / 168.3 MB ( 58.0%)
      97.6 MB / 168.3 MB ( 58.0%)
      97.6 MB / 168.3 MB ( 58.0%)
      97.6 MB / 168.3 MB ( 58.0%)
      97.6 MB / 168.3 MB ( 58.0%)
      97.6 MB / 168.3 MB ( 58.0%)
      97.6 MB / 168.3 MB ( 58.0%)
      97.6 MB / 168.3 MB ( 58.0%)
      97.6 MB / 168.3 MB ( 58.0%)
      97.6 MB / 168.3 MB ( 58.0%)
      97.6 MB / 168.3 MB ( 58.0%)
      97.6 MB / 168.3 MB ( 58.0%)
      97.6 MB / 168.3 MB ( 58.0%)
      97.6 MB / 168.3 MB ( 58.0%)
      97.7 MB / 168.3 MB ( 58.0%)
      97.7 MB / 168.3 MB ( 58.0%)
      97.7 MB / 168.3 MB ( 58.0%)
      97.7 MB / 168.3 MB ( 58.0%)
      97.7 MB / 168.3 MB ( 58.1%)
      97.7 MB / 168.3 MB ( 58.1%)
      97.7 MB / 168.3 MB ( 58.1%)
      97.7 MB / 168.3 MB ( 58.1%)
      97.7 MB / 168.3 MB ( 58.1%)
      97.7 MB / 168.3 MB ( 58.1%)
      97.7 MB / 168.3 MB ( 58.1%)
      97.7 MB / 168.3 MB ( 58.1%)
      97.8 MB / 168.3 MB ( 58.1%)
      97.8 MB / 168.3 MB ( 58.1%)
      97.8 MB / 168.3 MB ( 58.1%)
      97.8 MB / 168.3 MB ( 58.1%)
      97.8 MB / 168.3 MB ( 58.1%)
      97.8 MB / 168.3 MB ( 58.1%)
      97.8 MB / 168.3 MB ( 58.1%)
      97.8 MB / 168.3 MB ( 58.1%)
      97.8 MB / 168.3 MB ( 58.1%)
      97.8 MB / 168.3 MB ( 58.1%)
      97.8 MB / 168.3 MB ( 58.1%)
      97.8 MB / 168.3 MB ( 58.1%)
      97.9 MB / 168.3 MB ( 58.1%)
      97.9 MB / 168.3 MB ( 58.2%)
      97.9 MB / 168.3 MB ( 58.2%)
      97.9 MB / 168.3 MB ( 58.2%)
      97.9 MB / 168.3 MB ( 58.2%)
      97.9 MB / 168.3 MB ( 58.2%)
      97.9 MB / 168.3 MB ( 58.2%)
      97.9 MB / 168.3 MB ( 58.2%)
      97.9 MB / 168.3 MB ( 58.2%)
      97.9 MB / 168.3 MB ( 58.2%)
      97.9 MB / 168.3 MB ( 58.2%)
      97.9 MB / 168.3 MB ( 58.2%)
      98.0 MB / 168.3 MB ( 58.2%)
      98.0 MB / 168.3 MB ( 58.2%)
      98.0 MB / 168.3 MB ( 58.2%)
      98.0 MB / 168.3 MB ( 58.2%)
      98.0 MB / 168.3 MB ( 58.2%)
      98.0 MB / 168.3 MB ( 58.2%)
      98.0 MB / 168.3 MB ( 58.2%)
      98.0 MB / 168.3 MB ( 58.2%)
      98.0 MB / 168.3 MB ( 58.2%)
      98.0 MB / 168.3 MB ( 58.3%)
      98.0 MB / 168.3 MB ( 58.3%)
      98.0 MB / 168.3 MB ( 58.3%)
      98.1 MB / 168.3 MB ( 58.3%)
      98.1 MB / 168.3 MB ( 58.3%)
      98.1 MB / 168.3 MB ( 58.3%)
      98.1 MB / 168.3 MB ( 58.3%)
      98.1 MB / 168.3 MB ( 58.3%)
      98.1 MB / 168.3 MB ( 58.3%)
      98.1 MB / 168.3 MB ( 58.3%)
      98.1 MB / 168.3 MB ( 58.3%)
      98.1 MB / 168.3 MB ( 58.3%)
      98.1 MB / 168.3 MB ( 58.3%)
      98.1 MB / 168.3 MB ( 58.3%)
      98.1 MB / 168.3 MB ( 58.3%)
      98.1 MB / 168.3 MB ( 58.3%)
      98.2 MB / 168.3 MB ( 58.3%)
      98.2 MB / 168.3 MB ( 58.3%)
      98.2 MB / 168.3 MB ( 58.3%)
      98.2 MB / 168.3 MB ( 58.3%)
      98.2 MB / 168.3 MB ( 58.3%)
      98.2 MB / 168.3 MB ( 58.4%)
      98.2 MB / 168.3 MB ( 58.4%)
      98.2 MB / 168.3 MB ( 58.4%)
      98.2 MB / 168.3 MB ( 58.4%)
      98.2 MB / 168.3 MB ( 58.4%)
      98.2 MB / 168.3 MB ( 58.4%)
      98.2 MB / 168.3 MB ( 58.4%)
      98.3 MB / 168.3 MB ( 58.4%)
      98.3 MB / 168.3 MB ( 58.4%)
      98.3 MB / 168.3 MB ( 58.4%)
      98.3 MB / 168.3 MB ( 58.4%)
      98.3 MB / 168.3 MB ( 58.4%)
      98.3 MB / 168.3 MB ( 58.4%)
      98.3 MB / 168.3 MB ( 58.4%)
      98.3 MB / 168.3 MB ( 58.4%)
      98.3 MB / 168.3 MB ( 58.4%)
      98.3 MB / 168.3 MB ( 58.4%)
      98.3 MB / 168.3 MB ( 58.4%)
      98.3 MB / 168.3 MB ( 58.4%)
      98.4 MB / 168.3 MB ( 58.4%)
      98.4 MB / 168.3 MB ( 58.5%)
      98.4 MB / 168.3 MB ( 58.5%)
      98.4 MB / 168.3 MB ( 58.5%)
      98.4 MB / 168.3 MB ( 58.5%)
      98.4 MB / 168.3 MB ( 58.5%)
      98.4 MB / 168.3 MB ( 58.5%)
      98.4 MB / 168.3 MB ( 58.5%)
      98.4 MB / 168.3 MB ( 58.5%)
      98.4 MB / 168.3 MB ( 58.5%)
      98.4 MB / 168.3 MB ( 58.5%)
      98.4 MB / 168.3 MB ( 58.5%)
      98.5 MB / 168.3 MB ( 58.5%)
      98.5 MB / 168.3 MB ( 58.5%)
      98.5 MB / 168.3 MB ( 58.5%)
      98.5 MB / 168.3 MB ( 58.5%)
      98.5 MB / 168.3 MB ( 58.5%)
      98.5 MB / 168.3 MB ( 58.5%)
      98.5 MB / 168.3 MB ( 58.5%)
      98.5 MB / 168.3 MB ( 58.5%)
      98.5 MB / 168.3 MB ( 58.5%)
      98.5 MB / 168.3 MB ( 58.5%)
      98.5 MB / 168.3 MB ( 58.6%)
      98.5 MB / 168.3 MB ( 58.6%)
      98.5 MB / 168.3 MB ( 58.6%)
      98.6 MB / 168.3 MB ( 58.6%)
      98.6 MB / 168.3 MB ( 58.6%)
      98.6 MB / 168.3 MB ( 58.6%)
      98.6 MB / 168.3 MB ( 58.6%)
      98.6 MB / 168.3 MB ( 58.6%)
      98.6 MB / 168.3 MB ( 58.6%)
      98.6 MB / 168.3 MB ( 58.6%)
      98.6 MB / 168.3 MB ( 58.6%)
      98.6 MB / 168.3 MB ( 58.6%)
      98.6 MB / 168.3 MB ( 58.6%)
      98.6 MB / 168.3 MB ( 58.6%)
      98.6 MB / 168.3 MB ( 58.6%)
      98.7 MB / 168.3 MB ( 58.6%)
      98.7 MB / 168.3 MB ( 58.6%)
      98.7 MB / 168.3 MB ( 58.6%)
      98.7 MB / 168.3 MB ( 58.6%)
      98.7 MB / 168.3 MB ( 58.6%)
      98.7 MB / 168.3 MB ( 58.7%)
      98.7 MB / 168.3 MB ( 58.7%)
      98.7 MB / 168.3 MB ( 58.7%)
      98.7 MB / 168.3 MB ( 58.7%)
      98.7 MB / 168.3 MB ( 58.7%)
      98.7 MB / 168.3 MB ( 58.7%)
      98.7 MB / 168.3 MB ( 58.7%)
      98.8 MB / 168.3 MB ( 58.7%)
      98.8 MB / 168.3 MB ( 58.7%)
      98.8 MB / 168.3 MB ( 58.7%)
      98.8 MB / 168.3 MB ( 58.7%)
      98.8 MB / 168.3 MB ( 58.7%)
      98.8 MB / 168.3 MB ( 58.7%)
      98.8 MB / 168.3 MB ( 58.7%)
      98.8 MB / 168.3 MB ( 58.7%)
      98.8 MB / 168.3 MB ( 58.7%)
      98.8 MB / 168.3 MB ( 58.7%)
      98.8 MB / 168.3 MB ( 58.7%)
      98.8 MB / 168.3 MB ( 58.7%)
      98.9 MB / 168.3 MB ( 58.7%)
      98.9 MB / 168.3 MB ( 58.7%)
      98.9 MB / 168.3 MB ( 58.8%)
      98.9 MB / 168.3 MB ( 58.8%)
      98.9 MB / 168.3 MB ( 58.8%)
      98.9 MB / 168.3 MB ( 58.8%)
      98.9 MB / 168.3 MB ( 58.8%)
      98.9 MB / 168.3 MB ( 58.8%)
      98.9 MB / 168.3 MB ( 58.8%)
      98.9 MB / 168.3 MB ( 58.8%)
      98.9 MB / 168.3 MB ( 58.8%)
      98.9 MB / 168.3 MB ( 58.8%)
      99.0 MB / 168.3 MB ( 58.8%)
      99.0 MB / 168.3 MB ( 58.8%)
      99.0 MB / 168.3 MB ( 58.8%)
      99.0 MB / 168.3 MB ( 58.8%)
      99.0 MB / 168.3 MB ( 58.8%)
      99.0 MB / 168.3 MB ( 58.8%)
      99.0 MB / 168.3 MB ( 58.8%)
      99.0 MB / 168.3 MB ( 58.8%)
      99.0 MB / 168.3 MB ( 58.8%)
      99.0 MB / 168.3 MB ( 58.8%)
      99.0 MB / 168.3 MB ( 58.9%)
      99.0 MB / 168.3 MB ( 58.9%)
      99.0 MB / 168.3 MB ( 58.9%)
      99.1 MB / 168.3 MB ( 58.9%)
      99.1 MB / 168.3 MB ( 58.9%)
      99.1 MB / 168.3 MB ( 58.9%)
      99.1 MB / 168.3 MB ( 58.9%)
      99.1 MB / 168.3 MB ( 58.9%)
      99.1 MB / 168.3 MB ( 58.9%)
      99.1 MB / 168.3 MB ( 58.9%)
      99.1 MB / 168.3 MB ( 58.9%)
      99.1 MB / 168.3 MB ( 58.9%)
      99.1 MB / 168.3 MB ( 58.9%)
      99.1 MB / 168.3 MB ( 58.9%)
      99.1 MB / 168.3 MB ( 58.9%)
      99.2 MB / 168.3 MB ( 58.9%)
      99.2 MB / 168.3 MB ( 58.9%)
      99.2 MB / 168.3 MB ( 58.9%)
      99.2 MB / 168.3 MB ( 58.9%)
      99.2 MB / 168.3 MB ( 58.9%)
      99.2 MB / 168.3 MB ( 58.9%)
      99.2 MB / 168.3 MB ( 59.0%)
      99.2 MB / 168.3 MB ( 59.0%)
      99.2 MB / 168.3 MB ( 59.0%)
      99.2 MB / 168.3 MB ( 59.0%)
      99.2 MB / 168.3 MB ( 59.0%)
      99.2 MB / 168.3 MB ( 59.0%)
      99.3 MB / 168.3 MB ( 59.0%)
      99.3 MB / 168.3 MB ( 59.0%)
      99.3 MB / 168.3 MB ( 59.0%)
      99.3 MB / 168.3 MB ( 59.0%)
      99.3 MB / 168.3 MB ( 59.0%)
      99.3 MB / 168.3 MB ( 59.0%)
      99.3 MB / 168.3 MB ( 59.0%)
      99.3 MB / 168.3 MB ( 59.0%)
      99.3 MB / 168.3 MB ( 59.0%)
      99.3 MB / 168.3 MB ( 59.0%)
      99.3 MB / 168.3 MB ( 59.0%)
      99.3 MB / 168.3 MB ( 59.0%)
      99.4 MB / 168.3 MB ( 59.0%)
      99.4 MB / 168.3 MB ( 59.0%)
      99.4 MB / 168.3 MB ( 59.0%)
      99.4 MB / 168.3 MB ( 59.1%)
      99.4 MB / 168.3 MB ( 59.1%)
      99.4 MB / 168.3 MB ( 59.1%)
      99.4 MB / 168.3 MB ( 59.1%)
      99.4 MB / 168.3 MB ( 59.1%)
      99.4 MB / 168.3 MB ( 59.1%)
      99.4 MB / 168.3 MB ( 59.1%)
      99.4 MB / 168.3 MB ( 59.1%)
      99.4 MB / 168.3 MB ( 59.1%)
      99.5 MB / 168.3 MB ( 59.1%)
      99.5 MB / 168.3 MB ( 59.1%)
      99.5 MB / 168.3 MB ( 59.1%)
      99.5 MB / 168.3 MB ( 59.1%)
      99.5 MB / 168.3 MB ( 59.1%)
      99.5 MB / 168.3 MB ( 59.1%)
      99.5 MB / 168.3 MB ( 59.1%)
      99.5 MB / 168.3 MB ( 59.1%)
      99.5 MB / 168.3 MB ( 59.1%)
      99.5 MB / 168.3 MB ( 59.1%)
      99.5 MB / 168.3 MB ( 59.1%)
      99.5 MB / 168.3 MB ( 59.2%)
      99.5 MB / 168.3 MB ( 59.2%)
      99.6 MB / 168.3 MB ( 59.2%)
      99.6 MB / 168.3 MB ( 59.2%)
      99.6 MB / 168.3 MB ( 59.2%)
      99.6 MB / 168.3 MB ( 59.2%)
      99.6 MB / 168.3 MB ( 59.2%)
      99.6 MB / 168.3 MB ( 59.2%)
      99.6 MB / 168.3 MB ( 59.2%)
      99.6 MB / 168.3 MB ( 59.2%)
      99.6 MB / 168.3 MB ( 59.2%)
      99.6 MB / 168.3 MB ( 59.2%)
      99.6 MB / 168.3 MB ( 59.2%)
      99.6 MB / 168.3 MB ( 59.2%)
      99.7 MB / 168.3 MB ( 59.2%)
      99.7 MB / 168.3 MB ( 59.2%)
      99.7 MB / 168.3 MB ( 59.2%)
      99.7 MB / 168.3 MB ( 59.2%)
      99.7 MB / 168.3 MB ( 59.2%)
      99.7 MB / 168.3 MB ( 59.2%)
      99.7 MB / 168.3 MB ( 59.2%)
      99.7 MB / 168.3 MB ( 59.3%)
      99.7 MB / 168.3 MB ( 59.3%)
      99.7 MB / 168.3 MB ( 59.3%)
      99.7 MB / 168.3 MB ( 59.3%)
      99.7 MB / 168.3 MB ( 59.3%)
      99.8 MB / 168.3 MB ( 59.3%)
      99.8 MB / 168.3 MB ( 59.3%)
      99.8 MB / 168.3 MB ( 59.3%)
      99.8 MB / 168.3 MB ( 59.3%)
      99.8 MB / 168.3 MB ( 59.3%)
      99.8 MB / 168.3 MB ( 59.3%)
      99.8 MB / 168.3 MB ( 59.3%)
      99.8 MB / 168.3 MB ( 59.3%)
      99.8 MB / 168.3 MB ( 59.3%)
      99.8 MB / 168.3 MB ( 59.3%)
      99.8 MB / 168.3 MB ( 59.3%)
      99.8 MB / 168.3 MB ( 59.3%)
      99.9 MB / 168.3 MB ( 59.3%)
      99.9 MB / 168.3 MB ( 59.3%)
      99.9 MB / 168.3 MB ( 59.3%)
      99.9 MB / 168.3 MB ( 59.4%)
      99.9 MB / 168.3 MB ( 59.4%)
      99.9 MB / 168.3 MB ( 59.4%)
      99.9 MB / 168.3 MB ( 59.4%)
      99.9 MB / 168.3 MB ( 59.4%)
      99.9 MB / 168.3 MB ( 59.4%)
      99.9 MB / 168.3 MB ( 59.4%)
      99.9 MB / 168.3 MB ( 59.4%)
      99.9 MB / 168.3 MB ( 59.4%)
     100.0 MB / 168.3 MB ( 59.4%)
     100.0 MB / 168.3 MB ( 59.4%)
     100.0 MB / 168.3 MB ( 59.4%)
     100.0 MB / 168.3 MB ( 59.4%)
     100.0 MB / 168.3 MB ( 59.4%)
     100.0 MB / 168.3 MB ( 59.4%)
     100.0 MB / 168.3 MB ( 59.4%)
     100.0 MB / 168.3 MB ( 59.4%)
     100.0 MB / 168.3 MB ( 59.4%)
     100.0 MB / 168.3 MB ( 59.4%)
     100.0 MB / 168.3 MB ( 59.4%)
     100.0 MB / 168.3 MB ( 59.4%)
     100.0 MB / 168.3 MB ( 59.5%)
     100.1 MB / 168.3 MB ( 59.5%)
     100.1 MB / 168.3 MB ( 59.5%)
     100.1 MB / 168.3 MB ( 59.5%)
     100.1 MB / 168.3 MB ( 59.5%)
     100.1 MB / 168.3 MB ( 59.5%)
     100.1 MB / 168.3 MB ( 59.5%)
     100.1 MB / 168.3 MB ( 59.5%)
     100.1 MB / 168.3 MB ( 59.5%)
     100.1 MB / 168.3 MB ( 59.5%)
     100.1 MB / 168.3 MB ( 59.5%)
     100.1 MB / 168.3 MB ( 59.5%)
     100.1 MB / 168.3 MB ( 59.5%)
     100.2 MB / 168.3 MB ( 59.5%)
     100.2 MB / 168.3 MB ( 59.5%)
     100.2 MB / 168.3 MB ( 59.5%)
     100.2 MB / 168.3 MB ( 59.5%)
     100.2 MB / 168.3 MB ( 59.5%)
     100.2 MB / 168.3 MB ( 59.5%)
     100.2 MB / 168.3 MB ( 59.5%)
     100.2 MB / 168.3 MB ( 59.6%)
     100.2 MB / 168.3 MB ( 59.6%)
     100.2 MB / 168.3 MB ( 59.6%)
     100.2 MB / 168.3 MB ( 59.6%)
     100.2 MB / 168.3 MB ( 59.6%)
     100.3 MB / 168.3 MB ( 59.6%)
     100.3 MB / 168.3 MB ( 59.6%)
     100.3 MB / 168.3 MB ( 59.6%)
     100.3 MB / 168.3 MB ( 59.6%)
     100.3 MB / 168.3 MB ( 59.6%)
     100.3 MB / 168.3 MB ( 59.6%)
     100.3 MB / 168.3 MB ( 59.6%)
     100.3 MB / 168.3 MB ( 59.6%)
     100.3 MB / 168.3 MB ( 59.6%)
     100.3 MB / 168.3 MB ( 59.6%)
     100.3 MB / 168.3 MB ( 59.6%)
     100.3 MB / 168.3 MB ( 59.6%)
     100.4 MB / 168.3 MB ( 59.6%)
     100.4 MB / 168.3 MB ( 59.6%)
     100.4 MB / 168.3 MB ( 59.6%)
     100.4 MB / 168.3 MB ( 59.6%)
     100.4 MB / 168.3 MB ( 59.7%)
     100.4 MB / 168.3 MB ( 59.7%)
     100.4 MB / 168.3 MB ( 59.7%)
     100.4 MB / 168.3 MB ( 59.7%)
     100.4 MB / 168.3 MB ( 59.7%)
     100.4 MB / 168.3 MB ( 59.7%)
     100.4 MB / 168.3 MB ( 59.7%)
     100.4 MB / 168.3 MB ( 59.7%)
     100.5 MB / 168.3 MB ( 59.7%)
     100.5 MB / 168.3 MB ( 59.7%)
     100.5 MB / 168.3 MB ( 59.7%)
     100.5 MB / 168.3 MB ( 59.7%)
     100.5 MB / 168.3 MB ( 59.7%)
     100.5 MB / 168.3 MB ( 59.7%)
     100.5 MB / 168.3 MB ( 59.7%)
     100.5 MB / 168.3 MB ( 59.7%)
     100.5 MB / 168.3 MB ( 59.7%)
     100.5 MB / 168.3 MB ( 59.7%)
     100.5 MB / 168.3 MB ( 59.7%)
     100.5 MB / 168.3 MB ( 59.7%)
     100.5 MB / 168.3 MB ( 59.8%)
     100.6 MB / 168.3 MB ( 59.8%)
     100.6 MB / 168.3 MB ( 59.8%)
     100.6 MB / 168.3 MB ( 59.8%)
     100.6 MB / 168.3 MB ( 59.8%)
     100.6 MB / 168.3 MB ( 59.8%)
     100.6 MB / 168.3 MB ( 59.8%)
     100.6 MB / 168.3 MB ( 59.8%)
     100.6 MB / 168.3 MB ( 59.8%)
     100.6 MB / 168.3 MB ( 59.8%)
     100.6 MB / 168.3 MB ( 59.8%)
     100.6 MB / 168.3 MB ( 59.8%)
     100.6 MB / 168.3 MB ( 59.8%)
     100.7 MB / 168.3 MB ( 59.8%)
     100.7 MB / 168.3 MB ( 59.8%)
     100.7 MB / 168.3 MB ( 59.8%)
     100.7 MB / 168.3 MB ( 59.8%)
     100.7 MB / 168.3 MB ( 59.8%)
     100.7 MB / 168.3 MB ( 59.8%)
     100.7 MB / 168.3 MB ( 59.8%)
     100.7 MB / 168.3 MB ( 59.8%)
     100.7 MB / 168.3 MB ( 59.9%)
     100.7 MB / 168.3 MB ( 59.9%)
     100.7 MB / 168.3 MB ( 59.9%)
     100.7 MB / 168.3 MB ( 59.9%)
     100.8 MB / 168.3 MB ( 59.9%)
     100.8 MB / 168.3 MB ( 59.9%)
     100.8 MB / 168.3 MB ( 59.9%)
     100.8 MB / 168.3 MB ( 59.9%)
     100.8 MB / 168.3 MB ( 59.9%)
     100.8 MB / 168.3 MB ( 59.9%)
     100.8 MB / 168.3 MB ( 59.9%)
     100.8 MB / 168.3 MB ( 59.9%)
     100.8 MB / 168.3 MB ( 59.9%)
     100.8 MB / 168.3 MB ( 59.9%)
     100.8 MB / 168.3 MB ( 59.9%)
     100.8 MB / 168.3 MB ( 59.9%)
     100.9 MB / 168.3 MB ( 59.9%)
     100.9 MB / 168.3 MB ( 59.9%)
     100.9 MB / 168.3 MB ( 59.9%)
     100.9 MB / 168.3 MB ( 59.9%)
     100.9 MB / 168.3 MB ( 60.0%)
     100.9 MB / 168.3 MB ( 60.0%)
     100.9 MB / 168.3 MB ( 60.0%)
     100.9 MB / 168.3 MB ( 60.0%)
     100.9 MB / 168.3 MB ( 60.0%)
     100.9 MB / 168.3 MB ( 60.0%)
     100.9 MB / 168.3 MB ( 60.0%)
     100.9 MB / 168.3 MB ( 60.0%)
     101.0 MB / 168.3 MB ( 60.0%)
     101.0 MB / 168.3 MB ( 60.0%)
     101.0 MB / 168.3 MB ( 60.0%)
     101.0 MB / 168.3 MB ( 60.0%)
     101.0 MB / 168.3 MB ( 60.0%)
     101.0 MB / 168.3 MB ( 60.0%)
     101.0 MB / 168.3 MB ( 60.0%)
     101.0 MB / 168.3 MB ( 60.0%)
     101.0 MB / 168.3 MB ( 60.0%)
     101.0 MB / 168.3 MB ( 60.0%)
     101.0 MB / 168.3 MB ( 60.0%)
     101.0 MB / 168.3 MB ( 60.0%)
     101.0 MB / 168.3 MB ( 60.0%)
     101.1 MB / 168.3 MB ( 60.1%)
     101.1 MB / 168.3 MB ( 60.1%)
     101.1 MB / 168.3 MB ( 60.1%)
     101.1 MB / 168.3 MB ( 60.1%)
     101.1 MB / 168.3 MB ( 60.1%)
     101.1 MB / 168.3 MB ( 60.1%)
     101.1 MB / 168.3 MB ( 60.1%)
     101.1 MB / 168.3 MB ( 60.1%)
     101.1 MB / 168.3 MB ( 60.1%)
     101.1 MB / 168.3 MB ( 60.1%)
     101.1 MB / 168.3 MB ( 60.1%)
     101.1 MB / 168.3 MB ( 60.1%)
     101.2 MB / 168.3 MB ( 60.1%)
     101.2 MB / 168.3 MB ( 60.1%)
     101.2 MB / 168.3 MB ( 60.1%)
     101.2 MB / 168.3 MB ( 60.1%)
     101.2 MB / 168.3 MB ( 60.1%)
     101.2 MB / 168.3 MB ( 60.1%)
     101.2 MB / 168.3 MB ( 60.1%)
     101.2 MB / 168.3 MB ( 60.1%)
     101.2 MB / 168.3 MB ( 60.1%)
     101.2 MB / 168.3 MB ( 60.2%)
     101.2 MB / 168.3 MB ( 60.2%)
     101.2 MB / 168.3 MB ( 60.2%)
     101.3 MB / 168.3 MB ( 60.2%)
     101.3 MB / 168.3 MB ( 60.2%)
     101.3 MB / 168.3 MB ( 60.2%)
     101.3 MB / 168.3 MB ( 60.2%)
     101.3 MB / 168.3 MB ( 60.2%)
     101.3 MB / 168.3 MB ( 60.2%)
     101.3 MB / 168.3 MB ( 60.2%)
     101.3 MB / 168.3 MB ( 60.2%)
     101.3 MB / 168.3 MB ( 60.2%)
     101.3 MB / 168.3 MB ( 60.2%)
     101.3 MB / 168.3 MB ( 60.2%)
     101.3 MB / 168.3 MB ( 60.2%)
     101.4 MB / 168.3 MB ( 60.2%)
     101.4 MB / 168.3 MB ( 60.2%)
     101.4 MB / 168.3 MB ( 60.2%)
     101.4 MB / 168.3 MB ( 60.2%)
     101.4 MB / 168.3 MB ( 60.2%)
     101.4 MB / 168.3 MB ( 60.3%)
     101.4 MB / 168.3 MB ( 60.3%)
     101.4 MB / 168.3 MB ( 60.3%)
     101.4 MB / 168.3 MB ( 60.3%)
     101.4 MB / 168.3 MB ( 60.3%)
     101.4 MB / 168.3 MB ( 60.3%)
     101.4 MB / 168.3 MB ( 60.3%)
     101.4 MB / 168.3 MB ( 60.3%)
     101.5 MB / 168.3 MB ( 60.3%)
     101.5 MB / 168.3 MB ( 60.3%)
     101.5 MB / 168.3 MB ( 60.3%)
     101.5 MB / 168.3 MB ( 60.3%)
     101.5 MB / 168.3 MB ( 60.3%)
     101.5 MB / 168.3 MB ( 60.3%)
     101.5 MB / 168.3 MB ( 60.3%)
     101.5 MB / 168.3 MB ( 60.3%)
     101.5 MB / 168.3 MB ( 60.3%)
     101.5 MB / 168.3 MB ( 60.3%)
     101.5 MB / 168.3 MB ( 60.3%)
     101.5 MB / 168.3 MB ( 60.3%)
     101.6 MB / 168.3 MB ( 60.3%)
     101.6 MB / 168.3 MB ( 60.4%)
     101.6 MB / 168.3 MB ( 60.4%)
     101.6 MB / 168.3 MB ( 60.4%)
     101.6 MB / 168.3 MB ( 60.4%)
     101.6 MB / 168.3 MB ( 60.4%)
     101.6 MB / 168.3 MB ( 60.4%)
     101.6 MB / 168.3 MB ( 60.4%)
     101.6 MB / 168.3 MB ( 60.4%)
     101.6 MB / 168.3 MB ( 60.4%)
     101.6 MB / 168.3 MB ( 60.4%)
     101.6 MB / 168.3 MB ( 60.4%)
     101.7 MB / 168.3 MB ( 60.4%)
     101.7 MB / 168.3 MB ( 60.4%)
     101.7 MB / 168.3 MB ( 60.4%)
     101.7 MB / 168.3 MB ( 60.4%)
     101.7 MB / 168.3 MB ( 60.4%)
     101.7 MB / 168.3 MB ( 60.4%)
     101.7 MB / 168.3 MB ( 60.4%)
     101.7 MB / 168.3 MB ( 60.4%)
     101.7 MB / 168.3 MB ( 60.4%)
     101.7 MB / 168.3 MB ( 60.5%)
     101.7 MB / 168.3 MB ( 60.5%)
     101.7 MB / 168.3 MB ( 60.5%)
     101.8 MB / 168.3 MB ( 60.5%)
     101.8 MB / 168.3 MB ( 60.5%)
     101.8 MB / 168.3 MB ( 60.5%)
     101.8 MB / 168.3 MB ( 60.5%)
     101.8 MB / 168.3 MB ( 60.5%)
     101.8 MB / 168.3 MB ( 60.5%)
     101.8 MB / 168.3 MB ( 60.5%)
     101.8 MB / 168.3 MB ( 60.5%)
     101.8 MB / 168.3 MB ( 60.5%)
     101.8 MB / 168.3 MB ( 60.5%)
     101.8 MB / 168.3 MB ( 60.5%)
     101.8 MB / 168.3 MB ( 60.5%)
     101.9 MB / 168.3 MB ( 60.5%)
     101.9 MB / 168.3 MB ( 60.5%)
     101.9 MB / 168.3 MB ( 60.5%)
     101.9 MB / 168.3 MB ( 60.5%)
     101.9 MB / 168.3 MB ( 60.5%)
     101.9 MB / 168.3 MB ( 60.5%)
     101.9 MB / 168.3 MB ( 60.6%)
     101.9 MB / 168.3 MB ( 60.6%)
     101.9 MB / 168.3 MB ( 60.6%)
     101.9 MB / 168.3 MB ( 60.6%)
     101.9 MB / 168.3 MB ( 60.6%)
     101.9 MB / 168.3 MB ( 60.6%)
     101.9 MB / 168.3 MB ( 60.6%)
     102.0 MB / 168.3 MB ( 60.6%)
     102.0 MB / 168.3 MB ( 60.6%)
     102.0 MB / 168.3 MB ( 60.6%)
     102.0 MB / 168.3 MB ( 60.6%)
     102.0 MB / 168.3 MB ( 60.6%)
     102.0 MB / 168.3 MB ( 60.6%)
     102.0 MB / 168.3 MB ( 60.6%)
     102.0 MB / 168.3 MB ( 60.6%)
     102.0 MB / 168.3 MB ( 60.6%)
     102.0 MB / 168.3 MB ( 60.6%)
     102.0 MB / 168.3 MB ( 60.6%)
     102.0 MB / 168.3 MB ( 60.6%)
     102.1 MB / 168.3 MB ( 60.6%)
     102.1 MB / 168.3 MB ( 60.7%)
     102.1 MB / 168.3 MB ( 60.7%)
     102.1 MB / 168.3 MB ( 60.7%)
     102.1 MB / 168.3 MB ( 60.7%)
     102.1 MB / 168.3 MB ( 60.7%)
     102.1 MB / 168.3 MB ( 60.7%)
     102.1 MB / 168.3 MB ( 60.7%)
     102.1 MB / 168.3 MB ( 60.7%)
     102.1 MB / 168.3 MB ( 60.7%)
     102.1 MB / 168.3 MB ( 60.7%)
     102.1 MB / 168.3 MB ( 60.7%)
     102.2 MB / 168.3 MB ( 60.7%)
     102.2 MB / 168.3 MB ( 60.7%)
     102.2 MB / 168.3 MB ( 60.7%)
     102.2 MB / 168.3 MB ( 60.7%)
     102.2 MB / 168.3 MB ( 60.7%)
     102.2 MB / 168.3 MB ( 60.7%)
     102.2 MB / 168.3 MB ( 60.7%)
     102.2 MB / 168.3 MB ( 60.7%)
     102.2 MB / 168.3 MB ( 60.7%)
     102.2 MB / 168.3 MB ( 60.7%)
     102.2 MB / 168.3 MB ( 60.8%)
     102.2 MB / 168.3 MB ( 60.8%)
     102.3 MB / 168.3 MB ( 60.8%)
     102.3 MB / 168.3 MB ( 60.8%)
     102.3 MB / 168.3 MB ( 60.8%)
     102.3 MB / 168.3 MB ( 60.8%)
     102.3 MB / 168.3 MB ( 60.8%)
     102.3 MB / 168.3 MB ( 60.8%)
     102.3 MB / 168.3 MB ( 60.8%)
     102.3 MB / 168.3 MB ( 60.8%)
     102.3 MB / 168.3 MB ( 60.8%)
     102.3 MB / 168.3 MB ( 60.8%)
     102.3 MB / 168.3 MB ( 60.8%)
     102.3 MB / 168.3 MB ( 60.8%)
     102.4 MB / 168.3 MB ( 60.8%)
     102.4 MB / 168.3 MB ( 60.8%)
     102.4 MB / 168.3 MB ( 60.8%)
     102.4 MB / 168.3 MB ( 60.8%)
     102.4 MB / 168.3 MB ( 60.8%)
     102.4 MB / 168.3 MB ( 60.8%)
     102.4 MB / 168.3 MB ( 60.9%)
     102.4 MB / 168.3 MB ( 60.9%)
     102.4 MB / 168.3 MB ( 60.9%)
     102.4 MB / 168.3 MB ( 60.9%)
     102.4 MB / 168.3 MB ( 60.9%)
     102.4 MB / 168.3 MB ( 60.9%)
     102.4 MB / 168.3 MB ( 60.9%)
     102.5 MB / 168.3 MB ( 60.9%)
     102.5 MB / 168.3 MB ( 60.9%)
     102.5 MB / 168.3 MB ( 60.9%)
     102.5 MB / 168.3 MB ( 60.9%)
     102.5 MB / 168.3 MB ( 60.9%)
     102.5 MB / 168.3 MB ( 60.9%)
     102.5 MB / 168.3 MB ( 60.9%)
     102.5 MB / 168.3 MB ( 60.9%)
     102.5 MB / 168.3 MB ( 60.9%)
     102.5 MB / 168.3 MB ( 60.9%)
     102.5 MB / 168.3 MB ( 60.9%)
     102.5 MB / 168.3 MB ( 60.9%)
     102.6 MB / 168.3 MB ( 60.9%)
     102.6 MB / 168.3 MB ( 60.9%)
     102.6 MB / 168.3 MB ( 61.0%)
     102.6 MB / 168.3 MB ( 61.0%)
     102.6 MB / 168.3 MB ( 61.0%)
     102.6 MB / 168.3 MB ( 61.0%)
     102.6 MB / 168.3 MB ( 61.0%)
     102.6 MB / 168.3 MB ( 61.0%)
     102.6 MB / 168.3 MB ( 61.0%)
     102.6 MB / 168.3 MB ( 61.0%)
     102.6 MB / 168.3 MB ( 61.0%)
     102.6 MB / 168.3 MB ( 61.0%)
     102.7 MB / 168.3 MB ( 61.0%)
     102.7 MB / 168.3 MB ( 61.0%)
     102.7 MB / 168.3 MB ( 61.0%)
     102.7 MB / 168.3 MB ( 61.0%)
     102.7 MB / 168.3 MB ( 61.0%)
     102.7 MB / 168.3 MB ( 61.0%)
     102.7 MB / 168.3 MB ( 61.0%)
     102.7 MB / 168.3 MB ( 61.0%)
     102.7 MB / 168.3 MB ( 61.0%)
     102.7 MB / 168.3 MB ( 61.0%)
     102.7 MB / 168.3 MB ( 61.1%)
     102.7 MB / 168.3 MB ( 61.1%)
     102.8 MB / 168.3 MB ( 61.1%)
     102.8 MB / 168.3 MB ( 61.1%)
     102.8 MB / 168.3 MB ( 61.1%)
     102.8 MB / 168.3 MB ( 61.1%)
     102.8 MB / 168.3 MB ( 61.1%)
     102.8 MB / 168.3 MB ( 61.1%)
     102.8 MB / 168.3 MB ( 61.1%)
     102.8 MB / 168.3 MB ( 61.1%)
     102.8 MB / 168.3 MB ( 61.1%)
     102.8 MB / 168.3 MB ( 61.1%)
     102.8 MB / 168.3 MB ( 61.1%)
     102.8 MB / 168.3 MB ( 61.1%)
     102.9 MB / 168.3 MB ( 61.1%)
     102.9 MB / 168.3 MB ( 61.1%)
     102.9 MB / 168.3 MB ( 61.1%)
     102.9 MB / 168.3 MB ( 61.1%)
     102.9 MB / 168.3 MB ( 61.1%)
     102.9 MB / 168.3 MB ( 61.1%)
     102.9 MB / 168.3 MB ( 61.1%)
     102.9 MB / 168.3 MB ( 61.2%)
     102.9 MB / 168.3 MB ( 61.2%)
     102.9 MB / 168.3 MB ( 61.2%)
     102.9 MB / 168.3 MB ( 61.2%)
     102.9 MB / 168.3 MB ( 61.2%)
     102.9 MB / 168.3 MB ( 61.2%)
     103.0 MB / 168.3 MB ( 61.2%)
     103.0 MB / 168.3 MB ( 61.2%)
     103.0 MB / 168.3 MB ( 61.2%)
     103.0 MB / 168.3 MB ( 61.2%)
     103.0 MB / 168.3 MB ( 61.2%)
     103.0 MB / 168.3 MB ( 61.2%)
     103.0 MB / 168.3 MB ( 61.2%)
     103.0 MB / 168.3 MB ( 61.2%)
     103.0 MB / 168.3 MB ( 61.2%)
     103.0 MB / 168.3 MB ( 61.2%)
     103.0 MB / 168.3 MB ( 61.2%)
     103.0 MB / 168.3 MB ( 61.2%)
     103.1 MB / 168.3 MB ( 61.2%)
     103.1 MB / 168.3 MB ( 61.2%)
     103.1 MB / 168.3 MB ( 61.2%)
     103.1 MB / 168.3 MB ( 61.3%)
     103.1 MB / 168.3 MB ( 61.3%)
     103.1 MB / 168.3 MB ( 61.3%)
     103.1 MB / 168.3 MB ( 61.3%)
     103.1 MB / 168.3 MB ( 61.3%)
     103.1 MB / 168.3 MB ( 61.3%)
     103.1 MB / 168.3 MB ( 61.3%)
     103.1 MB / 168.3 MB ( 61.3%)
     103.1 MB / 168.3 MB ( 61.3%)
     103.2 MB / 168.3 MB ( 61.3%)
     103.2 MB / 168.3 MB ( 61.3%)
     103.2 MB / 168.3 MB ( 61.3%)
     103.2 MB / 168.3 MB ( 61.3%)
     103.2 MB / 168.3 MB ( 61.3%)
     103.2 MB / 168.3 MB ( 61.3%)
     103.2 MB / 168.3 MB ( 61.3%)
     103.2 MB / 168.3 MB ( 61.3%)
     103.2 MB / 168.3 MB ( 61.3%)
     103.2 MB / 168.3 MB ( 61.3%)
     103.2 MB / 168.3 MB ( 61.3%)
     103.2 MB / 168.3 MB ( 61.4%)
     103.3 MB / 168.3 MB ( 61.4%)
     103.3 MB / 168.3 MB ( 61.4%)
     103.3 MB / 168.3 MB ( 61.4%)
     103.3 MB / 168.3 MB ( 61.4%)
     103.3 MB / 168.3 MB ( 61.4%)
     103.3 MB / 168.3 MB ( 61.4%)
     103.3 MB / 168.3 MB ( 61.4%)
     103.3 MB / 168.3 MB ( 61.4%)
     103.3 MB / 168.3 MB ( 61.4%)
     103.3 MB / 168.3 MB ( 61.4%)
     103.3 MB / 168.3 MB ( 61.4%)
     103.3 MB / 168.3 MB ( 61.4%)
     103.4 MB / 168.3 MB ( 61.4%)
     103.4 MB / 168.3 MB ( 61.4%)
     103.4 MB / 168.3 MB ( 61.4%)
     103.4 MB / 168.3 MB ( 61.4%)
     103.4 MB / 168.3 MB ( 61.4%)
     103.4 MB / 168.3 MB ( 61.4%)
     103.4 MB / 168.3 MB ( 61.4%)
     103.4 MB / 168.3 MB ( 61.4%)
     103.4 MB / 168.3 MB ( 61.5%)
     103.4 MB / 168.3 MB ( 61.5%)
     103.4 MB / 168.3 MB ( 61.5%)
     103.4 MB / 168.3 MB ( 61.5%)
     103.4 MB / 168.3 MB ( 61.5%)
     103.5 MB / 168.3 MB ( 61.5%)
     103.5 MB / 168.3 MB ( 61.5%)
     103.5 MB / 168.3 MB ( 61.5%)
     103.5 MB / 168.3 MB ( 61.5%)
     103.5 MB / 168.3 MB ( 61.5%)
     103.5 MB / 168.3 MB ( 61.5%)
     103.5 MB / 168.3 MB ( 61.5%)
     103.5 MB / 168.3 MB ( 61.5%)
     103.5 MB / 168.3 MB ( 61.5%)
     103.5 MB / 168.3 MB ( 61.5%)
     103.5 MB / 168.3 MB ( 61.5%)
     103.5 MB / 168.3 MB ( 61.5%)
     103.6 MB / 168.3 MB ( 61.5%)
     103.6 MB / 168.3 MB ( 61.5%)
     103.6 MB / 168.3 MB ( 61.5%)
     103.6 MB / 168.3 MB ( 61.6%)
     103.6 MB / 168.3 MB ( 61.6%)
     103.6 MB / 168.3 MB ( 61.6%)
     103.6 MB / 168.3 MB ( 61.6%)
     103.6 MB / 168.3 MB ( 61.6%)
     103.6 MB / 168.3 MB ( 61.6%)
     103.6 MB / 168.3 MB ( 61.6%)
     103.6 MB / 168.3 MB ( 61.6%)
     103.6 MB / 168.3 MB ( 61.6%)
     103.7 MB / 168.3 MB ( 61.6%)
     103.7 MB / 168.3 MB ( 61.6%)
     103.7 MB / 168.3 MB ( 61.6%)
     103.7 MB / 168.3 MB ( 61.6%)
     103.7 MB / 168.3 MB ( 61.6%)
     103.7 MB / 168.3 MB ( 61.6%)
     103.7 MB / 168.3 MB ( 61.6%)
     103.7 MB / 168.3 MB ( 61.6%)
     103.7 MB / 168.3 MB ( 61.6%)
     103.7 MB / 168.3 MB ( 61.6%)
     103.7 MB / 168.3 MB ( 61.6%)
     103.7 MB / 168.3 MB ( 61.6%)
     103.8 MB / 168.3 MB ( 61.7%)
     103.8 MB / 168.3 MB ( 61.7%)
     103.8 MB / 168.3 MB ( 61.7%)
     103.8 MB / 168.3 MB ( 61.7%)
     103.8 MB / 168.3 MB ( 61.7%)
     103.8 MB / 168.3 MB ( 61.7%)
     103.8 MB / 168.3 MB ( 61.7%)
     103.8 MB / 168.3 MB ( 61.7%)
     103.8 MB / 168.3 MB ( 61.7%)
     103.8 MB / 168.3 MB ( 61.7%)
     103.8 MB / 168.3 MB ( 61.7%)
     103.8 MB / 168.3 MB ( 61.7%)
     103.8 MB / 168.3 MB ( 61.7%)
     103.9 MB / 168.3 MB ( 61.7%)
     103.9 MB / 168.3 MB ( 61.7%)
     103.9 MB / 168.3 MB ( 61.7%)
     103.9 MB / 168.3 MB ( 61.7%)
     103.9 MB / 168.3 MB ( 61.7%)
     103.9 MB / 168.3 MB ( 61.7%)
     103.9 MB / 168.3 MB ( 61.7%)
     103.9 MB / 168.3 MB ( 61.8%)
     103.9 MB / 168.3 MB ( 61.8%)
     103.9 MB / 168.3 MB ( 61.8%)
     103.9 MB / 168.3 MB ( 61.8%)
     103.9 MB / 168.3 MB ( 61.8%)
     104.0 MB / 168.3 MB ( 61.8%)
     104.0 MB / 168.3 MB ( 61.8%)
     104.0 MB / 168.3 MB ( 61.8%)
     104.0 MB / 168.3 MB ( 61.8%)
     104.0 MB / 168.3 MB ( 61.8%)
     104.0 MB / 168.3 MB ( 61.8%)
     104.0 MB / 168.3 MB ( 61.8%)
     104.0 MB / 168.3 MB ( 61.8%)
     104.0 MB / 168.3 MB ( 61.8%)
     104.0 MB / 168.3 MB ( 61.8%)
     104.0 MB / 168.3 MB ( 61.8%)
     104.0 MB / 168.3 MB ( 61.8%)
     104.1 MB / 168.3 MB ( 61.8%)
     104.1 MB / 168.3 MB ( 61.8%)
     104.1 MB / 168.3 MB ( 61.8%)
     104.1 MB / 168.3 MB ( 61.8%)
     104.1 MB / 168.3 MB ( 61.9%)
     104.1 MB / 168.3 MB ( 61.9%)
     104.1 MB / 168.3 MB ( 61.9%)
     104.1 MB / 168.3 MB ( 61.9%)
     104.1 MB / 168.3 MB ( 61.9%)
     104.1 MB / 168.3 MB ( 61.9%)
     104.1 MB / 168.3 MB ( 61.9%)
     104.1 MB / 168.3 MB ( 61.9%)
     104.2 MB / 168.3 MB ( 61.9%)
     104.2 MB / 168.3 MB ( 61.9%)
     104.2 MB / 168.3 MB ( 61.9%)
     104.2 MB / 168.3 MB ( 61.9%)
     104.2 MB / 168.3 MB ( 61.9%)
     104.2 MB / 168.3 MB ( 61.9%)
     104.2 MB / 168.3 MB ( 61.9%)
     104.2 MB / 168.3 MB ( 61.9%)
     104.2 MB / 168.3 MB ( 61.9%)
     104.2 MB / 168.3 MB ( 61.9%)
     104.2 MB / 168.3 MB ( 61.9%)
     104.2 MB / 168.3 MB ( 61.9%)
     104.3 MB / 168.3 MB ( 62.0%)
     104.3 MB / 168.3 MB ( 62.0%)
     104.3 MB / 168.3 MB ( 62.0%)
     104.3 MB / 168.3 MB ( 62.0%)
     104.3 MB / 168.3 MB ( 62.0%)
     104.3 MB / 168.3 MB ( 62.0%)
     104.3 MB / 168.3 MB ( 62.0%)
     104.3 MB / 168.3 MB ( 62.0%)
     104.3 MB / 168.3 MB ( 62.0%)
     104.3 MB / 168.3 MB ( 62.0%)
     104.3 MB / 168.3 MB ( 62.0%)
     104.3 MB / 168.3 MB ( 62.0%)
     104.3 MB / 168.3 MB ( 62.0%)
     104.4 MB / 168.3 MB ( 62.0%)
     104.4 MB / 168.3 MB ( 62.0%)
     104.4 MB / 168.3 MB ( 62.0%)
     104.4 MB / 168.3 MB ( 62.0%)
     104.4 MB / 168.3 MB ( 62.0%)
     104.4 MB / 168.3 MB ( 62.0%)
     104.4 MB / 168.3 MB ( 62.0%)
     104.4 MB / 168.3 MB ( 62.0%)
     104.4 MB / 168.3 MB ( 62.1%)
     104.4 MB / 168.3 MB ( 62.1%)
     104.4 MB / 168.3 MB ( 62.1%)
     104.4 MB / 168.3 MB ( 62.1%)
     104.5 MB / 168.3 MB ( 62.1%)
     104.5 MB / 168.3 MB ( 62.1%)
     104.5 MB / 168.3 MB ( 62.1%)
     104.5 MB / 168.3 MB ( 62.1%)
     104.5 MB / 168.3 MB ( 62.1%)
     104.5 MB / 168.3 MB ( 62.1%)
     104.5 MB / 168.3 MB ( 62.1%)
     104.5 MB / 168.3 MB ( 62.1%)
     104.5 MB / 168.3 MB ( 62.1%)
     104.5 MB / 168.3 MB ( 62.1%)
     104.5 MB / 168.3 MB ( 62.1%)
     104.5 MB / 168.3 MB ( 62.1%)
     104.6 MB / 168.3 MB ( 62.1%)
     104.6 MB / 168.3 MB ( 62.1%)
     104.6 MB / 168.3 MB ( 62.1%)
     104.6 MB / 168.3 MB ( 62.1%)
     104.6 MB / 168.3 MB ( 62.2%)
     104.6 MB / 168.3 MB ( 62.2%)
     104.6 MB / 168.3 MB ( 62.2%)
     104.6 MB / 168.3 MB ( 62.2%)
     104.6 MB / 168.3 MB ( 62.2%)
     104.6 MB / 168.3 MB ( 62.2%)
     104.6 MB / 168.3 MB ( 62.2%)
     104.6 MB / 168.3 MB ( 62.2%)
     104.7 MB / 168.3 MB ( 62.2%)
     104.7 MB / 168.3 MB ( 62.2%)
     104.7 MB / 168.3 MB ( 62.2%)
     104.7 MB / 168.3 MB ( 62.2%)
     104.7 MB / 168.3 MB ( 62.2%)
     104.7 MB / 168.3 MB ( 62.2%)
     104.7 MB / 168.3 MB ( 62.2%)
     104.7 MB / 168.3 MB ( 62.2%)
     104.7 MB / 168.3 MB ( 62.2%)
     104.7 MB / 168.3 MB ( 62.2%)
     104.7 MB / 168.3 MB ( 62.2%)
     104.7 MB / 168.3 MB ( 62.2%)
     104.8 MB / 168.3 MB ( 62.2%)
     104.8 MB / 168.3 MB ( 62.3%)
     104.8 MB / 168.3 MB ( 62.3%)
     104.8 MB / 168.3 MB ( 62.3%)
     104.8 MB / 168.3 MB ( 62.3%)
     104.8 MB / 168.3 MB ( 62.3%)
     104.8 MB / 168.3 MB ( 62.3%)
     104.8 MB / 168.3 MB ( 62.3%)
     104.8 MB / 168.3 MB ( 62.3%)
     104.8 MB / 168.3 MB ( 62.3%)
     104.8 MB / 168.3 MB ( 62.3%)
     104.8 MB / 168.3 MB ( 62.3%)
     104.8 MB / 168.3 MB ( 62.3%)
     104.9 MB / 168.3 MB ( 62.3%)
     104.9 MB / 168.3 MB ( 62.3%)
     104.9 MB / 168.3 MB ( 62.3%)
     104.9 MB / 168.3 MB ( 62.3%)
     104.9 MB / 168.3 MB ( 62.3%)
     104.9 MB / 168.3 MB ( 62.3%)
     104.9 MB / 168.3 MB ( 62.3%)
     104.9 MB / 168.3 MB ( 62.3%)
     104.9 MB / 168.3 MB ( 62.4%)
     104.9 MB / 168.3 MB ( 62.4%)
     104.9 MB / 168.3 MB ( 62.4%)
     104.9 MB / 168.3 MB ( 62.4%)
     105.0 MB / 168.3 MB ( 62.4%)
     105.0 MB / 168.3 MB ( 62.4%)
     105.0 MB / 168.3 MB ( 62.4%)
     105.0 MB / 168.3 MB ( 62.4%)
     105.0 MB / 168.3 MB ( 62.4%)
     105.0 MB / 168.3 MB ( 62.4%)
     105.0 MB / 168.3 MB ( 62.4%)
     105.0 MB / 168.3 MB ( 62.4%)
     105.0 MB / 168.3 MB ( 62.4%)
     105.0 MB / 168.3 MB ( 62.4%)
     105.0 MB / 168.3 MB ( 62.4%)
     105.0 MB / 168.3 MB ( 62.4%)
     105.1 MB / 168.3 MB ( 62.4%)
     105.1 MB / 168.3 MB ( 62.4%)
     105.1 MB / 168.3 MB ( 62.4%)
     105.1 MB / 168.3 MB ( 62.4%)
     105.1 MB / 168.3 MB ( 62.4%)
     105.1 MB / 168.3 MB ( 62.5%)
     105.1 MB / 168.3 MB ( 62.5%)
     105.1 MB / 168.3 MB ( 62.5%)
     105.1 MB / 168.3 MB ( 62.5%)
     105.1 MB / 168.3 MB ( 62.5%)
     105.1 MB / 168.3 MB ( 62.5%)
     105.1 MB / 168.3 MB ( 62.5%)
     105.2 MB / 168.3 MB ( 62.5%)
     105.2 MB / 168.3 MB ( 62.5%)
     105.2 MB / 168.3 MB ( 62.5%)
     105.2 MB / 168.3 MB ( 62.5%)
     105.2 MB / 168.3 MB ( 62.5%)
     105.2 MB / 168.3 MB ( 62.5%)
     105.2 MB / 168.3 MB ( 62.5%)
     105.2 MB / 168.3 MB ( 62.5%)
     105.2 MB / 168.3 MB ( 62.5%)
     105.2 MB / 168.3 MB ( 62.5%)
     105.2 MB / 168.3 MB ( 62.5%)
     105.2 MB / 168.3 MB ( 62.5%)
     105.3 MB / 168.3 MB ( 62.5%)
     105.3 MB / 168.3 MB ( 62.5%)
     105.3 MB / 168.3 MB ( 62.6%)
     105.3 MB / 168.3 MB ( 62.6%)
     105.3 MB / 168.3 MB ( 62.6%)
     105.3 MB / 168.3 MB ( 62.6%)
     105.3 MB / 168.3 MB ( 62.6%)
     105.3 MB / 168.3 MB ( 62.6%)
     105.3 MB / 168.3 MB ( 62.6%)
     105.3 MB / 168.3 MB ( 62.6%)
     105.3 MB / 168.3 MB ( 62.6%)
     105.3 MB / 168.3 MB ( 62.6%)
     105.3 MB / 168.3 MB ( 62.6%)
     105.4 MB / 168.3 MB ( 62.6%)
     105.4 MB / 168.3 MB ( 62.6%)
     105.4 MB / 168.3 MB ( 62.6%)
     105.4 MB / 168.3 MB ( 62.6%)
     105.4 MB / 168.3 MB ( 62.6%)
     105.4 MB / 168.3 MB ( 62.6%)
     105.4 MB / 168.3 MB ( 62.6%)
     105.4 MB / 168.3 MB ( 62.6%)
     105.4 MB / 168.3 MB ( 62.6%)
     105.4 MB / 168.3 MB ( 62.7%)
     105.4 MB / 168.3 MB ( 62.7%)
     105.4 MB / 168.3 MB ( 62.7%)
     105.5 MB / 168.3 MB ( 62.7%)
     105.5 MB / 168.3 MB ( 62.7%)
     105.5 MB / 168.3 MB ( 62.7%)
     105.5 MB / 168.3 MB ( 62.7%)
     105.5 MB / 168.3 MB ( 62.7%)
     105.5 MB / 168.3 MB ( 62.7%)
     105.5 MB / 168.3 MB ( 62.7%)
     105.5 MB / 168.3 MB ( 62.7%)
     105.5 MB / 168.3 MB ( 62.7%)
     105.5 MB / 168.3 MB ( 62.7%)
     105.5 MB / 168.3 MB ( 62.7%)
     105.5 MB / 168.3 MB ( 62.7%)
     105.6 MB / 168.3 MB ( 62.7%)
     105.6 MB / 168.3 MB ( 62.7%)
     105.6 MB / 168.3 MB ( 62.7%)
     105.6 MB / 168.3 MB ( 62.7%)
     105.6 MB / 168.3 MB ( 62.7%)
     105.6 MB / 168.3 MB ( 62.7%)
     105.6 MB / 168.3 MB ( 62.8%)
     105.6 MB / 168.3 MB ( 62.8%)
     105.6 MB / 168.3 MB ( 62.8%)
     105.6 MB / 168.3 MB ( 62.8%)
     105.6 MB / 168.3 MB ( 62.8%)
     105.6 MB / 168.3 MB ( 62.8%)
     105.7 MB / 168.3 MB ( 62.8%)
     105.7 MB / 168.3 MB ( 62.8%)
     105.7 MB / 168.3 MB ( 62.8%)
     105.7 MB / 168.3 MB ( 62.8%)
     105.7 MB / 168.3 MB ( 62.8%)
     105.7 MB / 168.3 MB ( 62.8%)
     105.7 MB / 168.3 MB ( 62.8%)
     105.7 MB / 168.3 MB ( 62.8%)
     105.7 MB / 168.3 MB ( 62.8%)
     105.7 MB / 168.3 MB ( 62.8%)
     105.7 MB / 168.3 MB ( 62.8%)
     105.7 MB / 168.3 MB ( 62.8%)
     105.8 MB / 168.3 MB ( 62.8%)
     105.8 MB / 168.3 MB ( 62.8%)
     105.8 MB / 168.3 MB ( 62.9%)
     105.8 MB / 168.3 MB ( 62.9%)
     105.8 MB / 168.3 MB ( 62.9%)
     105.8 MB / 168.3 MB ( 62.9%)
     105.8 MB / 168.3 MB ( 62.9%)
     105.8 MB / 168.3 MB ( 62.9%)
     105.8 MB / 168.3 MB ( 62.9%)
     105.8 MB / 168.3 MB ( 62.9%)
     105.8 MB / 168.3 MB ( 62.9%)
     105.8 MB / 168.3 MB ( 62.9%)
     105.8 MB / 168.3 MB ( 62.9%)
     105.9 MB / 168.3 MB ( 62.9%)
     105.9 MB / 168.3 MB ( 62.9%)
     105.9 MB / 168.3 MB ( 62.9%)
     105.9 MB / 168.3 MB ( 62.9%)
     105.9 MB / 168.3 MB ( 62.9%)
     105.9 MB / 168.3 MB ( 62.9%)
     105.9 MB / 168.3 MB ( 62.9%)
     105.9 MB / 168.3 MB ( 62.9%)
     105.9 MB / 168.3 MB ( 62.9%)
     105.9 MB / 168.3 MB ( 62.9%)
     105.9 MB / 168.3 MB ( 63.0%)
     105.9 MB / 168.3 MB ( 63.0%)
     106.0 MB / 168.3 MB ( 63.0%)
     106.0 MB / 168.3 MB ( 63.0%)
     106.0 MB / 168.3 MB ( 63.0%)
     106.0 MB / 168.3 MB ( 63.0%)
     106.0 MB / 168.3 MB ( 63.0%)
     106.0 MB / 168.3 MB ( 63.0%)
     106.0 MB / 168.3 MB ( 63.0%)
     106.0 MB / 168.3 MB ( 63.0%)
     106.0 MB / 168.3 MB ( 63.0%)
     106.0 MB / 168.3 MB ( 63.0%)
     106.0 MB / 168.3 MB ( 63.0%)
     106.0 MB / 168.3 MB ( 63.0%)
     106.1 MB / 168.3 MB ( 63.0%)
     106.1 MB / 168.3 MB ( 63.0%)
     106.1 MB / 168.3 MB ( 63.0%)
     106.1 MB / 168.3 MB ( 63.0%)
     106.1 MB / 168.3 MB ( 63.0%)
     106.1 MB / 168.3 MB ( 63.0%)
     106.1 MB / 168.3 MB ( 63.1%)
     106.1 MB / 168.3 MB ( 63.1%)
     106.1 MB / 168.3 MB ( 63.1%)
     106.1 MB / 168.3 MB ( 63.1%)
     106.1 MB / 168.3 MB ( 63.1%)
     106.1 MB / 168.3 MB ( 63.1%)
     106.2 MB / 168.3 MB ( 63.1%)
     106.2 MB / 168.3 MB ( 63.1%)
     106.2 MB / 168.3 MB ( 63.1%)
     106.2 MB / 168.3 MB ( 63.1%)
     106.2 MB / 168.3 MB ( 63.1%)
     106.2 MB / 168.3 MB ( 63.1%)
     106.2 MB / 168.3 MB ( 63.1%)
     106.2 MB / 168.3 MB ( 63.1%)
     106.2 MB / 168.3 MB ( 63.1%)
     106.2 MB / 168.3 MB ( 63.1%)
     106.2 MB / 168.3 MB ( 63.1%)
     106.2 MB / 168.3 MB ( 63.1%)
     106.3 MB / 168.3 MB ( 63.1%)
     106.3 MB / 168.3 MB ( 63.1%)
     106.3 MB / 168.3 MB ( 63.1%)
     106.3 MB / 168.3 MB ( 63.2%)
     106.3 MB / 168.3 MB ( 63.2%)
     106.3 MB / 168.3 MB ( 63.2%)
     106.3 MB / 168.3 MB ( 63.2%)
     106.3 MB / 168.3 MB ( 63.2%)
     106.3 MB / 168.3 MB ( 63.2%)
     106.3 MB / 168.3 MB ( 63.2%)
     106.3 MB / 168.3 MB ( 63.2%)
     106.3 MB / 168.3 MB ( 63.2%)
     106.3 MB / 168.3 MB ( 63.2%)
     106.4 MB / 168.3 MB ( 63.2%)
     106.4 MB / 168.3 MB ( 63.2%)
     106.4 MB / 168.3 MB ( 63.2%)
     106.4 MB / 168.3 MB ( 63.2%)
     106.4 MB / 168.3 MB ( 63.2%)
     106.4 MB / 168.3 MB ( 63.2%)
     106.4 MB / 168.3 MB ( 63.2%)
     106.4 MB / 168.3 MB ( 63.2%)
     106.4 MB / 168.3 MB ( 63.2%)
     106.4 MB / 168.3 MB ( 63.2%)
     106.4 MB / 168.3 MB ( 63.3%)
     106.4 MB / 168.3 MB ( 63.3%)
     106.5 MB / 168.3 MB ( 63.3%)
     106.5 MB / 168.3 MB ( 63.3%)
     106.5 MB / 168.3 MB ( 63.3%)
     106.5 MB / 168.3 MB ( 63.3%)
     106.5 MB / 168.3 MB ( 63.3%)
     106.5 MB / 168.3 MB ( 63.3%)
     106.5 MB / 168.3 MB ( 63.3%)
     106.5 MB / 168.3 MB ( 63.3%)
     106.5 MB / 168.3 MB ( 63.3%)
     106.5 MB / 168.3 MB ( 63.3%)
     106.5 MB / 168.3 MB ( 63.3%)
     106.5 MB / 168.3 MB ( 63.3%)
     106.6 MB / 168.3 MB ( 63.3%)
     106.6 MB / 168.3 MB ( 63.3%)
     106.6 MB / 168.3 MB ( 63.3%)
     106.6 MB / 168.3 MB ( 63.3%)
     106.6 MB / 168.3 MB ( 63.3%)
     106.6 MB / 168.3 MB ( 63.3%)
     106.6 MB / 168.3 MB ( 63.3%)
     106.6 MB / 168.3 MB ( 63.4%)
     106.6 MB / 168.3 MB ( 63.4%)
     106.6 MB / 168.3 MB ( 63.4%)
     106.6 MB / 168.3 MB ( 63.4%)
     106.6 MB / 168.3 MB ( 63.4%)
     106.7 MB / 168.3 MB ( 63.4%)
     106.7 MB / 168.3 MB ( 63.4%)
     106.7 MB / 168.3 MB ( 63.4%)
     106.7 MB / 168.3 MB ( 63.4%)
     106.7 MB / 168.3 MB ( 63.4%)
     106.7 MB / 168.3 MB ( 63.4%)
     106.7 MB / 168.3 MB ( 63.4%)
     106.7 MB / 168.3 MB ( 63.4%)
     106.7 MB / 168.3 MB ( 63.4%)
     106.7 MB / 168.3 MB ( 63.4%)
     106.7 MB / 168.3 MB ( 63.4%)
     106.7 MB / 168.3 MB ( 63.4%)
     106.7 MB / 168.3 MB ( 63.4%)
     106.8 MB / 168.3 MB ( 63.4%)
     106.8 MB / 168.3 MB ( 63.4%)
     106.8 MB / 168.3 MB ( 63.5%)
     106.8 MB / 168.3 MB ( 63.5%)
     106.8 MB / 168.3 MB ( 63.5%)
     106.8 MB / 168.3 MB ( 63.5%)
     106.8 MB / 168.3 MB ( 63.5%)
     106.8 MB / 168.3 MB ( 63.5%)
     106.8 MB / 168.3 MB ( 63.5%)
     106.8 MB / 168.3 MB ( 63.5%)
     106.8 MB / 168.3 MB ( 63.5%)
     106.8 MB / 168.3 MB ( 63.5%)
     106.9 MB / 168.3 MB ( 63.5%)
     106.9 MB / 168.3 MB ( 63.5%)
     106.9 MB / 168.3 MB ( 63.5%)
     106.9 MB / 168.3 MB ( 63.5%)
     106.9 MB / 168.3 MB ( 63.5%)
     106.9 MB / 168.3 MB ( 63.5%)
     106.9 MB / 168.3 MB ( 63.5%)
     106.9 MB / 168.3 MB ( 63.5%)
     106.9 MB / 168.3 MB ( 63.5%)
     106.9 MB / 168.3 MB ( 63.5%)
     106.9 MB / 168.3 MB ( 63.5%)
     106.9 MB / 168.3 MB ( 63.6%)
     107.0 MB / 168.3 MB ( 63.6%)
     107.0 MB / 168.3 MB ( 63.6%)
     107.0 MB / 168.3 MB ( 63.6%)
     107.0 MB / 168.3 MB ( 63.6%)
     107.0 MB / 168.3 MB ( 63.6%)
     107.0 MB / 168.3 MB ( 63.6%)
     107.0 MB / 168.3 MB ( 63.6%)
     107.0 MB / 168.3 MB ( 63.6%)
     107.0 MB / 168.3 MB ( 63.6%)
     107.0 MB / 168.3 MB ( 63.6%)
     107.0 MB / 168.3 MB ( 63.6%)
     107.0 MB / 168.3 MB ( 63.6%)
     107.1 MB / 168.3 MB ( 63.6%)
     107.1 MB / 168.3 MB ( 63.6%)
     107.1 MB / 168.3 MB ( 63.6%)
     107.1 MB / 168.3 MB ( 63.6%)
     107.1 MB / 168.3 MB ( 63.6%)
     107.1 MB / 168.3 MB ( 63.6%)
     107.1 MB / 168.3 MB ( 63.6%)
     107.1 MB / 168.3 MB ( 63.6%)
     107.1 MB / 168.3 MB ( 63.7%)
     107.1 MB / 168.3 MB ( 63.7%)
     107.1 MB / 168.3 MB ( 63.7%)
     107.1 MB / 168.3 MB ( 63.7%)
     107.2 MB / 168.3 MB ( 63.7%)
     107.2 MB / 168.3 MB ( 63.7%)
     107.2 MB / 168.3 MB ( 63.7%)
     107.2 MB / 168.3 MB ( 63.7%)
     107.2 MB / 168.3 MB ( 63.7%)
     107.2 MB / 168.3 MB ( 63.7%)
     107.2 MB / 168.3 MB ( 63.7%)
     107.2 MB / 168.3 MB ( 63.7%)
     107.2 MB / 168.3 MB ( 63.7%)
     107.2 MB / 168.3 MB ( 63.7%)
     107.2 MB / 168.3 MB ( 63.7%)
     107.2 MB / 168.3 MB ( 63.7%)
     107.2 MB / 168.3 MB ( 63.7%)
     107.3 MB / 168.3 MB ( 63.7%)
     107.3 MB / 168.3 MB ( 63.7%)
     107.3 MB / 168.3 MB ( 63.7%)
     107.3 MB / 168.3 MB ( 63.8%)
     107.3 MB / 168.3 MB ( 63.8%)
     107.3 MB / 168.3 MB ( 63.8%)
     107.3 MB / 168.3 MB ( 63.8%)
     107.3 MB / 168.3 MB ( 63.8%)
     107.3 MB / 168.3 MB ( 63.8%)
     107.3 MB / 168.3 MB ( 63.8%)
     107.3 MB / 168.3 MB ( 63.8%)
     107.3 MB / 168.3 MB ( 63.8%)
     107.4 MB / 168.3 MB ( 63.8%)
     107.4 MB / 168.3 MB ( 63.8%)
     107.4 MB / 168.3 MB ( 63.8%)
     107.4 MB / 168.3 MB ( 63.8%)
     107.4 MB / 168.3 MB ( 63.8%)
     107.4 MB / 168.3 MB ( 63.8%)
     107.4 MB / 168.3 MB ( 63.8%)
     107.4 MB / 168.3 MB ( 63.8%)
     107.4 MB / 168.3 MB ( 63.8%)
     107.4 MB / 168.3 MB ( 63.8%)
     107.4 MB / 168.3 MB ( 63.8%)
     107.4 MB / 168.3 MB ( 63.8%)
     107.5 MB / 168.3 MB ( 63.9%)
     107.5 MB / 168.3 MB ( 63.9%)
     107.5 MB / 168.3 MB ( 63.9%)
     107.5 MB / 168.3 MB ( 63.9%)
     107.5 MB / 168.3 MB ( 63.9%)
     107.5 MB / 168.3 MB ( 63.9%)
     107.5 MB / 168.3 MB ( 63.9%)
     107.5 MB / 168.3 MB ( 63.9%)
     107.5 MB / 168.3 MB ( 63.9%)
     107.5 MB / 168.3 MB ( 63.9%)
     107.5 MB / 168.3 MB ( 63.9%)
     107.5 MB / 168.3 MB ( 63.9%)
     107.6 MB / 168.3 MB ( 63.9%)
     107.6 MB / 168.3 MB ( 63.9%)
     107.6 MB / 168.3 MB ( 63.9%)
     107.6 MB / 168.3 MB ( 63.9%)
     107.6 MB / 168.3 MB ( 63.9%)
     107.6 MB / 168.3 MB ( 63.9%)
     107.6 MB / 168.3 MB ( 63.9%)
     107.6 MB / 168.3 MB ( 63.9%)
     107.6 MB / 168.3 MB ( 64.0%)
     107.6 MB / 168.3 MB ( 64.0%)
     107.6 MB / 168.3 MB ( 64.0%)
     107.6 MB / 168.3 MB ( 64.0%)
     107.7 MB / 168.3 MB ( 64.0%)
     107.7 MB / 168.3 MB ( 64.0%)
     107.7 MB / 168.3 MB ( 64.0%)
     107.7 MB / 168.3 MB ( 64.0%)
     107.7 MB / 168.3 MB ( 64.0%)
     107.7 MB / 168.3 MB ( 64.0%)
     107.7 MB / 168.3 MB ( 64.0%)
     107.7 MB / 168.3 MB ( 64.0%)
     107.7 MB / 168.3 MB ( 64.0%)
     107.7 MB / 168.3 MB ( 64.0%)
     107.7 MB / 168.3 MB ( 64.0%)
     107.7 MB / 168.3 MB ( 64.0%)
     107.7 MB / 168.3 MB ( 64.0%)
     107.8 MB / 168.3 MB ( 64.0%)
     107.8 MB / 168.3 MB ( 64.0%)
     107.8 MB / 168.3 MB ( 64.0%)
     107.8 MB / 168.3 MB ( 64.0%)
     107.8 MB / 168.3 MB ( 64.1%)
     107.8 MB / 168.3 MB ( 64.1%)
     107.8 MB / 168.3 MB ( 64.1%)
     107.8 MB / 168.3 MB ( 64.1%)
     107.8 MB / 168.3 MB ( 64.1%)
     107.8 MB / 168.3 MB ( 64.1%)
     107.8 MB / 168.3 MB ( 64.1%)
     107.8 MB / 168.3 MB ( 64.1%)
     107.9 MB / 168.3 MB ( 64.1%)
     107.9 MB / 168.3 MB ( 64.1%)
     107.9 MB / 168.3 MB ( 64.1%)
     107.9 MB / 168.3 MB ( 64.1%)
     107.9 MB / 168.3 MB ( 64.1%)
     107.9 MB / 168.3 MB ( 64.1%)
     107.9 MB / 168.3 MB ( 64.1%)
     107.9 MB / 168.3 MB ( 64.1%)
     107.9 MB / 168.3 MB ( 64.1%)
     107.9 MB / 168.3 MB ( 64.1%)
     107.9 MB / 168.3 MB ( 64.1%)
     107.9 MB / 168.3 MB ( 64.1%)
     108.0 MB / 168.3 MB ( 64.2%)
     108.0 MB / 168.3 MB ( 64.2%)
     108.0 MB / 168.3 MB ( 64.2%)
     108.0 MB / 168.3 MB ( 64.2%)
     108.0 MB / 168.3 MB ( 64.2%)
     108.0 MB / 168.3 MB ( 64.2%)
     108.0 MB / 168.3 MB ( 64.2%)
     108.0 MB / 168.3 MB ( 64.2%)
     108.0 MB / 168.3 MB ( 64.2%)
     108.0 MB / 168.3 MB ( 64.2%)
     108.0 MB / 168.3 MB ( 64.2%)
     108.0 MB / 168.3 MB ( 64.2%)
     108.1 MB / 168.3 MB ( 64.2%)
     108.1 MB / 168.3 MB ( 64.2%)
     108.1 MB / 168.3 MB ( 64.2%)
     108.1 MB / 168.3 MB ( 64.2%)
     108.1 MB / 168.3 MB ( 64.2%)
     108.1 MB / 168.3 MB ( 64.2%)
     108.1 MB / 168.3 MB ( 64.2%)
     108.1 MB / 168.3 MB ( 64.2%)
     108.1 MB / 168.3 MB ( 64.2%)
     108.1 MB / 168.3 MB ( 64.3%)
     108.1 MB / 168.3 MB ( 64.3%)
     108.1 MB / 168.3 MB ( 64.3%)
     108.2 MB / 168.3 MB ( 64.3%)
     108.2 MB / 168.3 MB ( 64.3%)
     108.2 MB / 168.3 MB ( 64.3%)
     108.2 MB / 168.3 MB ( 64.3%)
     108.2 MB / 168.3 MB ( 64.3%)
     108.2 MB / 168.3 MB ( 64.3%)
     108.2 MB / 168.3 MB ( 64.3%)
     108.2 MB / 168.3 MB ( 64.3%)
     108.2 MB / 168.3 MB ( 64.3%)
     108.2 MB / 168.3 MB ( 64.3%)
     108.2 MB / 168.3 MB ( 64.3%)
     108.2 MB / 168.3 MB ( 64.3%)
     108.2 MB / 168.3 MB ( 64.3%)
     108.3 MB / 168.3 MB ( 64.3%)
     108.3 MB / 168.3 MB ( 64.3%)
     108.3 MB / 168.3 MB ( 64.3%)
     108.3 MB / 168.3 MB ( 64.3%)
     108.3 MB / 168.3 MB ( 64.4%)
     108.3 MB / 168.3 MB ( 64.4%)
     108.3 MB / 168.3 MB ( 64.4%)
     108.3 MB / 168.3 MB ( 64.4%)
     108.3 MB / 168.3 MB ( 64.4%)
     108.3 MB / 168.3 MB ( 64.4%)
     108.3 MB / 168.3 MB ( 64.4%)
     108.3 MB / 168.3 MB ( 64.4%)
     108.4 MB / 168.3 MB ( 64.4%)
     108.4 MB / 168.3 MB ( 64.4%)
     108.4 MB / 168.3 MB ( 64.4%)
     108.4 MB / 168.3 MB ( 64.4%)
     108.4 MB / 168.3 MB ( 64.4%)
     108.4 MB / 168.3 MB ( 64.4%)
     108.4 MB / 168.3 MB ( 64.4%)
     108.4 MB / 168.3 MB ( 64.4%)
     108.4 MB / 168.3 MB ( 64.4%)
     108.4 MB / 168.3 MB ( 64.4%)
     108.4 MB / 168.3 MB ( 64.4%)
     108.4 MB / 168.3 MB ( 64.4%)
     108.5 MB / 168.3 MB ( 64.4%)
     108.5 MB / 168.3 MB ( 64.5%)
     108.5 MB / 168.3 MB ( 64.5%)
     108.5 MB / 168.3 MB ( 64.5%)
     108.5 MB / 168.3 MB ( 64.5%)
     108.5 MB / 168.3 MB ( 64.5%)
     108.5 MB / 168.3 MB ( 64.5%)
     108.5 MB / 168.3 MB ( 64.5%)
     108.5 MB / 168.3 MB ( 64.5%)
     108.5 MB / 168.3 MB ( 64.5%)
     108.5 MB / 168.3 MB ( 64.5%)
     108.5 MB / 168.3 MB ( 64.5%)
     108.6 MB / 168.3 MB ( 64.5%)
     108.6 MB / 168.3 MB ( 64.5%)
     108.6 MB / 168.3 MB ( 64.5%)
     108.6 MB / 168.3 MB ( 64.5%)
     108.6 MB / 168.3 MB ( 64.5%)
     108.6 MB / 168.3 MB ( 64.5%)
     108.6 MB / 168.3 MB ( 64.5%)
     108.6 MB / 168.3 MB ( 64.5%)
     108.6 MB / 168.3 MB ( 64.5%)
     108.6 MB / 168.3 MB ( 64.6%)
     108.6 MB / 168.3 MB ( 64.6%)
     108.6 MB / 168.3 MB ( 64.6%)
     108.7 MB / 168.3 MB ( 64.6%)
     108.7 MB / 168.3 MB ( 64.6%)
     108.7 MB / 168.3 MB ( 64.6%)
     108.7 MB / 168.3 MB ( 64.6%)
     108.7 MB / 168.3 MB ( 64.6%)
     108.7 MB / 168.3 MB ( 64.6%)
     108.7 MB / 168.3 MB ( 64.6%)
     108.7 MB / 168.3 MB ( 64.6%)
     108.7 MB / 168.3 MB ( 64.6%)
     108.7 MB / 168.3 MB ( 64.6%)
     108.7 MB / 168.3 MB ( 64.6%)
     108.7 MB / 168.3 MB ( 64.6%)
     108.7 MB / 168.3 MB ( 64.6%)
     108.8 MB / 168.3 MB ( 64.6%)
     108.8 MB / 168.3 MB ( 64.6%)
     108.8 MB / 168.3 MB ( 64.6%)
     108.8 MB / 168.3 MB ( 64.6%)
     108.8 MB / 168.3 MB ( 64.6%)
     108.8 MB / 168.3 MB ( 64.7%)
     108.8 MB / 168.3 MB ( 64.7%)
     108.8 MB / 168.3 MB ( 64.7%)
     108.8 MB / 168.3 MB ( 64.7%)
     108.8 MB / 168.3 MB ( 64.7%)
     108.8 MB / 168.3 MB ( 64.7%)
     108.8 MB / 168.3 MB ( 64.7%)
     108.9 MB / 168.3 MB ( 64.7%)
     108.9 MB / 168.3 MB ( 64.7%)
     108.9 MB / 168.3 MB ( 64.7%)
     108.9 MB / 168.3 MB ( 64.7%)
     108.9 MB / 168.3 MB ( 64.7%)
     108.9 MB / 168.3 MB ( 64.7%)
     108.9 MB / 168.3 MB ( 64.7%)
     108.9 MB / 168.3 MB ( 64.7%)
     108.9 MB / 168.3 MB ( 64.7%)
     108.9 MB / 168.3 MB ( 64.7%)
     108.9 MB / 168.3 MB ( 64.7%)
     108.9 MB / 168.3 MB ( 64.7%)
     109.0 MB / 168.3 MB ( 64.7%)
     109.0 MB / 168.3 MB ( 64.8%)
     109.0 MB / 168.3 MB ( 64.8%)
     109.0 MB / 168.3 MB ( 64.8%)
     109.0 MB / 168.3 MB ( 64.8%)
     109.0 MB / 168.3 MB ( 64.8%)
     109.0 MB / 168.3 MB ( 64.8%)
     109.0 MB / 168.3 MB ( 64.8%)
     109.0 MB / 168.3 MB ( 64.8%)
     109.0 MB / 168.3 MB ( 64.8%)
     109.0 MB / 168.3 MB ( 64.8%)
     109.0 MB / 168.3 MB ( 64.8%)
     109.1 MB / 168.3 MB ( 64.8%)
     109.1 MB / 168.3 MB ( 64.8%)
     109.1 MB / 168.3 MB ( 64.8%)
     109.1 MB / 168.3 MB ( 64.8%)
     109.1 MB / 168.3 MB ( 64.8%)
     109.1 MB / 168.3 MB ( 64.8%)
     109.1 MB / 168.3 MB ( 64.8%)
     109.1 MB / 168.3 MB ( 64.8%)
     109.1 MB / 168.3 MB ( 64.8%)
     109.1 MB / 168.3 MB ( 64.8%)
     109.1 MB / 168.3 MB ( 64.9%)
     109.1 MB / 168.3 MB ( 64.9%)
     109.2 MB / 168.3 MB ( 64.9%)
     109.2 MB / 168.3 MB ( 64.9%)
     109.2 MB / 168.3 MB ( 64.9%)
     109.2 MB / 168.3 MB ( 64.9%)
     109.2 MB / 168.3 MB ( 64.9%)
     109.2 MB / 168.3 MB ( 64.9%)
     109.2 MB / 168.3 MB ( 64.9%)
     109.2 MB / 168.3 MB ( 64.9%)
     109.2 MB / 168.3 MB ( 64.9%)
     109.2 MB / 168.3 MB ( 64.9%)
     109.2 MB / 168.3 MB ( 64.9%)
     109.2 MB / 168.3 MB ( 64.9%)
     109.2 MB / 168.3 MB ( 64.9%)
     109.3 MB / 168.3 MB ( 64.9%)
     109.3 MB / 168.3 MB ( 64.9%)
     109.3 MB / 168.3 MB ( 64.9%)
     109.3 MB / 168.3 MB ( 64.9%)
     109.3 MB / 168.3 MB ( 64.9%)
     109.3 MB / 168.3 MB ( 64.9%)
     109.3 MB / 168.3 MB ( 65.0%)
     109.3 MB / 168.3 MB ( 65.0%)
     109.3 MB / 168.3 MB ( 65.0%)
     109.3 MB / 168.3 MB ( 65.0%)
     109.3 MB / 168.3 MB ( 65.0%)
     109.3 MB / 168.3 MB ( 65.0%)
     109.4 MB / 168.3 MB ( 65.0%)
     109.4 MB / 168.3 MB ( 65.0%)
     109.4 MB / 168.3 MB ( 65.0%)
     109.4 MB / 168.3 MB ( 65.0%)
     109.4 MB / 168.3 MB ( 65.0%)
     109.4 MB / 168.3 MB ( 65.0%)
     109.4 MB / 168.3 MB ( 65.0%)
     109.4 MB / 168.3 MB ( 65.0%)
     109.4 MB / 168.3 MB ( 65.0%)
     109.4 MB / 168.3 MB ( 65.0%)
     109.4 MB / 168.3 MB ( 65.0%)
     109.4 MB / 168.3 MB ( 65.0%)
     109.5 MB / 168.3 MB ( 65.0%)
     109.5 MB / 168.3 MB ( 65.0%)
     109.5 MB / 168.3 MB ( 65.1%)
     109.5 MB / 168.3 MB ( 65.1%)
     109.5 MB / 168.3 MB ( 65.1%)
     109.5 MB / 168.3 MB ( 65.1%)
     109.5 MB / 168.3 MB ( 65.1%)
     109.5 MB / 168.3 MB ( 65.1%)
     109.5 MB / 168.3 MB ( 65.1%)
     109.5 MB / 168.3 MB ( 65.1%)
     109.5 MB / 168.3 MB ( 65.1%)
     109.5 MB / 168.3 MB ( 65.1%)
     109.6 MB / 168.3 MB ( 65.1%)
     109.6 MB / 168.3 MB ( 65.1%)
     109.6 MB / 168.3 MB ( 65.1%)
     109.6 MB / 168.3 MB ( 65.1%)
     109.6 MB / 168.3 MB ( 65.1%)
     109.6 MB / 168.3 MB ( 65.1%)
     109.6 MB / 168.3 MB ( 65.1%)
     109.6 MB / 168.3 MB ( 65.1%)
     109.6 MB / 168.3 MB ( 65.1%)
     109.6 MB / 168.3 MB ( 65.1%)
     109.6 MB / 168.3 MB ( 65.1%)
     109.6 MB / 168.3 MB ( 65.2%)
     109.6 MB / 168.3 MB ( 65.2%)
     109.7 MB / 168.3 MB ( 65.2%)
     109.7 MB / 168.3 MB ( 65.2%)
     109.7 MB / 168.3 MB ( 65.2%)
     109.7 MB / 168.3 MB ( 65.2%)
     109.7 MB / 168.3 MB ( 65.2%)
     109.7 MB / 168.3 MB ( 65.2%)
     109.7 MB / 168.3 MB ( 65.2%)
     109.7 MB / 168.3 MB ( 65.2%)
     109.7 MB / 168.3 MB ( 65.2%)
     109.7 MB / 168.3 MB ( 65.2%)
     109.7 MB / 168.3 MB ( 65.2%)
     109.7 MB / 168.3 MB ( 65.2%)
     109.8 MB / 168.3 MB ( 65.2%)
     109.8 MB / 168.3 MB ( 65.2%)
     109.8 MB / 168.3 MB ( 65.2%)
     109.8 MB / 168.3 MB ( 65.2%)
     109.8 MB / 168.3 MB ( 65.2%)
     109.8 MB / 168.3 MB ( 65.2%)
     109.8 MB / 168.3 MB ( 65.3%)
     109.8 MB / 168.3 MB ( 65.3%)
     109.8 MB / 168.3 MB ( 65.3%)
     109.8 MB / 168.3 MB ( 65.3%)
     109.8 MB / 168.3 MB ( 65.3%)
     109.8 MB / 168.3 MB ( 65.3%)
     109.9 MB / 168.3 MB ( 65.3%)
     109.9 MB / 168.3 MB ( 65.3%)
     109.9 MB / 168.3 MB ( 65.3%)
     109.9 MB / 168.3 MB ( 65.3%)
     109.9 MB / 168.3 MB ( 65.3%)
     109.9 MB / 168.3 MB ( 65.3%)
     109.9 MB / 168.3 MB ( 65.3%)
     109.9 MB / 168.3 MB ( 65.3%)
     109.9 MB / 168.3 MB ( 65.3%)
     109.9 MB / 168.3 MB ( 65.3%)
     109.9 MB / 168.3 MB ( 65.3%)
     109.9 MB / 168.3 MB ( 65.3%)
     110.0 MB / 168.3 MB ( 65.3%)
     110.0 MB / 168.3 MB ( 65.3%)
     110.0 MB / 168.3 MB ( 65.3%)
     110.0 MB / 168.3 MB ( 65.4%)
     110.0 MB / 168.3 MB ( 65.4%)
     110.0 MB / 168.3 MB ( 65.4%)
     110.0 MB / 168.3 MB ( 65.4%)
     110.0 MB / 168.3 MB ( 65.4%)
     110.0 MB / 168.3 MB ( 65.4%)
     110.0 MB / 168.3 MB ( 65.4%)
     110.0 MB / 168.3 MB ( 65.4%)
     110.0 MB / 168.3 MB ( 65.4%)
     110.1 MB / 168.3 MB ( 65.4%)
     110.1 MB / 168.3 MB ( 65.4%)
     110.1 MB / 168.3 MB ( 65.4%)
     110.1 MB / 168.3 MB ( 65.4%)
     110.1 MB / 168.3 MB ( 65.4%)
     110.1 MB / 168.3 MB ( 65.4%)
     110.1 MB / 168.3 MB ( 65.4%)
     110.1 MB / 168.3 MB ( 65.4%)
     110.1 MB / 168.3 MB ( 65.4%)
     110.1 MB / 168.3 MB ( 65.4%)
     110.1 MB / 168.3 MB ( 65.4%)
     110.1 MB / 168.3 MB ( 65.5%)
     110.1 MB / 168.3 MB ( 65.5%)
     110.2 MB / 168.3 MB ( 65.5%)
     110.2 MB / 168.3 MB ( 65.5%)
     110.2 MB / 168.3 MB ( 65.5%)
     110.2 MB / 168.3 MB ( 65.5%)
     110.2 MB / 168.3 MB ( 65.5%)
     110.2 MB / 168.3 MB ( 65.5%)
     110.2 MB / 168.3 MB ( 65.5%)
     110.2 MB / 168.3 MB ( 65.5%)
     110.2 MB / 168.3 MB ( 65.5%)
     110.2 MB / 168.3 MB ( 65.5%)
     110.2 MB / 168.3 MB ( 65.5%)
     110.2 MB / 168.3 MB ( 65.5%)
     110.3 MB / 168.3 MB ( 65.5%)
     110.3 MB / 168.3 MB ( 65.5%)
     110.3 MB / 168.3 MB ( 65.5%)
     110.3 MB / 168.3 MB ( 65.5%)
     110.3 MB / 168.3 MB ( 65.5%)
     110.3 MB / 168.3 MB ( 65.5%)
     110.3 MB / 168.3 MB ( 65.5%)
     110.3 MB / 168.3 MB ( 65.6%)
     110.3 MB / 168.3 MB ( 65.6%)
     110.3 MB / 168.3 MB ( 65.6%)
     110.3 MB / 168.3 MB ( 65.6%)
     110.3 MB / 168.3 MB ( 65.6%)
     110.4 MB / 168.3 MB ( 65.6%)
     110.4 MB / 168.3 MB ( 65.6%)
     110.4 MB / 168.3 MB ( 65.6%)
     110.4 MB / 168.3 MB ( 65.6%)
     110.4 MB / 168.3 MB ( 65.6%)
     110.4 MB / 168.3 MB ( 65.6%)
     110.4 MB / 168.3 MB ( 65.6%)
     110.4 MB / 168.3 MB ( 65.6%)
     110.4 MB / 168.3 MB ( 65.6%)
     110.4 MB / 168.3 MB ( 65.6%)
     110.4 MB / 168.3 MB ( 65.6%)
     110.4 MB / 168.3 MB ( 65.6%)
     110.5 MB / 168.3 MB ( 65.6%)
     110.5 MB / 168.3 MB ( 65.6%)
     110.5 MB / 168.3 MB ( 65.6%)
     110.5 MB / 168.3 MB ( 65.7%)
     110.5 MB / 168.3 MB ( 65.7%)
     110.5 MB / 168.3 MB ( 65.7%)
     110.5 MB / 168.3 MB ( 65.7%)
     110.5 MB / 168.3 MB ( 65.7%)
     110.5 MB / 168.3 MB ( 65.7%)
     110.5 MB / 168.3 MB ( 65.7%)
     110.5 MB / 168.3 MB ( 65.7%)
     110.5 MB / 168.3 MB ( 65.7%)
     110.6 MB / 168.3 MB ( 65.7%)
     110.6 MB / 168.3 MB ( 65.7%)
     110.6 MB / 168.3 MB ( 65.7%)
     110.6 MB / 168.3 MB ( 65.7%)
     110.6 MB / 168.3 MB ( 65.7%)
     110.6 MB / 168.3 MB ( 65.7%)
     110.6 MB / 168.3 MB ( 65.7%)
     110.6 MB / 168.3 MB ( 65.7%)
     110.6 MB / 168.3 MB ( 65.7%)
     110.6 MB / 168.3 MB ( 65.7%)
     110.6 MB / 168.3 MB ( 65.7%)
     110.6 MB / 168.3 MB ( 65.7%)
     110.6 MB / 168.3 MB ( 65.8%)
     110.7 MB / 168.3 MB ( 65.8%)
     110.7 MB / 168.3 MB ( 65.8%)
     110.7 MB / 168.3 MB ( 65.8%)
     110.7 MB / 168.3 MB ( 65.8%)
     110.7 MB / 168.3 MB ( 65.8%)
     110.7 MB / 168.3 MB ( 65.8%)
     110.7 MB / 168.3 MB ( 65.8%)
     110.7 MB / 168.3 MB ( 65.8%)
     110.7 MB / 168.3 MB ( 65.8%)
     110.7 MB / 168.3 MB ( 65.8%)
     110.7 MB / 168.3 MB ( 65.8%)
     110.7 MB / 168.3 MB ( 65.8%)
     110.8 MB / 168.3 MB ( 65.8%)
     110.8 MB / 168.3 MB ( 65.8%)
     110.8 MB / 168.3 MB ( 65.8%)
     110.8 MB / 168.3 MB ( 65.8%)
     110.8 MB / 168.3 MB ( 65.8%)
     110.8 MB / 168.3 MB ( 65.8%)
     110.8 MB / 168.3 MB ( 65.8%)
     110.8 MB / 168.3 MB ( 65.9%)
     110.8 MB / 168.3 MB ( 65.9%)
     110.8 MB / 168.3 MB ( 65.9%)
     110.8 MB / 168.3 MB ( 65.9%)
     110.8 MB / 168.3 MB ( 65.9%)
     110.9 MB / 168.3 MB ( 65.9%)
     110.9 MB / 168.3 MB ( 65.9%)
     110.9 MB / 168.3 MB ( 65.9%)
     110.9 MB / 168.3 MB ( 65.9%)
     110.9 MB / 168.3 MB ( 65.9%)
     110.9 MB / 168.3 MB ( 65.9%)
     110.9 MB / 168.3 MB ( 65.9%)
     110.9 MB / 168.3 MB ( 65.9%)
     110.9 MB / 168.3 MB ( 65.9%)
     110.9 MB / 168.3 MB ( 65.9%)
     110.9 MB / 168.3 MB ( 65.9%)
     110.9 MB / 168.3 MB ( 65.9%)
     111.0 MB / 168.3 MB ( 65.9%)
     111.0 MB / 168.3 MB ( 65.9%)
     111.0 MB / 168.3 MB ( 65.9%)
     111.0 MB / 168.3 MB ( 65.9%)
     111.0 MB / 168.3 MB ( 66.0%)
     111.0 MB / 168.3 MB ( 66.0%)
     111.0 MB / 168.3 MB ( 66.0%)
     111.0 MB / 168.3 MB ( 66.0%)
     111.0 MB / 168.3 MB ( 66.0%)
     111.0 MB / 168.3 MB ( 66.0%)
     111.0 MB / 168.3 MB ( 66.0%)
     111.0 MB / 168.3 MB ( 66.0%)
     111.1 MB / 168.3 MB ( 66.0%)
     111.1 MB / 168.3 MB ( 66.0%)
     111.1 MB / 168.3 MB ( 66.0%)
     111.1 MB / 168.3 MB ( 66.0%)
     111.1 MB / 168.3 MB ( 66.0%)
     111.1 MB / 168.3 MB ( 66.0%)
     111.1 MB / 168.3 MB ( 66.0%)
     111.1 MB / 168.3 MB ( 66.0%)
     111.1 MB / 168.3 MB ( 66.0%)
     111.1 MB / 168.3 MB ( 66.0%)
     111.1 MB / 168.3 MB ( 66.0%)
     111.1 MB / 168.3 MB ( 66.0%)
     111.1 MB / 168.3 MB ( 66.0%)
     111.2 MB / 168.3 MB ( 66.1%)
     111.2 MB / 168.3 MB ( 66.1%)
     111.2 MB / 168.3 MB ( 66.1%)
     111.2 MB / 168.3 MB ( 66.1%)
     111.2 MB / 168.3 MB ( 66.1%)
     111.2 MB / 168.3 MB ( 66.1%)
     111.2 MB / 168.3 MB ( 66.1%)
     111.2 MB / 168.3 MB ( 66.1%)
     111.2 MB / 168.3 MB ( 66.1%)
     111.2 MB / 168.3 MB ( 66.1%)
     111.2 MB / 168.3 MB ( 66.1%)
     111.2 MB / 168.3 MB ( 66.1%)
     111.3 MB / 168.3 MB ( 66.1%)
     111.3 MB / 168.3 MB ( 66.1%)
     111.3 MB / 168.3 MB ( 66.1%)
     111.3 MB / 168.3 MB ( 66.1%)
     111.3 MB / 168.3 MB ( 66.1%)
     111.3 MB / 168.3 MB ( 66.1%)
     111.3 MB / 168.3 MB ( 66.1%)
     111.3 MB / 168.3 MB ( 66.1%)
     111.3 MB / 168.3 MB ( 66.2%)
     111.3 MB / 168.3 MB ( 66.2%)
     111.3 MB / 168.3 MB ( 66.2%)
     111.3 MB / 168.3 MB ( 66.2%)
     111.4 MB / 168.3 MB ( 66.2%)
     111.4 MB / 168.3 MB ( 66.2%)
     111.4 MB / 168.3 MB ( 66.2%)
     111.4 MB / 168.3 MB ( 66.2%)
     111.4 MB / 168.3 MB ( 66.2%)
     111.4 MB / 168.3 MB ( 66.2%)
     111.4 MB / 168.3 MB ( 66.2%)
     111.4 MB / 168.3 MB ( 66.2%)
     111.4 MB / 168.3 MB ( 66.2%)
     111.4 MB / 168.3 MB ( 66.2%)
     111.4 MB / 168.3 MB ( 66.2%)
     111.4 MB / 168.3 MB ( 66.2%)
     111.5 MB / 168.3 MB ( 66.2%)
     111.5 MB / 168.3 MB ( 66.2%)
     111.5 MB / 168.3 MB ( 66.2%)
     111.5 MB / 168.3 MB ( 66.2%)
     111.5 MB / 168.3 MB ( 66.2%)
     111.5 MB / 168.3 MB ( 66.3%)
     111.5 MB / 168.3 MB ( 66.3%)
     111.5 MB / 168.3 MB ( 66.3%)
     111.5 MB / 168.3 MB ( 66.3%)
     111.5 MB / 168.3 MB ( 66.3%)
     111.5 MB / 168.3 MB ( 66.3%)
     111.5 MB / 168.3 MB ( 66.3%)
     111.6 MB / 168.3 MB ( 66.3%)
     111.6 MB / 168.3 MB ( 66.3%)
     111.6 MB / 168.3 MB ( 66.3%)
     111.6 MB / 168.3 MB ( 66.3%)
     111.6 MB / 168.3 MB ( 66.3%)
     111.6 MB / 168.3 MB ( 66.3%)
     111.6 MB / 168.3 MB ( 66.3%)
     111.6 MB / 168.3 MB ( 66.3%)
     111.6 MB / 168.3 MB ( 66.3%)
     111.6 MB / 168.3 MB ( 66.3%)
     111.6 MB / 168.3 MB ( 66.3%)
     111.6 MB / 168.3 MB ( 66.3%)
     111.6 MB / 168.3 MB ( 66.3%)
     111.7 MB / 168.3 MB ( 66.4%)
     111.7 MB / 168.3 MB ( 66.4%)
     111.7 MB / 168.3 MB ( 66.4%)
     111.7 MB / 168.3 MB ( 66.4%)
     111.7 MB / 168.3 MB ( 66.4%)
     111.7 MB / 168.3 MB ( 66.4%)
     111.7 MB / 168.3 MB ( 66.4%)
     111.7 MB / 168.3 MB ( 66.4%)
     111.7 MB / 168.3 MB ( 66.4%)
     111.7 MB / 168.3 MB ( 66.4%)
     111.7 MB / 168.3 MB ( 66.4%)
     111.7 MB / 168.3 MB ( 66.4%)
     111.8 MB / 168.3 MB ( 66.4%)
     111.8 MB / 168.3 MB ( 66.4%)
     111.8 MB / 168.3 MB ( 66.4%)
     111.8 MB / 168.3 MB ( 66.4%)
     111.8 MB / 168.3 MB ( 66.4%)
     111.8 MB / 168.3 MB ( 66.4%)
     111.8 MB / 168.3 MB ( 66.4%)
     111.8 MB / 168.3 MB ( 66.4%)
     111.8 MB / 168.3 MB ( 66.4%)
     111.8 MB / 168.3 MB ( 66.5%)
     111.8 MB / 168.3 MB ( 66.5%)
     111.8 MB / 168.3 MB ( 66.5%)
     111.9 MB / 168.3 MB ( 66.5%)
     111.9 MB / 168.3 MB ( 66.5%)
     111.9 MB / 168.3 MB ( 66.5%)
     111.9 MB / 168.3 MB ( 66.5%)
     111.9 MB / 168.3 MB ( 66.5%)
     111.9 MB / 168.3 MB ( 66.5%)
     111.9 MB / 168.3 MB ( 66.5%)
     111.9 MB / 168.3 MB ( 66.5%)
     111.9 MB / 168.3 MB ( 66.5%)
     111.9 MB / 168.3 MB ( 66.5%)
     111.9 MB / 168.3 MB ( 66.5%)
     111.9 MB / 168.3 MB ( 66.5%)
     112.0 MB / 168.3 MB ( 66.5%)
     112.0 MB / 168.3 MB ( 66.5%)
     112.0 MB / 168.3 MB ( 66.5%)
     112.0 MB / 168.3 MB ( 66.5%)
     112.0 MB / 168.3 MB ( 66.5%)
     112.0 MB / 168.3 MB ( 66.6%)
     112.0 MB / 168.3 MB ( 66.6%)
     112.0 MB / 168.3 MB ( 66.6%)
     112.0 MB / 168.3 MB ( 66.6%)
     112.0 MB / 168.3 MB ( 66.6%)
     112.0 MB / 168.3 MB ( 66.6%)
     112.0 MB / 168.3 MB ( 66.6%)
     112.1 MB / 168.3 MB ( 66.6%)
     112.1 MB / 168.3 MB ( 66.6%)
     112.1 MB / 168.3 MB ( 66.6%)
     112.1 MB / 168.3 MB ( 66.6%)
     112.1 MB / 168.3 MB ( 66.6%)
     112.1 MB / 168.3 MB ( 66.6%)
     112.1 MB / 168.3 MB ( 66.6%)
     112.1 MB / 168.3 MB ( 66.6%)
     112.1 MB / 168.3 MB ( 66.6%)
     112.1 MB / 168.3 MB ( 66.6%)
     112.1 MB / 168.3 MB ( 66.6%)
     112.1 MB / 168.3 MB ( 66.6%)
     112.1 MB / 168.3 MB ( 66.6%)
     112.2 MB / 168.3 MB ( 66.6%)
     112.2 MB / 168.3 MB ( 66.7%)
     112.2 MB / 168.3 MB ( 66.7%)
     112.2 MB / 168.3 MB ( 66.7%)
     112.2 MB / 168.3 MB ( 66.7%)
     112.2 MB / 168.3 MB ( 66.7%)
     112.2 MB / 168.3 MB ( 66.7%)
     112.2 MB / 168.3 MB ( 66.7%)
     112.2 MB / 168.3 MB ( 66.7%)
     112.2 MB / 168.3 MB ( 66.7%)
     112.2 MB / 168.3 MB ( 66.7%)
     112.2 MB / 168.3 MB ( 66.7%)
     112.3 MB / 168.3 MB ( 66.7%)
     112.3 MB / 168.3 MB ( 66.7%)
     112.3 MB / 168.3 MB ( 66.7%)
     112.3 MB / 168.3 MB ( 66.7%)
     112.3 MB / 168.3 MB ( 66.7%)
     112.3 MB / 168.3 MB ( 66.7%)
     112.3 MB / 168.3 MB ( 66.7%)
     112.3 MB / 168.3 MB ( 66.7%)
     112.3 MB / 168.3 MB ( 66.7%)
     112.3 MB / 168.3 MB ( 66.8%)
     112.3 MB / 168.3 MB ( 66.8%)
     112.3 MB / 168.3 MB ( 66.8%)
     112.4 MB / 168.3 MB ( 66.8%)
     112.4 MB / 168.3 MB ( 66.8%)
     112.4 MB / 168.3 MB ( 66.8%)
     112.4 MB / 168.3 MB ( 66.8%)
     112.4 MB / 168.3 MB ( 66.8%)
     112.4 MB / 168.3 MB ( 66.8%)
     112.4 MB / 168.3 MB ( 66.8%)
     112.4 MB / 168.3 MB ( 66.8%)
     112.4 MB / 168.3 MB ( 66.8%)
     112.4 MB / 168.3 MB ( 66.8%)
     112.4 MB / 168.3 MB ( 66.8%)
     112.4 MB / 168.3 MB ( 66.8%)
     112.5 MB / 168.3 MB ( 66.8%)
     112.5 MB / 168.3 MB ( 66.8%)
     112.5 MB / 168.3 MB ( 66.8%)
     112.5 MB / 168.3 MB ( 66.8%)
     112.5 MB / 168.3 MB ( 66.8%)
     112.5 MB / 168.3 MB ( 66.8%)
     112.5 MB / 168.3 MB ( 66.9%)
     112.5 MB / 168.3 MB ( 66.9%)
     112.5 MB / 168.3 MB ( 66.9%)
     112.5 MB / 168.3 MB ( 66.9%)
     112.5 MB / 168.3 MB ( 66.9%)
     112.5 MB / 168.3 MB ( 66.9%)
     112.5 MB / 168.3 MB ( 66.9%)
     112.6 MB / 168.3 MB ( 66.9%)
     112.6 MB / 168.3 MB ( 66.9%)
     112.6 MB / 168.3 MB ( 66.9%)
     112.6 MB / 168.3 MB ( 66.9%)
     112.6 MB / 168.3 MB ( 66.9%)
     112.6 MB / 168.3 MB ( 66.9%)
     112.6 MB / 168.3 MB ( 66.9%)
     112.6 MB / 168.3 MB ( 66.9%)
     112.6 MB / 168.3 MB ( 66.9%)
     112.6 MB / 168.3 MB ( 66.9%)
     112.6 MB / 168.3 MB ( 66.9%)
     112.6 MB / 168.3 MB ( 66.9%)
     112.7 MB / 168.3 MB ( 66.9%)
     112.7 MB / 168.3 MB ( 67.0%)
     112.7 MB / 168.3 MB ( 67.0%)
     112.7 MB / 168.3 MB ( 67.0%)
     112.7 MB / 168.3 MB ( 67.0%)
     112.7 MB / 168.3 MB ( 67.0%)
     112.7 MB / 168.3 MB ( 67.0%)
     112.7 MB / 168.3 MB ( 67.0%)
     112.7 MB / 168.3 MB ( 67.0%)
     112.7 MB / 168.3 MB ( 67.0%)
     112.7 MB / 168.3 MB ( 67.0%)
     112.7 MB / 168.3 MB ( 67.0%)
     112.8 MB / 168.3 MB ( 67.0%)
     112.8 MB / 168.3 MB ( 67.0%)
     112.8 MB / 168.3 MB ( 67.0%)
     112.8 MB / 168.3 MB ( 67.0%)
     112.8 MB / 168.3 MB ( 67.0%)
     112.8 MB / 168.3 MB ( 67.0%)
     112.8 MB / 168.3 MB ( 67.0%)
     112.8 MB / 168.3 MB ( 67.0%)
     112.8 MB / 168.3 MB ( 67.0%)
     112.8 MB / 168.3 MB ( 67.0%)
     112.8 MB / 168.3 MB ( 67.1%)
     112.8 MB / 168.3 MB ( 67.1%)
     112.9 MB / 168.3 MB ( 67.1%)
     112.9 MB / 168.3 MB ( 67.1%)
     112.9 MB / 168.3 MB ( 67.1%)
     112.9 MB / 168.3 MB ( 67.1%)
     112.9 MB / 168.3 MB ( 67.1%)
     112.9 MB / 168.3 MB ( 67.1%)
     112.9 MB / 168.3 MB ( 67.1%)
     112.9 MB / 168.3 MB ( 67.1%)
     112.9 MB / 168.3 MB ( 67.1%)
     112.9 MB / 168.3 MB ( 67.1%)
     112.9 MB / 168.3 MB ( 67.1%)
     112.9 MB / 168.3 MB ( 67.1%)
     113.0 MB / 168.3 MB ( 67.1%)
     113.0 MB / 168.3 MB ( 67.1%)
     113.0 MB / 168.3 MB ( 67.1%)
     113.0 MB / 168.3 MB ( 67.1%)
     113.0 MB / 168.3 MB ( 67.1%)
     113.0 MB / 168.3 MB ( 67.1%)
     113.0 MB / 168.3 MB ( 67.2%)
     113.0 MB / 168.3 MB ( 67.2%)
     113.0 MB / 168.3 MB ( 67.2%)
     113.0 MB / 168.3 MB ( 67.2%)
     113.0 MB / 168.3 MB ( 67.2%)
     113.0 MB / 168.3 MB ( 67.2%)
     113.0 MB / 168.3 MB ( 67.2%)
     113.1 MB / 168.3 MB ( 67.2%)
     113.1 MB / 168.3 MB ( 67.2%)
     113.1 MB / 168.3 MB ( 67.2%)
     113.1 MB / 168.3 MB ( 67.2%)
     113.1 MB / 168.3 MB ( 67.2%)
     113.1 MB / 168.3 MB ( 67.2%)
     113.1 MB / 168.3 MB ( 67.2%)
     113.1 MB / 168.3 MB ( 67.2%)
     113.1 MB / 168.3 MB ( 67.2%)
     113.1 MB / 168.3 MB ( 67.2%)
     113.1 MB / 168.3 MB ( 67.2%)
     113.1 MB / 168.3 MB ( 67.2%)
     113.2 MB / 168.3 MB ( 67.2%)
     113.2 MB / 168.3 MB ( 67.2%)
     113.2 MB / 168.3 MB ( 67.3%)
     113.2 MB / 168.3 MB ( 67.3%)
     113.2 MB / 168.3 MB ( 67.3%)
     113.2 MB / 168.3 MB ( 67.3%)
     113.2 MB / 168.3 MB ( 67.3%)
     113.2 MB / 168.3 MB ( 67.3%)
     113.2 MB / 168.3 MB ( 67.3%)
     113.2 MB / 168.3 MB ( 67.3%)
     113.2 MB / 168.3 MB ( 67.3%)
     113.2 MB / 168.3 MB ( 67.3%)
     113.3 MB / 168.3 MB ( 67.3%)
     113.3 MB / 168.3 MB ( 67.3%)
     113.3 MB / 168.3 MB ( 67.3%)
     113.3 MB / 168.3 MB ( 67.3%)
     113.3 MB / 168.3 MB ( 67.3%)
     113.3 MB / 168.3 MB ( 67.3%)
     113.3 MB / 168.3 MB ( 67.3%)
     113.3 MB / 168.3 MB ( 67.3%)
     113.3 MB / 168.3 MB ( 67.3%)
     113.3 MB / 168.3 MB ( 67.3%)
     113.3 MB / 168.3 MB ( 67.3%)
     113.3 MB / 168.3 MB ( 67.4%)
     113.4 MB / 168.3 MB ( 67.4%)
     113.4 MB / 168.3 MB ( 67.4%)
     113.4 MB / 168.3 MB ( 67.4%)
     113.4 MB / 168.3 MB ( 67.4%)
     113.4 MB / 168.3 MB ( 67.4%)
     113.4 MB / 168.3 MB ( 67.4%)
     113.4 MB / 168.3 MB ( 67.4%)
     113.4 MB / 168.3 MB ( 67.4%)
     113.4 MB / 168.3 MB ( 67.4%)
     113.4 MB / 168.3 MB ( 67.4%)
     113.4 MB / 168.3 MB ( 67.4%)
     113.4 MB / 168.3 MB ( 67.4%)
     113.5 MB / 168.3 MB ( 67.4%)
     113.5 MB / 168.3 MB ( 67.4%)
     113.5 MB / 168.3 MB ( 67.4%)
     113.5 MB / 168.3 MB ( 67.4%)
     113.5 MB / 168.3 MB ( 67.4%)
     113.5 MB / 168.3 MB ( 67.4%)
     113.5 MB / 168.3 MB ( 67.4%)
     113.5 MB / 168.3 MB ( 67.5%)
     113.5 MB / 168.3 MB ( 67.5%)
     113.5 MB / 168.3 MB ( 67.5%)
     113.5 MB / 168.3 MB ( 67.5%)
     113.5 MB / 168.3 MB ( 67.5%)
     113.5 MB / 168.3 MB ( 67.5%)
     113.6 MB / 168.3 MB ( 67.5%)
     113.6 MB / 168.3 MB ( 67.5%)
     113.6 MB / 168.3 MB ( 67.5%)
     113.6 MB / 168.3 MB ( 67.5%)
     113.6 MB / 168.3 MB ( 67.5%)
     113.6 MB / 168.3 MB ( 67.5%)
     113.6 MB / 168.3 MB ( 67.5%)
     113.6 MB / 168.3 MB ( 67.5%)
     113.6 MB / 168.3 MB ( 67.5%)
     113.6 MB / 168.3 MB ( 67.5%)
     113.6 MB / 168.3 MB ( 67.5%)
     113.6 MB / 168.3 MB ( 67.5%)
     113.7 MB / 168.3 MB ( 67.5%)
     113.7 MB / 168.3 MB ( 67.5%)
     113.7 MB / 168.3 MB ( 67.5%)
     113.7 MB / 168.3 MB ( 67.6%)
     113.7 MB / 168.3 MB ( 67.6%)
     113.7 MB / 168.3 MB ( 67.6%)
     113.7 MB / 168.3 MB ( 67.6%)
     113.7 MB / 168.3 MB ( 67.6%)
     113.7 MB / 168.3 MB ( 67.6%)
     113.7 MB / 168.3 MB ( 67.6%)
     113.7 MB / 168.3 MB ( 67.6%)
     113.7 MB / 168.3 MB ( 67.6%)
     113.8 MB / 168.3 MB ( 67.6%)
     113.8 MB / 168.3 MB ( 67.6%)
     113.8 MB / 168.3 MB ( 67.6%)
     113.8 MB / 168.3 MB ( 67.6%)
     113.8 MB / 168.3 MB ( 67.6%)
     113.8 MB / 168.3 MB ( 67.6%)
     113.8 MB / 168.3 MB ( 67.6%)
     113.8 MB / 168.3 MB ( 67.6%)
     113.8 MB / 168.3 MB ( 67.6%)
     113.8 MB / 168.3 MB ( 67.6%)
     113.8 MB / 168.3 MB ( 67.6%)
     113.8 MB / 168.3 MB ( 67.7%)
     113.9 MB / 168.3 MB ( 67.7%)
     113.9 MB / 168.3 MB ( 67.7%)
     113.9 MB / 168.3 MB ( 67.7%)
     113.9 MB / 168.3 MB ( 67.7%)
     113.9 MB / 168.3 MB ( 67.7%)
     113.9 MB / 168.3 MB ( 67.7%)
     113.9 MB / 168.3 MB ( 67.7%)
     113.9 MB / 168.3 MB ( 67.7%)
     113.9 MB / 168.3 MB ( 67.7%)
     113.9 MB / 168.3 MB ( 67.7%)
     113.9 MB / 168.3 MB ( 67.7%)
     113.9 MB / 168.3 MB ( 67.7%)
     114.0 MB / 168.3 MB ( 67.7%)
     114.0 MB / 168.3 MB ( 67.7%)
     114.0 MB / 168.3 MB ( 67.7%)
     114.0 MB / 168.3 MB ( 67.7%)
     114.0 MB / 168.3 MB ( 67.7%)
     114.0 MB / 168.3 MB ( 67.7%)
     114.0 MB / 168.3 MB ( 67.7%)
     114.0 MB / 168.3 MB ( 67.7%)
     114.0 MB / 168.3 MB ( 67.8%)
     114.0 MB / 168.3 MB ( 67.8%)
     114.0 MB / 168.3 MB ( 67.8%)
     114.0 MB / 168.3 MB ( 67.8%)
     114.0 MB / 168.3 MB ( 67.8%)
     114.1 MB / 168.3 MB ( 67.8%)
     114.1 MB / 168.3 MB ( 67.8%)
     114.1 MB / 168.3 MB ( 67.8%)
     114.1 MB / 168.3 MB ( 67.8%)
     114.1 MB / 168.3 MB ( 67.8%)
     114.1 MB / 168.3 MB ( 67.8%)
     114.1 MB / 168.3 MB ( 67.8%)
     114.1 MB / 168.3 MB ( 67.8%)
     114.1 MB / 168.3 MB ( 67.8%)
     114.1 MB / 168.3 MB ( 67.8%)
     114.1 MB / 168.3 MB ( 67.8%)
     114.1 MB / 168.3 MB ( 67.8%)
     114.2 MB / 168.3 MB ( 67.8%)
     114.2 MB / 168.3 MB ( 67.8%)
     114.2 MB / 168.3 MB ( 67.8%)
     114.2 MB / 168.3 MB ( 67.9%)
     114.2 MB / 168.3 MB ( 67.9%)
     114.2 MB / 168.3 MB ( 67.9%)
     114.2 MB / 168.3 MB ( 67.9%)
     114.2 MB / 168.3 MB ( 67.9%)
     114.2 MB / 168.3 MB ( 67.9%)
     114.2 MB / 168.3 MB ( 67.9%)
     114.2 MB / 168.3 MB ( 67.9%)
     114.2 MB / 168.3 MB ( 67.9%)
     114.3 MB / 168.3 MB ( 67.9%)
     114.3 MB / 168.3 MB ( 67.9%)
     114.3 MB / 168.3 MB ( 67.9%)
     114.3 MB / 168.3 MB ( 67.9%)
     114.3 MB / 168.3 MB ( 67.9%)
     114.3 MB / 168.3 MB ( 67.9%)
     114.3 MB / 168.3 MB ( 67.9%)
     114.3 MB / 168.3 MB ( 67.9%)
     114.3 MB / 168.3 MB ( 67.9%)
     114.3 MB / 168.3 MB ( 67.9%)
     114.3 MB / 168.3 MB ( 67.9%)
     114.3 MB / 168.3 MB ( 67.9%)
     114.4 MB / 168.3 MB ( 68.0%)
     114.4 MB / 168.3 MB ( 68.0%)
     114.4 MB / 168.3 MB ( 68.0%)
     114.4 MB / 168.3 MB ( 68.0%)
     114.4 MB / 168.3 MB ( 68.0%)
     114.4 MB / 168.3 MB ( 68.0%)
     114.4 MB / 168.3 MB ( 68.0%)
     114.4 MB / 168.3 MB ( 68.0%)
     114.4 MB / 168.3 MB ( 68.0%)
     114.4 MB / 168.3 MB ( 68.0%)
     114.4 MB / 168.3 MB ( 68.0%)
     114.4 MB / 168.3 MB ( 68.0%)
     114.5 MB / 168.3 MB ( 68.0%)
     114.5 MB / 168.3 MB ( 68.0%)
     114.5 MB / 168.3 MB ( 68.0%)
     114.5 MB / 168.3 MB ( 68.0%)
     114.5 MB / 168.3 MB ( 68.0%)
     114.5 MB / 168.3 MB ( 68.0%)
     114.5 MB / 168.3 MB ( 68.0%)
     114.5 MB / 168.3 MB ( 68.0%)
     114.5 MB / 168.3 MB ( 68.1%)
     114.5 MB / 168.3 MB ( 68.1%)
     114.5 MB / 168.3 MB ( 68.1%)
     114.5 MB / 168.3 MB ( 68.1%)
     114.5 MB / 168.3 MB ( 68.1%)
     114.6 MB / 168.3 MB ( 68.1%)
     114.6 MB / 168.3 MB ( 68.1%)
     114.6 MB / 168.3 MB ( 68.1%)
     114.6 MB / 168.3 MB ( 68.1%)
     114.6 MB / 168.3 MB ( 68.1%)
     114.6 MB / 168.3 MB ( 68.1%)
     114.6 MB / 168.3 MB ( 68.1%)
     114.6 MB / 168.3 MB ( 68.1%)
     114.6 MB / 168.3 MB ( 68.1%)
     114.6 MB / 168.3 MB ( 68.1%)
     114.6 MB / 168.3 MB ( 68.1%)
     114.6 MB / 168.3 MB ( 68.1%)
     114.7 MB / 168.3 MB ( 68.1%)
     114.7 MB / 168.3 MB ( 68.1%)
     114.7 MB / 168.3 MB ( 68.1%)
     114.7 MB / 168.3 MB ( 68.1%)
     114.7 MB / 168.3 MB ( 68.2%)
     114.7 MB / 168.3 MB ( 68.2%)
     114.7 MB / 168.3 MB ( 68.2%)
     114.7 MB / 168.3 MB ( 68.2%)
     114.7 MB / 168.3 MB ( 68.2%)
     114.7 MB / 168.3 MB ( 68.2%)
     114.7 MB / 168.3 MB ( 68.2%)
     114.7 MB / 168.3 MB ( 68.2%)
     114.8 MB / 168.3 MB ( 68.2%)
     114.8 MB / 168.3 MB ( 68.2%)
     114.8 MB / 168.3 MB ( 68.2%)
     114.8 MB / 168.3 MB ( 68.2%)
     114.8 MB / 168.3 MB ( 68.2%)
     114.8 MB / 168.3 MB ( 68.2%)
     114.8 MB / 168.3 MB ( 68.2%)
     114.8 MB / 168.3 MB ( 68.2%)
     114.8 MB / 168.3 MB ( 68.2%)
     114.8 MB / 168.3 MB ( 68.2%)
     114.8 MB / 168.3 MB ( 68.2%)
     114.8 MB / 168.3 MB ( 68.2%)
     114.9 MB / 168.3 MB ( 68.3%)
     114.9 MB / 168.3 MB ( 68.3%)
     114.9 MB / 168.3 MB ( 68.3%)
     114.9 MB / 168.3 MB ( 68.3%)
     114.9 MB / 168.3 MB ( 68.3%)
     114.9 MB / 168.3 MB ( 68.3%)
     114.9 MB / 168.3 MB ( 68.3%)
     114.9 MB / 168.3 MB ( 68.3%)
     114.9 MB / 168.3 MB ( 68.3%)
     114.9 MB / 168.3 MB ( 68.3%)
     114.9 MB / 168.3 MB ( 68.3%)
     114.9 MB / 168.3 MB ( 68.3%)
     115.0 MB / 168.3 MB ( 68.3%)
     115.0 MB / 168.3 MB ( 68.3%)
     115.0 MB / 168.3 MB ( 68.3%)
     115.0 MB / 168.3 MB ( 68.3%)
     115.0 MB / 168.3 MB ( 68.3%)
     115.0 MB / 168.3 MB ( 68.3%)
     115.0 MB / 168.3 MB ( 68.3%)
     115.0 MB / 168.3 MB ( 68.3%)
     115.0 MB / 168.3 MB ( 68.3%)
     115.0 MB / 168.3 MB ( 68.4%)
     115.0 MB / 168.3 MB ( 68.4%)
     115.0 MB / 168.3 MB ( 68.4%)
     115.0 MB / 168.3 MB ( 68.4%)
     115.1 MB / 168.3 MB ( 68.4%)
     115.1 MB / 168.3 MB ( 68.4%)
     115.1 MB / 168.3 MB ( 68.4%)
     115.1 MB / 168.3 MB ( 68.4%)
     115.1 MB / 168.3 MB ( 68.4%)
     115.1 MB / 168.3 MB ( 68.4%)
     115.1 MB / 168.3 MB ( 68.4%)
     115.1 MB / 168.3 MB ( 68.4%)
     115.1 MB / 168.3 MB ( 68.4%)
     115.1 MB / 168.3 MB ( 68.4%)
     115.1 MB / 168.3 MB ( 68.4%)
     115.1 MB / 168.3 MB ( 68.4%)
     115.2 MB / 168.3 MB ( 68.4%)
     115.2 MB / 168.3 MB ( 68.4%)
     115.2 MB / 168.3 MB ( 68.4%)
     115.2 MB / 168.3 MB ( 68.4%)
     115.2 MB / 168.3 MB ( 68.4%)
     115.2 MB / 168.3 MB ( 68.5%)
     115.2 MB / 168.3 MB ( 68.5%)
     115.2 MB / 168.3 MB ( 68.5%)
     115.2 MB / 168.3 MB ( 68.5%)
     115.2 MB / 168.3 MB ( 68.5%)
     115.2 MB / 168.3 MB ( 68.5%)
     115.2 MB / 168.3 MB ( 68.5%)
     115.3 MB / 168.3 MB ( 68.5%)
     115.3 MB / 168.3 MB ( 68.5%)
     115.3 MB / 168.3 MB ( 68.5%)
     115.3 MB / 168.3 MB ( 68.5%)
     115.3 MB / 168.3 MB ( 68.5%)
     115.3 MB / 168.3 MB ( 68.5%)
     115.3 MB / 168.3 MB ( 68.5%)
     115.3 MB / 168.3 MB ( 68.5%)
     115.3 MB / 168.3 MB ( 68.5%)
     115.3 MB / 168.3 MB ( 68.5%)
     115.3 MB / 168.3 MB ( 68.5%)
     115.3 MB / 168.3 MB ( 68.5%)
     115.4 MB / 168.3 MB ( 68.5%)
     115.4 MB / 168.3 MB ( 68.6%)
     115.4 MB / 168.3 MB ( 68.6%)
     115.4 MB / 168.3 MB ( 68.6%)
     115.4 MB / 168.3 MB ( 68.6%)
     115.4 MB / 168.3 MB ( 68.6%)
     115.4 MB / 168.3 MB ( 68.6%)
     115.4 MB / 168.3 MB ( 68.6%)
     115.4 MB / 168.3 MB ( 68.6%)
     115.4 MB / 168.3 MB ( 68.6%)
     115.4 MB / 168.3 MB ( 68.6%)
     115.4 MB / 168.3 MB ( 68.6%)
     115.4 MB / 168.3 MB ( 68.6%)
     115.5 MB / 168.3 MB ( 68.6%)
     115.5 MB / 168.3 MB ( 68.6%)
     115.5 MB / 168.3 MB ( 68.6%)
     115.5 MB / 168.3 MB ( 68.6%)
     115.5 MB / 168.3 MB ( 68.6%)
     115.5 MB / 168.3 MB ( 68.6%)
     115.5 MB / 168.3 MB ( 68.6%)
     115.5 MB / 168.3 MB ( 68.6%)
     115.5 MB / 168.3 MB ( 68.6%)
     115.5 MB / 168.3 MB ( 68.7%)
     115.5 MB / 168.3 MB ( 68.7%)
     115.5 MB / 168.3 MB ( 68.7%)
     115.6 MB / 168.3 MB ( 68.7%)
     115.6 MB / 168.3 MB ( 68.7%)
     115.6 MB / 168.3 MB ( 68.7%)
     115.6 MB / 168.3 MB ( 68.7%)
     115.6 MB / 168.3 MB ( 68.7%)
     115.6 MB / 168.3 MB ( 68.7%)
     115.6 MB / 168.3 MB ( 68.7%)
     115.6 MB / 168.3 MB ( 68.7%)
     115.6 MB / 168.3 MB ( 68.7%)
     115.6 MB / 168.3 MB ( 68.7%)
     115.6 MB / 168.3 MB ( 68.7%)
     115.6 MB / 168.3 MB ( 68.7%)
     115.7 MB / 168.3 MB ( 68.7%)
     115.7 MB / 168.3 MB ( 68.7%)
     115.7 MB / 168.3 MB ( 68.7%)
     115.7 MB / 168.3 MB ( 68.7%)
     115.7 MB / 168.3 MB ( 68.7%)
     115.7 MB / 168.3 MB ( 68.8%)
     115.7 MB / 168.3 MB ( 68.8%)
     115.7 MB / 168.3 MB ( 68.8%)
     115.7 MB / 168.3 MB ( 68.8%)
     115.7 MB / 168.3 MB ( 68.8%)
     115.7 MB / 168.3 MB ( 68.8%)
     115.7 MB / 168.3 MB ( 68.8%)
     115.8 MB / 168.3 MB ( 68.8%)
     115.8 MB / 168.3 MB ( 68.8%)
     115.8 MB / 168.3 MB ( 68.8%)
     115.8 MB / 168.3 MB ( 68.8%)
     115.8 MB / 168.3 MB ( 68.8%)
     115.8 MB / 168.3 MB ( 68.8%)
     115.8 MB / 168.3 MB ( 68.8%)
     115.8 MB / 168.3 MB ( 68.8%)
     115.8 MB / 168.3 MB ( 68.8%)
     115.8 MB / 168.3 MB ( 68.8%)
     115.8 MB / 168.3 MB ( 68.8%)
     115.8 MB / 168.3 MB ( 68.8%)
     115.9 MB / 168.3 MB ( 68.8%)
     115.9 MB / 168.3 MB ( 68.8%)
     115.9 MB / 168.3 MB ( 68.9%)
     115.9 MB / 168.3 MB ( 68.9%)
     115.9 MB / 168.3 MB ( 68.9%)
     115.9 MB / 168.3 MB ( 68.9%)
     115.9 MB / 168.3 MB ( 68.9%)
     115.9 MB / 168.3 MB ( 68.9%)
     115.9 MB / 168.3 MB ( 68.9%)
     115.9 MB / 168.3 MB ( 68.9%)
     115.9 MB / 168.3 MB ( 68.9%)
     115.9 MB / 168.3 MB ( 68.9%)
     115.9 MB / 168.3 MB ( 68.9%)
     116.0 MB / 168.3 MB ( 68.9%)
     116.0 MB / 168.3 MB ( 68.9%)
     116.0 MB / 168.3 MB ( 68.9%)
     116.0 MB / 168.3 MB ( 68.9%)
     116.0 MB / 168.3 MB ( 68.9%)
     116.0 MB / 168.3 MB ( 68.9%)
     116.0 MB / 168.3 MB ( 68.9%)
     116.0 MB / 168.3 MB ( 68.9%)
     116.0 MB / 168.3 MB ( 68.9%)
     116.0 MB / 168.3 MB ( 69.0%)
     116.0 MB / 168.3 MB ( 69.0%)
     116.0 MB / 168.3 MB ( 69.0%)
     116.1 MB / 168.3 MB ( 69.0%)
     116.1 MB / 168.3 MB ( 69.0%)
     116.1 MB / 168.3 MB ( 69.0%)
     116.1 MB / 168.3 MB ( 69.0%)
     116.1 MB / 168.3 MB ( 69.0%)
     116.1 MB / 168.3 MB ( 69.0%)
     116.1 MB / 168.3 MB ( 69.0%)
     116.1 MB / 168.3 MB ( 69.0%)
     116.1 MB / 168.3 MB ( 69.0%)
     116.1 MB / 168.3 MB ( 69.0%)
     116.1 MB / 168.3 MB ( 69.0%)
     116.1 MB / 168.3 MB ( 69.0%)
     116.2 MB / 168.3 MB ( 69.0%)
     116.2 MB / 168.3 MB ( 69.0%)
     116.2 MB / 168.3 MB ( 69.0%)
     116.2 MB / 168.3 MB ( 69.0%)
     116.2 MB / 168.3 MB ( 69.0%)
     116.2 MB / 168.3 MB ( 69.0%)
     116.2 MB / 168.3 MB ( 69.1%)
     116.2 MB / 168.3 MB ( 69.1%)
     116.2 MB / 168.3 MB ( 69.1%)
     116.2 MB / 168.3 MB ( 69.1%)
     116.2 MB / 168.3 MB ( 69.1%)
     116.2 MB / 168.3 MB ( 69.1%)
     116.3 MB / 168.3 MB ( 69.1%)
     116.3 MB / 168.3 MB ( 69.1%)
     116.3 MB / 168.3 MB ( 69.1%)
     116.3 MB / 168.3 MB ( 69.1%)
     116.3 MB / 168.3 MB ( 69.1%)
     116.3 MB / 168.3 MB ( 69.1%)
     116.3 MB / 168.3 MB ( 69.1%)
     116.3 MB / 168.3 MB ( 69.1%)
     116.3 MB / 168.3 MB ( 69.1%)
     116.3 MB / 168.3 MB ( 69.1%)
     116.3 MB / 168.3 MB ( 69.1%)
     116.3 MB / 168.3 MB ( 69.1%)
     116.4 MB / 168.3 MB ( 69.1%)
     116.4 MB / 168.3 MB ( 69.1%)
     116.4 MB / 168.3 MB ( 69.2%)
     116.4 MB / 168.3 MB ( 69.2%)
     116.4 MB / 168.3 MB ( 69.2%)
     116.4 MB / 168.3 MB ( 69.2%)
     116.4 MB / 168.3 MB ( 69.2%)
     116.4 MB / 168.3 MB ( 69.2%)
     116.4 MB / 168.3 MB ( 69.2%)
     116.4 MB / 168.3 MB ( 69.2%)
     116.4 MB / 168.3 MB ( 69.2%)
     116.4 MB / 168.3 MB ( 69.2%)
     116.4 MB / 168.3 MB ( 69.2%)
     116.5 MB / 168.3 MB ( 69.2%)
     116.5 MB / 168.3 MB ( 69.2%)
     116.5 MB / 168.3 MB ( 69.2%)
     116.5 MB / 168.3 MB ( 69.2%)
     116.5 MB / 168.3 MB ( 69.2%)
     116.5 MB / 168.3 MB ( 69.2%)
     116.5 MB / 168.3 MB ( 69.2%)
     116.5 MB / 168.3 MB ( 69.2%)
     116.5 MB / 168.3 MB ( 69.2%)
     116.5 MB / 168.3 MB ( 69.2%)
     116.5 MB / 168.3 MB ( 69.3%)
     116.5 MB / 168.3 MB ( 69.3%)
     116.6 MB / 168.3 MB ( 69.3%)
     116.6 MB / 168.3 MB ( 69.3%)
     116.6 MB / 168.3 MB ( 69.3%)
     116.6 MB / 168.3 MB ( 69.3%)
     116.6 MB / 168.3 MB ( 69.3%)
     116.6 MB / 168.3 MB ( 69.3%)
     116.6 MB / 168.3 MB ( 69.3%)
     116.6 MB / 168.3 MB ( 69.3%)
     116.6 MB / 168.3 MB ( 69.3%)
     116.6 MB / 168.3 MB ( 69.3%)
     116.6 MB / 168.3 MB ( 69.3%)
     116.6 MB / 168.3 MB ( 69.3%)
     116.7 MB / 168.3 MB ( 69.3%)
     116.7 MB / 168.3 MB ( 69.3%)
     116.7 MB / 168.3 MB ( 69.3%)
     116.7 MB / 168.3 MB ( 69.3%)
     116.7 MB / 168.3 MB ( 69.3%)
     116.7 MB / 168.3 MB ( 69.3%)
     116.7 MB / 168.3 MB ( 69.4%)
     116.7 MB / 168.3 MB ( 69.4%)
     116.7 MB / 168.3 MB ( 69.4%)
     116.7 MB / 168.3 MB ( 69.4%)
     116.7 MB / 168.3 MB ( 69.4%)
     116.7 MB / 168.3 MB ( 69.4%)
     116.8 MB / 168.3 MB ( 69.4%)
     116.8 MB / 168.3 MB ( 69.4%)
     116.8 MB / 168.3 MB ( 69.4%)
     116.8 MB / 168.3 MB ( 69.4%)
     116.8 MB / 168.3 MB ( 69.4%)
     116.8 MB / 168.3 MB ( 69.4%)
     116.8 MB / 168.3 MB ( 69.4%)
     116.8 MB / 168.3 MB ( 69.4%)
     116.8 MB / 168.3 MB ( 69.4%)
     116.8 MB / 168.3 MB ( 69.4%)
     116.8 MB / 168.3 MB ( 69.4%)
     116.8 MB / 168.3 MB ( 69.4%)
     116.9 MB / 168.3 MB ( 69.4%)
     116.9 MB / 168.3 MB ( 69.4%)
     116.9 MB / 168.3 MB ( 69.4%)
     116.9 MB / 168.3 MB ( 69.5%)
     116.9 MB / 168.3 MB ( 69.5%)
     116.9 MB / 168.3 MB ( 69.5%)
     116.9 MB / 168.3 MB ( 69.5%)
     116.9 MB / 168.3 MB ( 69.5%)
     116.9 MB / 168.3 MB ( 69.5%)
     116.9 MB / 168.3 MB ( 69.5%)
     116.9 MB / 168.3 MB ( 69.5%)
     116.9 MB / 168.3 MB ( 69.5%)
     116.9 MB / 168.3 MB ( 69.5%)
     117.0 MB / 168.3 MB ( 69.5%)
     117.0 MB / 168.3 MB ( 69.5%)
     117.0 MB / 168.3 MB ( 69.5%)
     117.0 MB / 168.3 MB ( 69.5%)
     117.0 MB / 168.3 MB ( 69.5%)
     117.0 MB / 168.3 MB ( 69.5%)
     117.0 MB / 168.3 MB ( 69.5%)
     117.0 MB / 168.3 MB ( 69.5%)
     117.0 MB / 168.3 MB ( 69.5%)
     117.0 MB / 168.3 MB ( 69.5%)
     117.0 MB / 168.3 MB ( 69.6%)
     117.0 MB / 168.3 MB ( 69.6%)
     117.1 MB / 168.3 MB ( 69.6%)
     117.1 MB / 168.3 MB ( 69.6%)
     117.1 MB / 168.3 MB ( 69.6%)
     117.1 MB / 168.3 MB ( 69.6%)
     117.1 MB / 168.3 MB ( 69.6%)
     117.1 MB / 168.3 MB ( 69.6%)
     117.1 MB / 168.3 MB ( 69.6%)
     117.1 MB / 168.3 MB ( 69.6%)
     117.1 MB / 168.3 MB ( 69.6%)
     117.1 MB / 168.3 MB ( 69.6%)
     117.1 MB / 168.3 MB ( 69.6%)
     117.1 MB / 168.3 MB ( 69.6%)
     117.2 MB / 168.3 MB ( 69.6%)
     117.2 MB / 168.3 MB ( 69.6%)
     117.2 MB / 168.3 MB ( 69.6%)
     117.2 MB / 168.3 MB ( 69.6%)
     117.2 MB / 168.3 MB ( 69.6%)
     117.2 MB / 168.3 MB ( 69.6%)
     117.2 MB / 168.3 MB ( 69.6%)
     117.2 MB / 168.3 MB ( 69.7%)
     117.2 MB / 168.3 MB ( 69.7%)
     117.2 MB / 168.3 MB ( 69.7%)
     117.2 MB / 168.3 MB ( 69.7%)
     117.2 MB / 168.3 MB ( 69.7%)
     117.3 MB / 168.3 MB ( 69.7%)
     117.3 MB / 168.3 MB ( 69.7%)
     117.3 MB / 168.3 MB ( 69.7%)
     117.3 MB / 168.3 MB ( 69.7%)
     117.3 MB / 168.3 MB ( 69.7%)
     117.3 MB / 168.3 MB ( 69.7%)
     117.3 MB / 168.3 MB ( 69.7%)
     117.3 MB / 168.3 MB ( 69.7%)
     117.3 MB / 168.3 MB ( 69.7%)
     117.3 MB / 168.3 MB ( 69.7%)
     117.3 MB / 168.3 MB ( 69.7%)
     117.3 MB / 168.3 MB ( 69.7%)
     117.4 MB / 168.3 MB ( 69.7%)
     117.4 MB / 168.3 MB ( 69.7%)
     117.4 MB / 168.3 MB ( 69.7%)
     117.4 MB / 168.3 MB ( 69.7%)
     117.4 MB / 168.3 MB ( 69.8%)
     117.4 MB / 168.3 MB ( 69.8%)
     117.4 MB / 168.3 MB ( 69.8%)
     117.4 MB / 168.3 MB ( 69.8%)
     117.4 MB / 168.3 MB ( 69.8%)
     117.4 MB / 168.3 MB ( 69.8%)
     117.4 MB / 168.3 MB ( 69.8%)
     117.4 MB / 168.3 MB ( 69.8%)
     117.4 MB / 168.3 MB ( 69.8%)
     117.5 MB / 168.3 MB ( 69.8%)
     117.5 MB / 168.3 MB ( 69.8%)
     117.5 MB / 168.3 MB ( 69.8%)
     117.5 MB / 168.3 MB ( 69.8%)
     117.5 MB / 168.3 MB ( 69.8%)
     117.5 MB / 168.3 MB ( 69.8%)
     117.5 MB / 168.3 MB ( 69.8%)
     117.5 MB / 168.3 MB ( 69.8%)
     117.5 MB / 168.3 MB ( 69.8%)
     117.5 MB / 168.3 MB ( 69.8%)
     117.5 MB / 168.3 MB ( 69.8%)
     117.5 MB / 168.3 MB ( 69.9%)
     117.6 MB / 168.3 MB ( 69.9%)
     117.6 MB / 168.3 MB ( 69.9%)
     117.6 MB / 168.3 MB ( 69.9%)
     117.6 MB / 168.3 MB ( 69.9%)
     117.6 MB / 168.3 MB ( 69.9%)
     117.6 MB / 168.3 MB ( 69.9%)
     117.6 MB / 168.3 MB ( 69.9%)
     117.6 MB / 168.3 MB ( 69.9%)
     117.6 MB / 168.3 MB ( 69.9%)
     117.6 MB / 168.3 MB ( 69.9%)
     117.6 MB / 168.3 MB ( 69.9%)
     117.6 MB / 168.3 MB ( 69.9%)
     117.7 MB / 168.3 MB ( 69.9%)
     117.7 MB / 168.3 MB ( 69.9%)
     117.7 MB / 168.3 MB ( 69.9%)
     117.7 MB / 168.3 MB ( 69.9%)
     117.7 MB / 168.3 MB ( 69.9%)
     117.7 MB / 168.3 MB ( 69.9%)
     117.7 MB / 168.3 MB ( 69.9%)
     117.7 MB / 168.3 MB ( 69.9%)
     117.7 MB / 168.3 MB ( 70.0%)
     117.7 MB / 168.3 MB ( 70.0%)
     117.7 MB / 168.3 MB ( 70.0%)
     117.7 MB / 168.3 MB ( 70.0%)
     117.8 MB / 168.3 MB ( 70.0%)
     117.8 MB / 168.3 MB ( 70.0%)
     117.8 MB / 168.3 MB ( 70.0%)
     117.8 MB / 168.3 MB ( 70.0%)
     117.8 MB / 168.3 MB ( 70.0%)
     117.8 MB / 168.3 MB ( 70.0%)
     117.8 MB / 168.3 MB ( 70.0%)
     117.8 MB / 168.3 MB ( 70.0%)
     117.8 MB / 168.3 MB ( 70.0%)
     117.8 MB / 168.3 MB ( 70.0%)
     117.8 MB / 168.3 MB ( 70.0%)
     117.8 MB / 168.3 MB ( 70.0%)
     117.9 MB / 168.3 MB ( 70.0%)
     117.9 MB / 168.3 MB ( 70.0%)
     117.9 MB / 168.3 MB ( 70.0%)
     117.9 MB / 168.3 MB ( 70.0%)
     117.9 MB / 168.3 MB ( 70.1%)
     117.9 MB / 168.3 MB ( 70.1%)
     117.9 MB / 168.3 MB ( 70.1%)
     117.9 MB / 168.3 MB ( 70.1%)
     117.9 MB / 168.3 MB ( 70.1%)
     117.9 MB / 168.3 MB ( 70.1%)
     117.9 MB / 168.3 MB ( 70.1%)
     117.9 MB / 168.3 MB ( 70.1%)
     117.9 MB / 168.3 MB ( 70.1%)
     118.0 MB / 168.3 MB ( 70.1%)
     118.0 MB / 168.3 MB ( 70.1%)
     118.0 MB / 168.3 MB ( 70.1%)
     118.0 MB / 168.3 MB ( 70.1%)
     118.0 MB / 168.3 MB ( 70.1%)
     118.0 MB / 168.3 MB ( 70.1%)
     118.0 MB / 168.3 MB ( 70.1%)
     118.0 MB / 168.3 MB ( 70.1%)
     118.0 MB / 168.3 MB ( 70.1%)
     118.0 MB / 168.3 MB ( 70.1%)
     118.0 MB / 168.3 MB ( 70.1%)
     118.0 MB / 168.3 MB ( 70.1%)
     118.1 MB / 168.3 MB ( 70.2%)
     118.1 MB / 168.3 MB ( 70.2%)
     118.1 MB / 168.3 MB ( 70.2%)
     118.1 MB / 168.3 MB ( 70.2%)
     118.1 MB / 168.3 MB ( 70.2%)
     118.1 MB / 168.3 MB ( 70.2%)
     118.1 MB / 168.3 MB ( 70.2%)
     118.1 MB / 168.3 MB ( 70.2%)
     118.1 MB / 168.3 MB ( 70.2%)
     118.1 MB / 168.3 MB ( 70.2%)
     118.1 MB / 168.3 MB ( 70.2%)
     118.1 MB / 168.3 MB ( 70.2%)
     118.2 MB / 168.3 MB ( 70.2%)
     118.2 MB / 168.3 MB ( 70.2%)
     118.2 MB / 168.3 MB ( 70.2%)
     118.2 MB / 168.3 MB ( 70.2%)
     118.2 MB / 168.3 MB ( 70.2%)
     118.2 MB / 168.3 MB ( 70.2%)
     118.2 MB / 168.3 MB ( 70.2%)
     118.2 MB / 168.3 MB ( 70.2%)
     118.2 MB / 168.3 MB ( 70.3%)
     118.2 MB / 168.3 MB ( 70.3%)
     118.2 MB / 168.3 MB ( 70.3%)
     118.2 MB / 168.3 MB ( 70.3%)
     118.3 MB / 168.3 MB ( 70.3%)
     118.3 MB / 168.3 MB ( 70.3%)
     118.3 MB / 168.3 MB ( 70.3%)
     118.3 MB / 168.3 MB ( 70.3%)
     118.3 MB / 168.3 MB ( 70.3%)
     118.3 MB / 168.3 MB ( 70.3%)
     118.3 MB / 168.3 MB ( 70.3%)
     118.3 MB / 168.3 MB ( 70.3%)
     118.3 MB / 168.3 MB ( 70.3%)
     118.3 MB / 168.3 MB ( 70.3%)
     118.3 MB / 168.3 MB ( 70.3%)
     118.3 MB / 168.3 MB ( 70.3%)
     118.3 MB / 168.3 MB ( 70.3%)
     118.4 MB / 168.3 MB ( 70.3%)
     118.4 MB / 168.3 MB ( 70.3%)
     118.4 MB / 168.3 MB ( 70.3%)
     118.4 MB / 168.3 MB ( 70.3%)
     118.4 MB / 168.3 MB ( 70.4%)
     118.4 MB / 168.3 MB ( 70.4%)
     118.4 MB / 168.3 MB ( 70.4%)
     118.4 MB / 168.3 MB ( 70.4%)
     118.4 MB / 168.3 MB ( 70.4%)
     118.4 MB / 168.3 MB ( 70.4%)
     118.4 MB / 168.3 MB ( 70.4%)
     118.4 MB / 168.3 MB ( 70.4%)
     118.5 MB / 168.3 MB ( 70.4%)
     118.5 MB / 168.3 MB ( 70.4%)
     118.5 MB / 168.3 MB ( 70.4%)
     118.5 MB / 168.3 MB ( 70.4%)
     118.5 MB / 168.3 MB ( 70.4%)
     118.5 MB / 168.3 MB ( 70.4%)
     118.5 MB / 168.3 MB ( 70.4%)
     118.5 MB / 168.3 MB ( 70.4%)
     118.5 MB / 168.3 MB ( 70.4%)
     118.5 MB / 168.3 MB ( 70.4%)
     118.5 MB / 168.3 MB ( 70.4%)
     118.5 MB / 168.3 MB ( 70.4%)
     118.6 MB / 168.3 MB ( 70.5%)
     118.6 MB / 168.3 MB ( 70.5%)
     118.6 MB / 168.3 MB ( 70.5%)
     118.6 MB / 168.3 MB ( 70.5%)
     118.6 MB / 168.3 MB ( 70.5%)
     118.6 MB / 168.3 MB ( 70.5%)
     118.6 MB / 168.3 MB ( 70.5%)
     118.6 MB / 168.3 MB ( 70.5%)
     118.6 MB / 168.3 MB ( 70.5%)
     118.6 MB / 168.3 MB ( 70.5%)
     118.6 MB / 168.3 MB ( 70.5%)
     118.6 MB / 168.3 MB ( 70.5%)
     118.7 MB / 168.3 MB ( 70.5%)
     118.7 MB / 168.3 MB ( 70.5%)
     118.7 MB / 168.3 MB ( 70.5%)
     118.7 MB / 168.3 MB ( 70.5%)
     118.7 MB / 168.3 MB ( 70.5%)
     118.7 MB / 168.3 MB ( 70.5%)
     118.7 MB / 168.3 MB ( 70.5%)
     118.7 MB / 168.3 MB ( 70.5%)
     118.7 MB / 168.3 MB ( 70.5%)
     118.7 MB / 168.3 MB ( 70.6%)
     118.7 MB / 168.3 MB ( 70.6%)
     118.7 MB / 168.3 MB ( 70.6%)
     118.8 MB / 168.3 MB ( 70.6%)
     118.8 MB / 168.3 MB ( 70.6%)
     118.8 MB / 168.3 MB ( 70.6%)
     118.8 MB / 168.3 MB ( 70.6%)
     118.8 MB / 168.3 MB ( 70.6%)
     118.8 MB / 168.3 MB ( 70.6%)
     118.8 MB / 168.3 MB ( 70.6%)
     118.8 MB / 168.3 MB ( 70.6%)
     118.8 MB / 168.3 MB ( 70.6%)
     118.8 MB / 168.3 MB ( 70.6%)
     118.8 MB / 168.3 MB ( 70.6%)
     118.8 MB / 168.3 MB ( 70.6%)
     118.8 MB / 168.3 MB ( 70.6%)
     118.9 MB / 168.3 MB ( 70.6%)
     118.9 MB / 168.3 MB ( 70.6%)
     118.9 MB / 168.3 MB ( 70.6%)
     118.9 MB / 168.3 MB ( 70.6%)
     118.9 MB / 168.3 MB ( 70.7%)
     118.9 MB / 168.3 MB ( 70.7%)
     118.9 MB / 168.3 MB ( 70.7%)
     118.9 MB / 168.3 MB ( 70.7%)
     118.9 MB / 168.3 MB ( 70.7%)
     118.9 MB / 168.3 MB ( 70.7%)
     118.9 MB / 168.3 MB ( 70.7%)
     118.9 MB / 168.3 MB ( 70.7%)
     119.0 MB / 168.3 MB ( 70.7%)
     119.0 MB / 168.3 MB ( 70.7%)
     119.0 MB / 168.3 MB ( 70.7%)
     119.0 MB / 168.3 MB ( 70.7%)
     119.0 MB / 168.3 MB ( 70.7%)
     119.0 MB / 168.3 MB ( 70.7%)
     119.0 MB / 168.3 MB ( 70.7%)
     119.0 MB / 168.3 MB ( 70.7%)
     119.0 MB / 168.3 MB ( 70.7%)
     119.0 MB / 168.3 MB ( 70.7%)
     119.0 MB / 168.3 MB ( 70.7%)
     119.0 MB / 168.3 MB ( 70.7%)
     119.1 MB / 168.3 MB ( 70.7%)
     119.1 MB / 168.3 MB ( 70.8%)
     119.1 MB / 168.3 MB ( 70.8%)
     119.1 MB / 168.3 MB ( 70.8%)
     119.1 MB / 168.3 MB ( 70.8%)
     119.1 MB / 168.3 MB ( 70.8%)
     119.1 MB / 168.3 MB ( 70.8%)
     119.1 MB / 168.3 MB ( 70.8%)
     119.1 MB / 168.3 MB ( 70.8%)
     119.1 MB / 168.3 MB ( 70.8%)
     119.1 MB / 168.3 MB ( 70.8%)
     119.1 MB / 168.3 MB ( 70.8%)
     119.2 MB / 168.3 MB ( 70.8%)
     119.2 MB / 168.3 MB ( 70.8%)
     119.2 MB / 168.3 MB ( 70.8%)
     119.2 MB / 168.3 MB ( 70.8%)
     119.2 MB / 168.3 MB ( 70.8%)
     119.2 MB / 168.3 MB ( 70.8%)
     119.2 MB / 168.3 MB ( 70.8%)
     119.2 MB / 168.3 MB ( 70.8%)
     119.2 MB / 168.3 MB ( 70.8%)
     119.2 MB / 168.3 MB ( 70.8%)
     119.2 MB / 168.3 MB ( 70.9%)
     119.2 MB / 168.3 MB ( 70.9%)
     119.3 MB / 168.3 MB ( 70.9%)
     119.3 MB / 168.3 MB ( 70.9%)
     119.3 MB / 168.3 MB ( 70.9%)
     119.3 MB / 168.3 MB ( 70.9%)
     119.3 MB / 168.3 MB ( 70.9%)
     119.3 MB / 168.3 MB ( 70.9%)
     119.3 MB / 168.3 MB ( 70.9%)
     119.3 MB / 168.3 MB ( 70.9%)
     119.3 MB / 168.3 MB ( 70.9%)
     119.3 MB / 168.3 MB ( 70.9%)
     119.3 MB / 168.3 MB ( 70.9%)
     119.3 MB / 168.3 MB ( 70.9%)
     119.3 MB / 168.3 MB ( 70.9%)
     119.4 MB / 168.3 MB ( 70.9%)
     119.4 MB / 168.3 MB ( 70.9%)
     119.4 MB / 168.3 MB ( 70.9%)
     119.4 MB / 168.3 MB ( 70.9%)
     119.4 MB / 168.3 MB ( 70.9%)
     119.4 MB / 168.3 MB ( 71.0%)
     119.4 MB / 168.3 MB ( 71.0%)
     119.4 MB / 168.3 MB ( 71.0%)
     119.4 MB / 168.3 MB ( 71.0%)
     119.4 MB / 168.3 MB ( 71.0%)
     119.4 MB / 168.3 MB ( 71.0%)
     119.4 MB / 168.3 MB ( 71.0%)
     119.5 MB / 168.3 MB ( 71.0%)
     119.5 MB / 168.3 MB ( 71.0%)
     119.5 MB / 168.3 MB ( 71.0%)
     119.5 MB / 168.3 MB ( 71.0%)
     119.5 MB / 168.3 MB ( 71.0%)
     119.5 MB / 168.3 MB ( 71.0%)
     119.5 MB / 168.3 MB ( 71.0%)
     119.5 MB / 168.3 MB ( 71.0%)
     119.5 MB / 168.3 MB ( 71.0%)
     119.5 MB / 168.3 MB ( 71.0%)
     119.5 MB / 168.3 MB ( 71.0%)
     119.5 MB / 168.3 MB ( 71.0%)
     119.6 MB / 168.3 MB ( 71.0%)
     119.6 MB / 168.3 MB ( 71.0%)
     119.6 MB / 168.3 MB ( 71.1%)
     119.6 MB / 168.3 MB ( 71.1%)
     119.6 MB / 168.3 MB ( 71.1%)
     119.6 MB / 168.3 MB ( 71.1%)
     119.6 MB / 168.3 MB ( 71.1%)
     119.6 MB / 168.3 MB ( 71.1%)
     119.6 MB / 168.3 MB ( 71.1%)
     119.6 MB / 168.3 MB ( 71.1%)
     119.6 MB / 168.3 MB ( 71.1%)
     119.6 MB / 168.3 MB ( 71.1%)
     119.7 MB / 168.3 MB ( 71.1%)
     119.7 MB / 168.3 MB ( 71.1%)
     119.7 MB / 168.3 MB ( 71.1%)
     119.7 MB / 168.3 MB ( 71.1%)
     119.7 MB / 168.3 MB ( 71.1%)
     119.7 MB / 168.3 MB ( 71.1%)
     119.7 MB / 168.3 MB ( 71.1%)
     119.7 MB / 168.3 MB ( 71.1%)
     119.7 MB / 168.3 MB ( 71.1%)
     119.7 MB / 168.3 MB ( 71.1%)
     119.7 MB / 168.3 MB ( 71.2%)
     119.7 MB / 168.3 MB ( 71.2%)
     119.8 MB / 168.3 MB ( 71.2%)
     119.8 MB / 168.3 MB ( 71.2%)
     119.8 MB / 168.3 MB ( 71.2%)
     119.8 MB / 168.3 MB ( 71.2%)
     119.8 MB / 168.3 MB ( 71.2%)
     119.8 MB / 168.3 MB ( 71.2%)
     119.8 MB / 168.3 MB ( 71.2%)
     119.8 MB / 168.3 MB ( 71.2%)
     119.8 MB / 168.3 MB ( 71.2%)
     119.8 MB / 168.3 MB ( 71.2%)
     119.8 MB / 168.3 MB ( 71.2%)
     119.8 MB / 168.3 MB ( 71.2%)
     119.8 MB / 168.3 MB ( 71.2%)
     119.9 MB / 168.3 MB ( 71.2%)
     119.9 MB / 168.3 MB ( 71.2%)
     119.9 MB / 168.3 MB ( 71.2%)
     119.9 MB / 168.3 MB ( 71.2%)
     119.9 MB / 168.3 MB ( 71.2%)
     119.9 MB / 168.3 MB ( 71.2%)
     119.9 MB / 168.3 MB ( 71.3%)
     119.9 MB / 168.3 MB ( 71.3%)
     119.9 MB / 168.3 MB ( 71.3%)
     119.9 MB / 168.3 MB ( 71.3%)
     119.9 MB / 168.3 MB ( 71.3%)
     119.9 MB / 168.3 MB ( 71.3%)
     120.0 MB / 168.3 MB ( 71.3%)
     120.0 MB / 168.3 MB ( 71.3%)
     120.0 MB / 168.3 MB ( 71.3%)
     120.0 MB / 168.3 MB ( 71.3%)
     120.0 MB / 168.3 MB ( 71.3%)
     120.0 MB / 168.3 MB ( 71.3%)
     120.0 MB / 168.3 MB ( 71.3%)
     120.0 MB / 168.3 MB ( 71.3%)
     120.0 MB / 168.3 MB ( 71.3%)
     120.0 MB / 168.3 MB ( 71.3%)
     120.0 MB / 168.3 MB ( 71.3%)
     120.0 MB / 168.3 MB ( 71.3%)
     120.1 MB / 168.3 MB ( 71.3%)
     120.1 MB / 168.3 MB ( 71.3%)
     120.1 MB / 168.3 MB ( 71.4%)
     120.1 MB / 168.3 MB ( 71.4%)
     120.1 MB / 168.3 MB ( 71.4%)
     120.1 MB / 168.3 MB ( 71.4%)
     120.1 MB / 168.3 MB ( 71.4%)
     120.1 MB / 168.3 MB ( 71.4%)
     120.1 MB / 168.3 MB ( 71.4%)
     120.1 MB / 168.3 MB ( 71.4%)
     120.1 MB / 168.3 MB ( 71.4%)
     120.1 MB / 168.3 MB ( 71.4%)
     120.2 MB / 168.3 MB ( 71.4%)
     120.2 MB / 168.3 MB ( 71.4%)
     120.2 MB / 168.3 MB ( 71.4%)
     120.2 MB / 168.3 MB ( 71.4%)
     120.2 MB / 168.3 MB ( 71.4%)
     120.2 MB / 168.3 MB ( 71.4%)
     120.2 MB / 168.3 MB ( 71.4%)
     120.2 MB / 168.3 MB ( 71.4%)
     120.2 MB / 168.3 MB ( 71.4%)
     120.2 MB / 168.3 MB ( 71.4%)
     120.2 MB / 168.3 MB ( 71.4%)
     120.2 MB / 168.3 MB ( 71.5%)
     120.3 MB / 168.3 MB ( 71.5%)
     120.3 MB / 168.3 MB ( 71.5%)
     120.3 MB / 168.3 MB ( 71.5%)
     120.3 MB / 168.3 MB ( 71.5%)
     120.3 MB / 168.3 MB ( 71.5%)
     120.3 MB / 168.3 MB ( 71.5%)
     120.3 MB / 168.3 MB ( 71.5%)
     120.3 MB / 168.3 MB ( 71.5%)
     120.3 MB / 168.3 MB ( 71.5%)
     120.3 MB / 168.3 MB ( 71.5%)
     120.3 MB / 168.3 MB ( 71.5%)
     120.3 MB / 168.3 MB ( 71.5%)
     120.3 MB / 168.3 MB ( 71.5%)
     120.4 MB / 168.3 MB ( 71.5%)
     120.4 MB / 168.3 MB ( 71.5%)
     120.4 MB / 168.3 MB ( 71.5%)
     120.4 MB / 168.3 MB ( 71.5%)
     120.4 MB / 168.3 MB ( 71.5%)
     120.4 MB / 168.3 MB ( 71.5%)
     120.4 MB / 168.3 MB ( 71.6%)
     120.4 MB / 168.3 MB ( 71.6%)
     120.4 MB / 168.3 MB ( 71.6%)
     120.4 MB / 168.3 MB ( 71.6%)
     120.4 MB / 168.3 MB ( 71.6%)
     120.4 MB / 168.3 MB ( 71.6%)
     120.5 MB / 168.3 MB ( 71.6%)
     120.5 MB / 168.3 MB ( 71.6%)
     120.5 MB / 168.3 MB ( 71.6%)
     120.5 MB / 168.3 MB ( 71.6%)
     120.5 MB / 168.3 MB ( 71.6%)
     120.5 MB / 168.3 MB ( 71.6%)
     120.5 MB / 168.3 MB ( 71.6%)
     120.5 MB / 168.3 MB ( 71.6%)
     120.5 MB / 168.3 MB ( 71.6%)
     120.5 MB / 168.3 MB ( 71.6%)
     120.5 MB / 168.3 MB ( 71.6%)
     120.5 MB / 168.3 MB ( 71.6%)
     120.6 MB / 168.3 MB ( 71.6%)
     120.6 MB / 168.3 MB ( 71.6%)
     120.6 MB / 168.3 MB ( 71.6%)
     120.6 MB / 168.3 MB ( 71.7%)
     120.6 MB / 168.3 MB ( 71.7%)
     120.6 MB / 168.3 MB ( 71.7%)
     120.6 MB / 168.3 MB ( 71.7%)
     120.6 MB / 168.3 MB ( 71.7%)
     120.6 MB / 168.3 MB ( 71.7%)
     120.6 MB / 168.3 MB ( 71.7%)
     120.6 MB / 168.3 MB ( 71.7%)
     120.6 MB / 168.3 MB ( 71.7%)
     120.7 MB / 168.3 MB ( 71.7%)
     120.7 MB / 168.3 MB ( 71.7%)
     120.7 MB / 168.3 MB ( 71.7%)
     120.7 MB / 168.3 MB ( 71.7%)
     120.7 MB / 168.3 MB ( 71.7%)
     120.7 MB / 168.3 MB ( 71.7%)
     120.7 MB / 168.3 MB ( 71.7%)
     120.7 MB / 168.3 MB ( 71.7%)
     120.7 MB / 168.3 MB ( 71.7%)
     120.7 MB / 168.3 MB ( 71.7%)
     120.7 MB / 168.3 MB ( 71.7%)
     120.7 MB / 168.3 MB ( 71.8%)
     120.8 MB / 168.3 MB ( 71.8%)
     120.8 MB / 168.3 MB ( 71.8%)
     120.8 MB / 168.3 MB ( 71.8%)
     120.8 MB / 168.3 MB ( 71.8%)
     120.8 MB / 168.3 MB ( 71.8%)
     120.8 MB / 168.3 MB ( 71.8%)
     120.8 MB / 168.3 MB ( 71.8%)
     120.8 MB / 168.3 MB ( 71.8%)
     120.8 MB / 168.3 MB ( 71.8%)
     120.8 MB / 168.3 MB ( 71.8%)
     120.8 MB / 168.3 MB ( 71.8%)
     120.8 MB / 168.3 MB ( 71.8%)
     120.8 MB / 168.3 MB ( 71.8%)
     120.9 MB / 168.3 MB ( 71.8%)
     120.9 MB / 168.3 MB ( 71.8%)
     120.9 MB / 168.3 MB ( 71.8%)
     120.9 MB / 168.3 MB ( 71.8%)
     120.9 MB / 168.3 MB ( 71.8%)
     120.9 MB / 168.3 MB ( 71.8%)
     120.9 MB / 168.3 MB ( 71.8%)
     120.9 MB / 168.3 MB ( 71.9%)
     120.9 MB / 168.3 MB ( 71.9%)
     120.9 MB / 168.3 MB ( 71.9%)
     120.9 MB / 168.3 MB ( 71.9%)
     120.9 MB / 168.3 MB ( 71.9%)
     121.0 MB / 168.3 MB ( 71.9%)
     121.0 MB / 168.3 MB ( 71.9%)
     121.0 MB / 168.3 MB ( 71.9%)
     121.0 MB / 168.3 MB ( 71.9%)
     121.0 MB / 168.3 MB ( 71.9%)
     121.0 MB / 168.3 MB ( 71.9%)
     121.0 MB / 168.3 MB ( 71.9%)
     121.0 MB / 168.3 MB ( 71.9%)
     121.0 MB / 168.3 MB ( 71.9%)
     121.0 MB / 168.3 MB ( 71.9%)
     121.0 MB / 168.3 MB ( 71.9%)
     121.0 MB / 168.3 MB ( 71.9%)
     121.1 MB / 168.3 MB ( 71.9%)
     121.1 MB / 168.3 MB ( 71.9%)
     121.1 MB / 168.3 MB ( 71.9%)
     121.1 MB / 168.3 MB ( 71.9%)
     121.1 MB / 168.3 MB ( 72.0%)
     121.1 MB / 168.3 MB ( 72.0%)
     121.1 MB / 168.3 MB ( 72.0%)
     121.1 MB / 168.3 MB ( 72.0%)
     121.1 MB / 168.3 MB ( 72.0%)
     121.1 MB / 168.3 MB ( 72.0%)
     121.1 MB / 168.3 MB ( 72.0%)
     121.1 MB / 168.3 MB ( 72.0%)
     121.2 MB / 168.3 MB ( 72.0%)
     121.2 MB / 168.3 MB ( 72.0%)
     121.2 MB / 168.3 MB ( 72.0%)
     121.2 MB / 168.3 MB ( 72.0%)
     121.2 MB / 168.3 MB ( 72.0%)
     121.2 MB / 168.3 MB ( 72.0%)
     121.2 MB / 168.3 MB ( 72.0%)
     121.2 MB / 168.3 MB ( 72.0%)
     121.2 MB / 168.3 MB ( 72.0%)
     121.2 MB / 168.3 MB ( 72.0%)
     121.2 MB / 168.3 MB ( 72.0%)
     121.2 MB / 168.3 MB ( 72.0%)
     121.2 MB / 168.3 MB ( 72.1%)
     121.3 MB / 168.3 MB ( 72.1%)
     121.3 MB / 168.3 MB ( 72.1%)
     121.3 MB / 168.3 MB ( 72.1%)
     121.3 MB / 168.3 MB ( 72.1%)
     121.3 MB / 168.3 MB ( 72.1%)
     121.3 MB / 168.3 MB ( 72.1%)
     121.3 MB / 168.3 MB ( 72.1%)
     121.3 MB / 168.3 MB ( 72.1%)
     121.3 MB / 168.3 MB ( 72.1%)
     121.3 MB / 168.3 MB ( 72.1%)
     121.3 MB / 168.3 MB ( 72.1%)
     121.3 MB / 168.3 MB ( 72.1%)
     121.4 MB / 168.3 MB ( 72.1%)
     121.4 MB / 168.3 MB ( 72.1%)
     121.4 MB / 168.3 MB ( 72.1%)
     121.4 MB / 168.3 MB ( 72.1%)
     121.4 MB / 168.3 MB ( 72.1%)
     121.4 MB / 168.3 MB ( 72.1%)
     121.4 MB / 168.3 MB ( 72.1%)
     121.4 MB / 168.3 MB ( 72.1%)
     121.4 MB / 168.3 MB ( 72.2%)
     121.4 MB / 168.3 MB ( 72.2%)
     121.4 MB / 168.3 MB ( 72.2%)
     121.4 MB / 168.3 MB ( 72.2%)
     121.5 MB / 168.3 MB ( 72.2%)
     121.5 MB / 168.3 MB ( 72.2%)
     121.5 MB / 168.3 MB ( 72.2%)
     121.5 MB / 168.3 MB ( 72.2%)
     121.5 MB / 168.3 MB ( 72.2%)
     121.5 MB / 168.3 MB ( 72.2%)
     121.5 MB / 168.3 MB ( 72.2%)
     121.5 MB / 168.3 MB ( 72.2%)
     121.5 MB / 168.3 MB ( 72.2%)
     121.5 MB / 168.3 MB ( 72.2%)
     121.5 MB / 168.3 MB ( 72.2%)
     121.5 MB / 168.3 MB ( 72.2%)
     121.6 MB / 168.3 MB ( 72.2%)
     121.6 MB / 168.3 MB ( 72.2%)
     121.6 MB / 168.3 MB ( 72.2%)
     121.6 MB / 168.3 MB ( 72.2%)
     121.6 MB / 168.3 MB ( 72.3%)
     121.6 MB / 168.3 MB ( 72.3%)
     121.6 MB / 168.3 MB ( 72.3%)
     121.6 MB / 168.3 MB ( 72.3%)
     121.6 MB / 168.3 MB ( 72.3%)
     121.6 MB / 168.3 MB ( 72.3%)
     121.6 MB / 168.3 MB ( 72.3%)
     121.6 MB / 168.3 MB ( 72.3%)
     121.7 MB / 168.3 MB ( 72.3%)
     121.7 MB / 168.3 MB ( 72.3%)
     121.7 MB / 168.3 MB ( 72.3%)
     121.7 MB / 168.3 MB ( 72.3%)
     121.7 MB / 168.3 MB ( 72.3%)
     121.7 MB / 168.3 MB ( 72.3%)
     121.7 MB / 168.3 MB ( 72.3%)
     121.7 MB / 168.3 MB ( 72.3%)
     121.7 MB / 168.3 MB ( 72.3%)
     121.7 MB / 168.3 MB ( 72.3%)
     121.7 MB / 168.3 MB ( 72.3%)
     121.7 MB / 168.3 MB ( 72.3%)
     121.7 MB / 168.3 MB ( 72.3%)
     121.8 MB / 168.3 MB ( 72.4%)
     121.8 MB / 168.3 MB ( 72.4%)
     121.8 MB / 168.3 MB ( 72.4%)
     121.8 MB / 168.3 MB ( 72.4%)
     121.8 MB / 168.3 MB ( 72.4%)
     121.8 MB / 168.3 MB ( 72.4%)
     121.8 MB / 168.3 MB ( 72.4%)
     121.8 MB / 168.3 MB ( 72.4%)
     121.8 MB / 168.3 MB ( 72.4%)
     121.8 MB / 168.3 MB ( 72.4%)
     121.8 MB / 168.3 MB ( 72.4%)
     121.8 MB / 168.3 MB ( 72.4%)
     121.9 MB / 168.3 MB ( 72.4%)
     121.9 MB / 168.3 MB ( 72.4%)
     121.9 MB / 168.3 MB ( 72.4%)
     121.9 MB / 168.3 MB ( 72.4%)
     121.9 MB / 168.3 MB ( 72.4%)
     121.9 MB / 168.3 MB ( 72.4%)
     121.9 MB / 168.3 MB ( 72.4%)
     121.9 MB / 168.3 MB ( 72.4%)
     121.9 MB / 168.3 MB ( 72.5%)
     121.9 MB / 168.3 MB ( 72.5%)
     121.9 MB / 168.3 MB ( 72.5%)
     121.9 MB / 168.3 MB ( 72.5%)
     122.0 MB / 168.3 MB ( 72.5%)
     122.0 MB / 168.3 MB ( 72.5%)
     122.0 MB / 168.3 MB ( 72.5%)
     122.0 MB / 168.3 MB ( 72.5%)
     122.0 MB / 168.3 MB ( 72.5%)
     122.0 MB / 168.3 MB ( 72.5%)
     122.0 MB / 168.3 MB ( 72.5%)
     122.0 MB / 168.3 MB ( 72.5%)
     122.0 MB / 168.3 MB ( 72.5%)
     122.0 MB / 168.3 MB ( 72.5%)
     122.0 MB / 168.3 MB ( 72.5%)
     122.0 MB / 168.3 MB ( 72.5%)
     122.1 MB / 168.3 MB ( 72.5%)
     122.1 MB / 168.3 MB ( 72.5%)
     122.1 MB / 168.3 MB ( 72.5%)
     122.1 MB / 168.3 MB ( 72.5%)
     122.1 MB / 168.3 MB ( 72.5%)
     122.1 MB / 168.3 MB ( 72.6%)
     122.1 MB / 168.3 MB ( 72.6%)
     122.1 MB / 168.3 MB ( 72.6%)
     122.1 MB / 168.3 MB ( 72.6%)
     122.1 MB / 168.3 MB ( 72.6%)
     122.1 MB / 168.3 MB ( 72.6%)
     122.1 MB / 168.3 MB ( 72.6%)
     122.2 MB / 168.3 MB ( 72.6%)
     122.2 MB / 168.3 MB ( 72.6%)
     122.2 MB / 168.3 MB ( 72.6%)
     122.2 MB / 168.3 MB ( 72.6%)
     122.2 MB / 168.3 MB ( 72.6%)
     122.2 MB / 168.3 MB ( 72.6%)
     122.2 MB / 168.3 MB ( 72.6%)
     122.2 MB / 168.3 MB ( 72.6%)
     122.2 MB / 168.3 MB ( 72.6%)
     122.2 MB / 168.3 MB ( 72.6%)
     122.2 MB / 168.3 MB ( 72.6%)
     122.2 MB / 168.3 MB ( 72.6%)
     122.2 MB / 168.3 MB ( 72.6%)
     122.3 MB / 168.3 MB ( 72.7%)
     122.3 MB / 168.3 MB ( 72.7%)
     122.3 MB / 168.3 MB ( 72.7%)
     122.3 MB / 168.3 MB ( 72.7%)
     122.3 MB / 168.3 MB ( 72.7%)
     122.3 MB / 168.3 MB ( 72.7%)
     122.3 MB / 168.3 MB ( 72.7%)
     122.3 MB / 168.3 MB ( 72.7%)
     122.3 MB / 168.3 MB ( 72.7%)
     122.3 MB / 168.3 MB ( 72.7%)
     122.3 MB / 168.3 MB ( 72.7%)
     122.3 MB / 168.3 MB ( 72.7%)
     122.4 MB / 168.3 MB ( 72.7%)
     122.4 MB / 168.3 MB ( 72.7%)
     122.4 MB / 168.3 MB ( 72.7%)
     122.4 MB / 168.3 MB ( 72.7%)
     122.4 MB / 168.3 MB ( 72.7%)
     122.4 MB / 168.3 MB ( 72.7%)
     122.4 MB / 168.3 MB ( 72.7%)
     122.4 MB / 168.3 MB ( 72.7%)
     122.4 MB / 168.3 MB ( 72.7%)
     122.4 MB / 168.3 MB ( 72.8%)
     122.4 MB / 168.3 MB ( 72.8%)
     122.4 MB / 168.3 MB ( 72.8%)
     122.5 MB / 168.3 MB ( 72.8%)
     122.5 MB / 168.3 MB ( 72.8%)
     122.5 MB / 168.3 MB ( 72.8%)
     122.5 MB / 168.3 MB ( 72.8%)
     122.5 MB / 168.3 MB ( 72.8%)
     122.5 MB / 168.3 MB ( 72.8%)
     122.5 MB / 168.3 MB ( 72.8%)
     122.5 MB / 168.3 MB ( 72.8%)
     122.5 MB / 168.3 MB ( 72.8%)
     122.5 MB / 168.3 MB ( 72.8%)
     122.5 MB / 168.3 MB ( 72.8%)
     122.5 MB / 168.3 MB ( 72.8%)
     122.6 MB / 168.3 MB ( 72.8%)
     122.6 MB / 168.3 MB ( 72.8%)
     122.6 MB / 168.3 MB ( 72.8%)
     122.6 MB / 168.3 MB ( 72.8%)
     122.6 MB / 168.3 MB ( 72.8%)
     122.6 MB / 168.3 MB ( 72.9%)
     122.6 MB / 168.3 MB ( 72.9%)
     122.6 MB / 168.3 MB ( 72.9%)
     122.6 MB / 168.3 MB ( 72.9%)
     122.6 MB / 168.3 MB ( 72.9%)
     122.6 MB / 168.3 MB ( 72.9%)
     122.6 MB / 168.3 MB ( 72.9%)
     122.7 MB / 168.3 MB ( 72.9%)
     122.7 MB / 168.3 MB ( 72.9%)
     122.7 MB / 168.3 MB ( 72.9%)
     122.7 MB / 168.3 MB ( 72.9%)
     122.7 MB / 168.3 MB ( 72.9%)
     122.7 MB / 168.3 MB ( 72.9%)
     122.7 MB / 168.3 MB ( 72.9%)
     122.7 MB / 168.3 MB ( 72.9%)
     122.7 MB / 168.3 MB ( 72.9%)
     122.7 MB / 168.3 MB ( 72.9%)
     122.7 MB / 168.3 MB ( 72.9%)
     122.7 MB / 168.3 MB ( 72.9%)
     122.7 MB / 168.3 MB ( 72.9%)
     122.8 MB / 168.3 MB ( 72.9%)
     122.8 MB / 168.3 MB ( 73.0%)
     122.8 MB / 168.3 MB ( 73.0%)
     122.8 MB / 168.3 MB ( 73.0%)
     122.8 MB / 168.3 MB ( 73.0%)
     122.8 MB / 168.3 MB ( 73.0%)
     122.8 MB / 168.3 MB ( 73.0%)
     122.8 MB / 168.3 MB ( 73.0%)
     122.8 MB / 168.3 MB ( 73.0%)
     122.8 MB / 168.3 MB ( 73.0%)
     122.8 MB / 168.3 MB ( 73.0%)
     122.8 MB / 168.3 MB ( 73.0%)
     122.9 MB / 168.3 MB ( 73.0%)
     122.9 MB / 168.3 MB ( 73.0%)
     122.9 MB / 168.3 MB ( 73.0%)
     122.9 MB / 168.3 MB ( 73.0%)
     122.9 MB / 168.3 MB ( 73.0%)
     122.9 MB / 168.3 MB ( 73.0%)
     122.9 MB / 168.3 MB ( 73.0%)
     122.9 MB / 168.3 MB ( 73.0%)
     122.9 MB / 168.3 MB ( 73.0%)
     122.9 MB / 168.3 MB ( 73.1%)
     122.9 MB / 168.3 MB ( 73.1%)
     122.9 MB / 168.3 MB ( 73.1%)
     123.0 MB / 168.3 MB ( 73.1%)
     123.0 MB / 168.3 MB ( 73.1%)
     123.0 MB / 168.3 MB ( 73.1%)
     123.0 MB / 168.3 MB ( 73.1%)
     123.0 MB / 168.3 MB ( 73.1%)
     123.0 MB / 168.3 MB ( 73.1%)
     123.0 MB / 168.3 MB ( 73.1%)
     123.0 MB / 168.3 MB ( 73.1%)
     123.0 MB / 168.3 MB ( 73.1%)
     123.0 MB / 168.3 MB ( 73.1%)
     123.0 MB / 168.3 MB ( 73.1%)
     123.0 MB / 168.3 MB ( 73.1%)
     123.1 MB / 168.3 MB ( 73.1%)
     123.1 MB / 168.3 MB ( 73.1%)
     123.1 MB / 168.3 MB ( 73.1%)
     123.1 MB / 168.3 MB ( 73.1%)
     123.1 MB / 168.3 MB ( 73.1%)
     123.1 MB / 168.3 MB ( 73.1%)
     123.1 MB / 168.3 MB ( 73.2%)
     123.1 MB / 168.3 MB ( 73.2%)
     123.1 MB / 168.3 MB ( 73.2%)
     123.1 MB / 168.3 MB ( 73.2%)
     123.1 MB / 168.3 MB ( 73.2%)
     123.1 MB / 168.3 MB ( 73.2%)
     123.2 MB / 168.3 MB ( 73.2%)
     123.2 MB / 168.3 MB ( 73.2%)
     123.2 MB / 168.3 MB ( 73.2%)
     123.2 MB / 168.3 MB ( 73.2%)
     123.2 MB / 168.3 MB ( 73.2%)
     123.2 MB / 168.3 MB ( 73.2%)
     123.2 MB / 168.3 MB ( 73.2%)
     123.2 MB / 168.3 MB ( 73.2%)
     123.2 MB / 168.3 MB ( 73.2%)
     123.2 MB / 168.3 MB ( 73.2%)
     123.2 MB / 168.3 MB ( 73.2%)
     123.2 MB / 168.3 MB ( 73.2%)
     123.2 MB / 168.3 MB ( 73.2%)
     123.3 MB / 168.3 MB ( 73.2%)
     123.3 MB / 168.3 MB ( 73.2%)
     123.3 MB / 168.3 MB ( 73.3%)
     123.3 MB / 168.3 MB ( 73.3%)
     123.3 MB / 168.3 MB ( 73.3%)
     123.3 MB / 168.3 MB ( 73.3%)
     123.3 MB / 168.3 MB ( 73.3%)
     123.3 MB / 168.3 MB ( 73.3%)
     123.3 MB / 168.3 MB ( 73.3%)
     123.3 MB / 168.3 MB ( 73.3%)
     123.3 MB / 168.3 MB ( 73.3%)
     123.3 MB / 168.3 MB ( 73.3%)
     123.4 MB / 168.3 MB ( 73.3%)
     123.4 MB / 168.3 MB ( 73.3%)
     123.4 MB / 168.3 MB ( 73.3%)
     123.4 MB / 168.3 MB ( 73.3%)
     123.4 MB / 168.3 MB ( 73.3%)
     123.4 MB / 168.3 MB ( 73.3%)
     123.4 MB / 168.3 MB ( 73.3%)
     123.4 MB / 168.3 MB ( 73.3%)
     123.4 MB / 168.3 MB ( 73.3%)
     123.4 MB / 168.3 MB ( 73.3%)
     123.4 MB / 168.3 MB ( 73.4%)
     123.4 MB / 168.3 MB ( 73.4%)
     123.5 MB / 168.3 MB ( 73.4%)
     123.5 MB / 168.3 MB ( 73.4%)
     123.5 MB / 168.3 MB ( 73.4%)
     123.5 MB / 168.3 MB ( 73.4%)
     123.5 MB / 168.3 MB ( 73.4%)
     123.5 MB / 168.3 MB ( 73.4%)
     123.5 MB / 168.3 MB ( 73.4%)
     123.5 MB / 168.3 MB ( 73.4%)
     123.5 MB / 168.3 MB ( 73.4%)
     123.5 MB / 168.3 MB ( 73.4%)
     123.5 MB / 168.3 MB ( 73.4%)
     123.5 MB / 168.3 MB ( 73.4%)
     123.6 MB / 168.3 MB ( 73.4%)
     123.6 MB / 168.3 MB ( 73.4%)
     123.6 MB / 168.3 MB ( 73.4%)
     123.6 MB / 168.3 MB ( 73.4%)
     123.6 MB / 168.3 MB ( 73.4%)
     123.6 MB / 168.3 MB ( 73.4%)
     123.6 MB / 168.3 MB ( 73.4%)
     123.6 MB / 168.3 MB ( 73.5%)
     123.6 MB / 168.3 MB ( 73.5%)
     123.6 MB / 168.3 MB ( 73.5%)
     123.6 MB / 168.3 MB ( 73.5%)
     123.6 MB / 168.3 MB ( 73.5%)
     123.7 MB / 168.3 MB ( 73.5%)
     123.7 MB / 168.3 MB ( 73.5%)
     123.7 MB / 168.3 MB ( 73.5%)
     123.7 MB / 168.3 MB ( 73.5%)
     123.7 MB / 168.3 MB ( 73.5%)
     123.7 MB / 168.3 MB ( 73.5%)
     123.7 MB / 168.3 MB ( 73.5%)
     123.7 MB / 168.3 MB ( 73.5%)
     123.7 MB / 168.3 MB ( 73.5%)
     123.7 MB / 168.3 MB ( 73.5%)
     123.7 MB / 168.3 MB ( 73.5%)
     123.7 MB / 168.3 MB ( 73.5%)
     123.7 MB / 168.3 MB ( 73.5%)
     123.8 MB / 168.3 MB ( 73.5%)
     123.8 MB / 168.3 MB ( 73.5%)
     123.8 MB / 168.3 MB ( 73.6%)
     123.8 MB / 168.3 MB ( 73.6%)
     123.8 MB / 168.3 MB ( 73.6%)
     123.8 MB / 168.3 MB ( 73.6%)
     123.8 MB / 168.3 MB ( 73.6%)
     123.8 MB / 168.3 MB ( 73.6%)
     123.8 MB / 168.3 MB ( 73.6%)
     123.8 MB / 168.3 MB ( 73.6%)
     123.8 MB / 168.3 MB ( 73.6%)
     123.8 MB / 168.3 MB ( 73.6%)
     123.9 MB / 168.3 MB ( 73.6%)
     123.9 MB / 168.3 MB ( 73.6%)
     123.9 MB / 168.3 MB ( 73.6%)
     123.9 MB / 168.3 MB ( 73.6%)
     123.9 MB / 168.3 MB ( 73.6%)
     123.9 MB / 168.3 MB ( 73.6%)
     123.9 MB / 168.3 MB ( 73.6%)
     123.9 MB / 168.3 MB ( 73.6%)
     123.9 MB / 168.3 MB ( 73.6%)
     123.9 MB / 168.3 MB ( 73.6%)
     123.9 MB / 168.3 MB ( 73.6%)
     123.9 MB / 168.3 MB ( 73.7%)
     124.0 MB / 168.3 MB ( 73.7%)
     124.0 MB / 168.3 MB ( 73.7%)
     124.0 MB / 168.3 MB ( 73.7%)
     124.0 MB / 168.3 MB ( 73.7%)
     124.0 MB / 168.3 MB ( 73.7%)
     124.0 MB / 168.3 MB ( 73.7%)
     124.0 MB / 168.3 MB ( 73.7%)
     124.0 MB / 168.3 MB ( 73.7%)
     124.0 MB / 168.3 MB ( 73.7%)
     124.0 MB / 168.3 MB ( 73.7%)
     124.0 MB / 168.3 MB ( 73.7%)
     124.0 MB / 168.3 MB ( 73.7%)
     124.1 MB / 168.3 MB ( 73.7%)
     124.1 MB / 168.3 MB ( 73.7%)
     124.1 MB / 168.3 MB ( 73.7%)
     124.1 MB / 168.3 MB ( 73.7%)
     124.1 MB / 168.3 MB ( 73.7%)
     124.1 MB / 168.3 MB ( 73.7%)
     124.1 MB / 168.3 MB ( 73.7%)
     124.1 MB / 168.3 MB ( 73.8%)
     124.1 MB / 168.3 MB ( 73.8%)
     124.1 MB / 168.3 MB ( 73.8%)
     124.1 MB / 168.3 MB ( 73.8%)
     124.1 MB / 168.3 MB ( 73.8%)
     124.1 MB / 168.3 MB ( 73.8%)
     124.2 MB / 168.3 MB ( 73.8%)
     124.2 MB / 168.3 MB ( 73.8%)
     124.2 MB / 168.3 MB ( 73.8%)
     124.2 MB / 168.3 MB ( 73.8%)
     124.2 MB / 168.3 MB ( 73.8%)
     124.2 MB / 168.3 MB ( 73.8%)
     124.2 MB / 168.3 MB ( 73.8%)
     124.2 MB / 168.3 MB ( 73.8%)
     124.2 MB / 168.3 MB ( 73.8%)
     124.2 MB / 168.3 MB ( 73.8%)
     124.2 MB / 168.3 MB ( 73.8%)
     124.2 MB / 168.3 MB ( 73.8%)
     124.3 MB / 168.3 MB ( 73.8%)
     124.3 MB / 168.3 MB ( 73.8%)
     124.3 MB / 168.3 MB ( 73.8%)
     124.3 MB / 168.3 MB ( 73.9%)
     124.3 MB / 168.3 MB ( 73.9%)
     124.3 MB / 168.3 MB ( 73.9%)
     124.3 MB / 168.3 MB ( 73.9%)
     124.3 MB / 168.3 MB ( 73.9%)
     124.3 MB / 168.3 MB ( 73.9%)
     124.3 MB / 168.3 MB ( 73.9%)
     124.3 MB / 168.3 MB ( 73.9%)
     124.3 MB / 168.3 MB ( 73.9%)
     124.4 MB / 168.3 MB ( 73.9%)
     124.4 MB / 168.3 MB ( 73.9%)
     124.4 MB / 168.3 MB ( 73.9%)
     124.4 MB / 168.3 MB ( 73.9%)
     124.4 MB / 168.3 MB ( 73.9%)
     124.4 MB / 168.3 MB ( 73.9%)
     124.4 MB / 168.3 MB ( 73.9%)
     124.4 MB / 168.3 MB ( 73.9%)
     124.4 MB / 168.3 MB ( 73.9%)
     124.4 MB / 168.3 MB ( 73.9%)
     124.4 MB / 168.3 MB ( 73.9%)
     124.4 MB / 168.3 MB ( 74.0%)
     124.5 MB / 168.3 MB ( 74.0%)
     124.5 MB / 168.3 MB ( 74.0%)
     124.5 MB / 168.3 MB ( 74.0%)
     124.5 MB / 168.3 MB ( 74.0%)
     124.5 MB / 168.3 MB ( 74.0%)
     124.5 MB / 168.3 MB ( 74.0%)
     124.5 MB / 168.3 MB ( 74.0%)
     124.5 MB / 168.3 MB ( 74.0%)
     124.5 MB / 168.3 MB ( 74.0%)
     124.5 MB / 168.3 MB ( 74.0%)
     124.5 MB / 168.3 MB ( 74.0%)
     124.5 MB / 168.3 MB ( 74.0%)
     124.6 MB / 168.3 MB ( 74.0%)
     124.6 MB / 168.3 MB ( 74.0%)
     124.6 MB / 168.3 MB ( 74.0%)
     124.6 MB / 168.3 MB ( 74.0%)
     124.6 MB / 168.3 MB ( 74.0%)
     124.6 MB / 168.3 MB ( 74.0%)
     124.6 MB / 168.3 MB ( 74.0%)
     124.6 MB / 168.3 MB ( 74.0%)
     124.6 MB / 168.3 MB ( 74.1%)
     124.6 MB / 168.3 MB ( 74.1%)
     124.6 MB / 168.3 MB ( 74.1%)
     124.6 MB / 168.3 MB ( 74.1%)
     124.6 MB / 168.3 MB ( 74.1%)
     124.7 MB / 168.3 MB ( 74.1%)
     124.7 MB / 168.3 MB ( 74.1%)
     124.7 MB / 168.3 MB ( 74.1%)
     124.7 MB / 168.3 MB ( 74.1%)
     124.7 MB / 168.3 MB ( 74.1%)
     124.7 MB / 168.3 MB ( 74.1%)
     124.7 MB / 168.3 MB ( 74.1%)
     124.7 MB / 168.3 MB ( 74.1%)
     124.7 MB / 168.3 MB ( 74.1%)
     124.7 MB / 168.3 MB ( 74.1%)
     124.7 MB / 168.3 MB ( 74.1%)
     124.7 MB / 168.3 MB ( 74.1%)
     124.8 MB / 168.3 MB ( 74.1%)
     124.8 MB / 168.3 MB ( 74.1%)
     124.8 MB / 168.3 MB ( 74.1%)
     124.8 MB / 168.3 MB ( 74.2%)
     124.8 MB / 168.3 MB ( 74.2%)
     124.8 MB / 168.3 MB ( 74.2%)
     124.8 MB / 168.3 MB ( 74.2%)
     124.8 MB / 168.3 MB ( 74.2%)
     124.8 MB / 168.3 MB ( 74.2%)
     124.8 MB / 168.3 MB ( 74.2%)
     124.8 MB / 168.3 MB ( 74.2%)
     124.8 MB / 168.3 MB ( 74.2%)
     124.9 MB / 168.3 MB ( 74.2%)
     124.9 MB / 168.3 MB ( 74.2%)
     124.9 MB / 168.3 MB ( 74.2%)
     124.9 MB / 168.3 MB ( 74.2%)
     124.9 MB / 168.3 MB ( 74.2%)
     124.9 MB / 168.3 MB ( 74.2%)
     124.9 MB / 168.3 MB ( 74.2%)
     124.9 MB / 168.3 MB ( 74.2%)
     124.9 MB / 168.3 MB ( 74.2%)
     124.9 MB / 168.3 MB ( 74.2%)
     124.9 MB / 168.3 MB ( 74.2%)
     124.9 MB / 168.3 MB ( 74.2%)
     125.0 MB / 168.3 MB ( 74.3%)
     125.0 MB / 168.3 MB ( 74.3%)
     125.0 MB / 168.3 MB ( 74.3%)
     125.0 MB / 168.3 MB ( 74.3%)
     125.0 MB / 168.3 MB ( 74.3%)
     125.0 MB / 168.3 MB ( 74.3%)
     125.0 MB / 168.3 MB ( 74.3%)
     125.0 MB / 168.3 MB ( 74.3%)
     125.0 MB / 168.3 MB ( 74.3%)
     125.0 MB / 168.3 MB ( 74.3%)
     125.0 MB / 168.3 MB ( 74.3%)
     125.0 MB / 168.3 MB ( 74.3%)
     125.1 MB / 168.3 MB ( 74.3%)
     125.1 MB / 168.3 MB ( 74.3%)
     125.1 MB / 168.3 MB ( 74.3%)
     125.1 MB / 168.3 MB ( 74.3%)
     125.1 MB / 168.3 MB ( 74.3%)
     125.1 MB / 168.3 MB ( 74.3%)
     125.1 MB / 168.3 MB ( 74.3%)
     125.1 MB / 168.3 MB ( 74.3%)
     125.1 MB / 168.3 MB ( 74.3%)
     125.1 MB / 168.3 MB ( 74.4%)
     125.1 MB / 168.3 MB ( 74.4%)
     125.1 MB / 168.3 MB ( 74.4%)
     125.1 MB / 168.3 MB ( 74.4%)
     125.2 MB / 168.3 MB ( 74.4%)
     125.2 MB / 168.3 MB ( 74.4%)
     125.2 MB / 168.3 MB ( 74.4%)
     125.2 MB / 168.3 MB ( 74.4%)
     125.2 MB / 168.3 MB ( 74.4%)
     125.2 MB / 168.3 MB ( 74.4%)
     125.2 MB / 168.3 MB ( 74.4%)
     125.2 MB / 168.3 MB ( 74.4%)
     125.2 MB / 168.3 MB ( 74.4%)
     125.2 MB / 168.3 MB ( 74.4%)
     125.2 MB / 168.3 MB ( 74.4%)
     125.2 MB / 168.3 MB ( 74.4%)
     125.3 MB / 168.3 MB ( 74.4%)
     125.3 MB / 168.3 MB ( 74.4%)
     125.3 MB / 168.3 MB ( 74.4%)
     125.3 MB / 168.3 MB ( 74.4%)
     125.3 MB / 168.3 MB ( 74.5%)
     125.3 MB / 168.3 MB ( 74.5%)
     125.3 MB / 168.3 MB ( 74.5%)
     125.3 MB / 168.3 MB ( 74.5%)
     125.3 MB / 168.3 MB ( 74.5%)
     125.3 MB / 168.3 MB ( 74.5%)
     125.3 MB / 168.3 MB ( 74.5%)
     125.3 MB / 168.3 MB ( 74.5%)
     125.4 MB / 168.3 MB ( 74.5%)
     125.4 MB / 168.3 MB ( 74.5%)
     125.4 MB / 168.3 MB ( 74.5%)
     125.4 MB / 168.3 MB ( 74.5%)
     125.4 MB / 168.3 MB ( 74.5%)
     125.4 MB / 168.3 MB ( 74.5%)
     125.4 MB / 168.3 MB ( 74.5%)
     125.4 MB / 168.3 MB ( 74.5%)
     125.4 MB / 168.3 MB ( 74.5%)
     125.4 MB / 168.3 MB ( 74.5%)
     125.4 MB / 168.3 MB ( 74.5%)
     125.4 MB / 168.3 MB ( 74.5%)
     125.5 MB / 168.3 MB ( 74.5%)
     125.5 MB / 168.3 MB ( 74.6%)
     125.5 MB / 168.3 MB ( 74.6%)
     125.5 MB / 168.3 MB ( 74.6%)
     125.5 MB / 168.3 MB ( 74.6%)
     125.5 MB / 168.3 MB ( 74.6%)
     125.5 MB / 168.3 MB ( 74.6%)
     125.5 MB / 168.3 MB ( 74.6%)
     125.5 MB / 168.3 MB ( 74.6%)
     125.5 MB / 168.3 MB ( 74.6%)
     125.5 MB / 168.3 MB ( 74.6%)
     125.5 MB / 168.3 MB ( 74.6%)
     125.6 MB / 168.3 MB ( 74.6%)
     125.6 MB / 168.3 MB ( 74.6%)
     125.6 MB / 168.3 MB ( 74.6%)
     125.6 MB / 168.3 MB ( 74.6%)
     125.6 MB / 168.3 MB ( 74.6%)
     125.6 MB / 168.3 MB ( 74.6%)
     125.6 MB / 168.3 MB ( 74.6%)
     125.6 MB / 168.3 MB ( 74.6%)
     125.6 MB / 168.3 MB ( 74.6%)
     125.6 MB / 168.3 MB ( 74.7%)
     125.6 MB / 168.3 MB ( 74.7%)
     125.6 MB / 168.3 MB ( 74.7%)
     125.6 MB / 168.3 MB ( 74.7%)
     125.7 MB / 168.3 MB ( 74.7%)
     125.7 MB / 168.3 MB ( 74.7%)
     125.7 MB / 168.3 MB ( 74.7%)
     125.7 MB / 168.3 MB ( 74.7%)
     125.7 MB / 168.3 MB ( 74.7%)
     125.7 MB / 168.3 MB ( 74.7%)
     125.7 MB / 168.3 MB ( 74.7%)
     125.7 MB / 168.3 MB ( 74.7%)
     125.7 MB / 168.3 MB ( 74.7%)
     125.7 MB / 168.3 MB ( 74.7%)
     125.7 MB / 168.3 MB ( 74.7%)
     125.7 MB / 168.3 MB ( 74.7%)
     125.8 MB / 168.3 MB ( 74.7%)
     125.8 MB / 168.3 MB ( 74.7%)
     125.8 MB / 168.3 MB ( 74.7%)
     125.8 MB / 168.3 MB ( 74.7%)
     125.8 MB / 168.3 MB ( 74.7%)
     125.8 MB / 168.3 MB ( 74.8%)
     125.8 MB / 168.3 MB ( 74.8%)
     125.8 MB / 168.3 MB ( 74.8%)
     125.8 MB / 168.3 MB ( 74.8%)
     125.8 MB / 168.3 MB ( 74.8%)
     125.8 MB / 168.3 MB ( 74.8%)
     125.8 MB / 168.3 MB ( 74.8%)
     125.9 MB / 168.3 MB ( 74.8%)
     125.9 MB / 168.3 MB ( 74.8%)
     125.9 MB / 168.3 MB ( 74.8%)
     125.9 MB / 168.3 MB ( 74.8%)
     125.9 MB / 168.3 MB ( 74.8%)
     125.9 MB / 168.3 MB ( 74.8%)
     125.9 MB / 168.3 MB ( 74.8%)
     125.9 MB / 168.3 MB ( 74.8%)
     125.9 MB / 168.3 MB ( 74.8%)
     125.9 MB / 168.3 MB ( 74.8%)
     125.9 MB / 168.3 MB ( 74.8%)
     125.9 MB / 168.3 MB ( 74.8%)
     126.0 MB / 168.3 MB ( 74.8%)
     126.0 MB / 168.3 MB ( 74.9%)
     126.0 MB / 168.3 MB ( 74.9%)
     126.0 MB / 168.3 MB ( 74.9%)
     126.0 MB / 168.3 MB ( 74.9%)
     126.0 MB / 168.3 MB ( 74.9%)
     126.0 MB / 168.3 MB ( 74.9%)
     126.0 MB / 168.3 MB ( 74.9%)
     126.0 MB / 168.3 MB ( 74.9%)
     126.0 MB / 168.3 MB ( 74.9%)
     126.0 MB / 168.3 MB ( 74.9%)
     126.0 MB / 168.3 MB ( 74.9%)
     126.1 MB / 168.3 MB ( 74.9%)
     126.1 MB / 168.3 MB ( 74.9%)
     126.1 MB / 168.3 MB ( 74.9%)
     126.1 MB / 168.3 MB ( 74.9%)
     126.1 MB / 168.3 MB ( 74.9%)
     126.1 MB / 168.3 MB ( 74.9%)
     126.1 MB / 168.3 MB ( 74.9%)
     126.1 MB / 168.3 MB ( 74.9%)
     126.1 MB / 168.3 MB ( 74.9%)
     126.1 MB / 168.3 MB ( 74.9%)
     126.1 MB / 168.3 MB ( 75.0%)
     126.1 MB / 168.3 MB ( 75.0%)
     126.1 MB / 168.3 MB ( 75.0%)
     126.2 MB / 168.3 MB ( 75.0%)
     126.2 MB / 168.3 MB ( 75.0%)
     126.2 MB / 168.3 MB ( 75.0%)
     126.2 MB / 168.3 MB ( 75.0%)
     126.2 MB / 168.3 MB ( 75.0%)
     126.2 MB / 168.3 MB ( 75.0%)
     126.2 MB / 168.3 MB ( 75.0%)
     126.2 MB / 168.3 MB ( 75.0%)
     126.2 MB / 168.3 MB ( 75.0%)
     126.2 MB / 168.3 MB ( 75.0%)
     126.2 MB / 168.3 MB ( 75.0%)
     126.2 MB / 168.3 MB ( 75.0%)
     126.3 MB / 168.3 MB ( 75.0%)
     126.3 MB / 168.3 MB ( 75.0%)
     126.3 MB / 168.3 MB ( 75.0%)
     126.3 MB / 168.3 MB ( 75.0%)
     126.3 MB / 168.3 MB ( 75.0%)
     126.3 MB / 168.3 MB ( 75.1%)
     126.3 MB / 168.3 MB ( 75.1%)
     126.3 MB / 168.3 MB ( 75.1%)
     126.3 MB / 168.3 MB ( 75.1%)
     126.3 MB / 168.3 MB ( 75.1%)
     126.3 MB / 168.3 MB ( 75.1%)
     126.3 MB / 168.3 MB ( 75.1%)
     126.4 MB / 168.3 MB ( 75.1%)
     126.4 MB / 168.3 MB ( 75.1%)
     126.4 MB / 168.3 MB ( 75.1%)
     126.4 MB / 168.3 MB ( 75.1%)
     126.4 MB / 168.3 MB ( 75.1%)
     126.4 MB / 168.3 MB ( 75.1%)
     126.4 MB / 168.3 MB ( 75.1%)
     126.4 MB / 168.3 MB ( 75.1%)
     126.4 MB / 168.3 MB ( 75.1%)
     126.4 MB / 168.3 MB ( 75.1%)
     126.4 MB / 168.3 MB ( 75.1%)
     126.4 MB / 168.3 MB ( 75.1%)
     126.5 MB / 168.3 MB ( 75.1%)
     126.5 MB / 168.3 MB ( 75.1%)
     126.5 MB / 168.3 MB ( 75.2%)
     126.5 MB / 168.3 MB ( 75.2%)
     126.5 MB / 168.3 MB ( 75.2%)
     126.5 MB / 168.3 MB ( 75.2%)
     126.5 MB / 168.3 MB ( 75.2%)
     126.5 MB / 168.3 MB ( 75.2%)
     126.5 MB / 168.3 MB ( 75.2%)
     126.5 MB / 168.3 MB ( 75.2%)
     126.5 MB / 168.3 MB ( 75.2%)
     126.5 MB / 168.3 MB ( 75.2%)
     126.6 MB / 168.3 MB ( 75.2%)
     126.6 MB / 168.3 MB ( 75.2%)
     126.6 MB / 168.3 MB ( 75.2%)
     126.6 MB / 168.3 MB ( 75.2%)
     126.6 MB / 168.3 MB ( 75.2%)
     126.6 MB / 168.3 MB ( 75.2%)
     126.6 MB / 168.3 MB ( 75.2%)
     126.6 MB / 168.3 MB ( 75.2%)
     126.6 MB / 168.3 MB ( 75.2%)
     126.6 MB / 168.3 MB ( 75.2%)
     126.6 MB / 168.3 MB ( 75.3%)
     126.6 MB / 168.3 MB ( 75.3%)
     126.6 MB / 168.3 MB ( 75.3%)
     126.7 MB / 168.3 MB ( 75.3%)
     126.7 MB / 168.3 MB ( 75.3%)
     126.7 MB / 168.3 MB ( 75.3%)
     126.7 MB / 168.3 MB ( 75.3%)
     126.7 MB / 168.3 MB ( 75.3%)
     126.7 MB / 168.3 MB ( 75.3%)
     126.7 MB / 168.3 MB ( 75.3%)
     126.7 MB / 168.3 MB ( 75.3%)
     126.7 MB / 168.3 MB ( 75.3%)
     126.7 MB / 168.3 MB ( 75.3%)
     126.7 MB / 168.3 MB ( 75.3%)
     126.7 MB / 168.3 MB ( 75.3%)
     126.8 MB / 168.3 MB ( 75.3%)
     126.8 MB / 168.3 MB ( 75.3%)
     126.8 MB / 168.3 MB ( 75.3%)
     126.8 MB / 168.3 MB ( 75.3%)
     126.8 MB / 168.3 MB ( 75.3%)
     126.8 MB / 168.3 MB ( 75.3%)
     126.8 MB / 168.3 MB ( 75.4%)
     126.8 MB / 168.3 MB ( 75.4%)
     126.8 MB / 168.3 MB ( 75.4%)
     126.8 MB / 168.3 MB ( 75.4%)
     126.8 MB / 168.3 MB ( 75.4%)
     126.8 MB / 168.3 MB ( 75.4%)
     126.9 MB / 168.3 MB ( 75.4%)
     126.9 MB / 168.3 MB ( 75.4%)
     126.9 MB / 168.3 MB ( 75.4%)
     126.9 MB / 168.3 MB ( 75.4%)
     126.9 MB / 168.3 MB ( 75.4%)
     126.9 MB / 168.3 MB ( 75.4%)
     126.9 MB / 168.3 MB ( 75.4%)
     126.9 MB / 168.3 MB ( 75.4%)
     126.9 MB / 168.3 MB ( 75.4%)
     126.9 MB / 168.3 MB ( 75.4%)
     126.9 MB / 168.3 MB ( 75.4%)
     126.9 MB / 168.3 MB ( 75.4%)
     127.0 MB / 168.3 MB ( 75.4%)
     127.0 MB / 168.3 MB ( 75.4%)
     127.0 MB / 168.3 MB ( 75.5%)
     127.0 MB / 168.3 MB ( 75.5%)
     127.0 MB / 168.3 MB ( 75.5%)
     127.0 MB / 168.3 MB ( 75.5%)
     127.0 MB / 168.3 MB ( 75.5%)
     127.0 MB / 168.3 MB ( 75.5%)
     127.0 MB / 168.3 MB ( 75.5%)
     127.0 MB / 168.3 MB ( 75.5%)
     127.0 MB / 168.3 MB ( 75.5%)
     127.0 MB / 168.3 MB ( 75.5%)
     127.0 MB / 168.3 MB ( 75.5%)
     127.1 MB / 168.3 MB ( 75.5%)
     127.1 MB / 168.3 MB ( 75.5%)
     127.1 MB / 168.3 MB ( 75.5%)
     127.1 MB / 168.3 MB ( 75.5%)
     127.1 MB / 168.3 MB ( 75.5%)
     127.1 MB / 168.3 MB ( 75.5%)
     127.1 MB / 168.3 MB ( 75.5%)
     127.1 MB / 168.3 MB ( 75.5%)
     127.1 MB / 168.3 MB ( 75.5%)
     127.1 MB / 168.3 MB ( 75.5%)
     127.1 MB / 168.3 MB ( 75.6%)
     127.1 MB / 168.3 MB ( 75.6%)
     127.2 MB / 168.3 MB ( 75.6%)
     127.2 MB / 168.3 MB ( 75.6%)
     127.2 MB / 168.3 MB ( 75.6%)
     127.2 MB / 168.3 MB ( 75.6%)
     127.2 MB / 168.3 MB ( 75.6%)
     127.2 MB / 168.3 MB ( 75.6%)
     127.2 MB / 168.3 MB ( 75.6%)
     127.2 MB / 168.3 MB ( 75.6%)
     127.2 MB / 168.3 MB ( 75.6%)
     127.2 MB / 168.3 MB ( 75.6%)
     127.2 MB / 168.3 MB ( 75.6%)
     127.2 MB / 168.3 MB ( 75.6%)
     127.3 MB / 168.3 MB ( 75.6%)
     127.3 MB / 168.3 MB ( 75.6%)
     127.3 MB / 168.3 MB ( 75.6%)
     127.3 MB / 168.3 MB ( 75.6%)
     127.3 MB / 168.3 MB ( 75.6%)
     127.3 MB / 168.3 MB ( 75.6%)
     127.3 MB / 168.3 MB ( 75.6%)
     127.3 MB / 168.3 MB ( 75.7%)
     127.3 MB / 168.3 MB ( 75.7%)
     127.3 MB / 168.3 MB ( 75.7%)
     127.3 MB / 168.3 MB ( 75.7%)
     127.3 MB / 168.3 MB ( 75.7%)
     127.4 MB / 168.3 MB ( 75.7%)
     127.4 MB / 168.3 MB ( 75.7%)
     127.4 MB / 168.3 MB ( 75.7%)
     127.4 MB / 168.3 MB ( 75.7%)
     127.4 MB / 168.3 MB ( 75.7%)
     127.4 MB / 168.3 MB ( 75.7%)
     127.4 MB / 168.3 MB ( 75.7%)
     127.4 MB / 168.3 MB ( 75.7%)
     127.4 MB / 168.3 MB ( 75.7%)
     127.4 MB / 168.3 MB ( 75.7%)
     127.4 MB / 168.3 MB ( 75.7%)
     127.4 MB / 168.3 MB ( 75.7%)
     127.5 MB / 168.3 MB ( 75.7%)
     127.5 MB / 168.3 MB ( 75.7%)
     127.5 MB / 168.3 MB ( 75.7%)
     127.5 MB / 168.3 MB ( 75.8%)
     127.5 MB / 168.3 MB ( 75.8%)
     127.5 MB / 168.3 MB ( 75.8%)
     127.5 MB / 168.3 MB ( 75.8%)
     127.5 MB / 168.3 MB ( 75.8%)
     127.5 MB / 168.3 MB ( 75.8%)
     127.5 MB / 168.3 MB ( 75.8%)
     127.5 MB / 168.3 MB ( 75.8%)
     127.5 MB / 168.3 MB ( 75.8%)
     127.5 MB / 168.3 MB ( 75.8%)
     127.6 MB / 168.3 MB ( 75.8%)
     127.6 MB / 168.3 MB ( 75.8%)
     127.6 MB / 168.3 MB ( 75.8%)
     127.6 MB / 168.3 MB ( 75.8%)
     127.6 MB / 168.3 MB ( 75.8%)
     127.6 MB / 168.3 MB ( 75.8%)
     127.6 MB / 168.3 MB ( 75.8%)
     127.6 MB / 168.3 MB ( 75.8%)
     127.6 MB / 168.3 MB ( 75.8%)
     127.6 MB / 168.3 MB ( 75.8%)
     127.6 MB / 168.3 MB ( 75.8%)
     127.6 MB / 168.3 MB ( 75.9%)
     127.7 MB / 168.3 MB ( 75.9%)
     127.7 MB / 168.3 MB ( 75.9%)
     127.7 MB / 168.3 MB ( 75.9%)
     127.7 MB / 168.3 MB ( 75.9%)
     127.7 MB / 168.3 MB ( 75.9%)
     127.7 MB / 168.3 MB ( 75.9%)
     127.7 MB / 168.3 MB ( 75.9%)
     127.7 MB / 168.3 MB ( 75.9%)
     127.7 MB / 168.3 MB ( 75.9%)
     127.7 MB / 168.3 MB ( 75.9%)
     127.7 MB / 168.3 MB ( 75.9%)
     127.7 MB / 168.3 MB ( 75.9%)
     127.8 MB / 168.3 MB ( 75.9%)
     127.8 MB / 168.3 MB ( 75.9%)
     127.8 MB / 168.3 MB ( 75.9%)
     127.8 MB / 168.3 MB ( 75.9%)
     127.8 MB / 168.3 MB ( 75.9%)
     127.8 MB / 168.3 MB ( 75.9%)
     127.8 MB / 168.3 MB ( 75.9%)
     127.8 MB / 168.3 MB ( 76.0%)
     127.8 MB / 168.3 MB ( 76.0%)
     127.8 MB / 168.3 MB ( 76.0%)
     127.8 MB / 168.3 MB ( 76.0%)
     127.8 MB / 168.3 MB ( 76.0%)
     127.9 MB / 168.3 MB ( 76.0%)
     127.9 MB / 168.3 MB ( 76.0%)
     127.9 MB / 168.3 MB ( 76.0%)
     127.9 MB / 168.3 MB ( 76.0%)
     127.9 MB / 168.3 MB ( 76.0%)
     127.9 MB / 168.3 MB ( 76.0%)
     127.9 MB / 168.3 MB ( 76.0%)
     127.9 MB / 168.3 MB ( 76.0%)
     127.9 MB / 168.3 MB ( 76.0%)
     127.9 MB / 168.3 MB ( 76.0%)
     127.9 MB / 168.3 MB ( 76.0%)
     127.9 MB / 168.3 MB ( 76.0%)
     128.0 MB / 168.3 MB ( 76.0%)
     128.0 MB / 168.3 MB ( 76.0%)
     128.0 MB / 168.3 MB ( 76.0%)
     128.0 MB / 168.3 MB ( 76.0%)
     128.0 MB / 168.3 MB ( 76.1%)
     128.0 MB / 168.3 MB ( 76.1%)
     128.0 MB / 168.3 MB ( 76.1%)
     128.0 MB / 168.3 MB ( 76.1%)
     128.0 MB / 168.3 MB ( 76.1%)
     128.0 MB / 168.3 MB ( 76.1%)
     128.0 MB / 168.3 MB ( 76.1%)
     128.0 MB / 168.3 MB ( 76.1%)
     128.0 MB / 168.3 MB ( 76.1%)
     128.1 MB / 168.3 MB ( 76.1%)
     128.1 MB / 168.3 MB ( 76.1%)
     128.1 MB / 168.3 MB ( 76.1%)
     128.1 MB / 168.3 MB ( 76.1%)
     128.1 MB / 168.3 MB ( 76.1%)
     128.1 MB / 168.3 MB ( 76.1%)
     128.1 MB / 168.3 MB ( 76.1%)
     128.1 MB / 168.3 MB ( 76.1%)
     128.1 MB / 168.3 MB ( 76.1%)
     128.1 MB / 168.3 MB ( 76.1%)
     128.1 MB / 168.3 MB ( 76.1%)
     128.1 MB / 168.3 MB ( 76.2%)
     128.2 MB / 168.3 MB ( 76.2%)
     128.2 MB / 168.3 MB ( 76.2%)
     128.2 MB / 168.3 MB ( 76.2%)
     128.2 MB / 168.3 MB ( 76.2%)
     128.2 MB / 168.3 MB ( 76.2%)
     128.2 MB / 168.3 MB ( 76.2%)
     128.2 MB / 168.3 MB ( 76.2%)
     128.2 MB / 168.3 MB ( 76.2%)
     128.2 MB / 168.3 MB ( 76.2%)
     128.2 MB / 168.3 MB ( 76.2%)
     128.2 MB / 168.3 MB ( 76.2%)
     128.2 MB / 168.3 MB ( 76.2%)
     128.3 MB / 168.3 MB ( 76.2%)
     128.3 MB / 168.3 MB ( 76.2%)
     128.3 MB / 168.3 MB ( 76.2%)
     128.3 MB / 168.3 MB ( 76.2%)
     128.3 MB / 168.3 MB ( 76.2%)
     128.3 MB / 168.3 MB ( 76.2%)
     128.3 MB / 168.3 MB ( 76.2%)
     128.3 MB / 168.3 MB ( 76.2%)
     128.3 MB / 168.3 MB ( 76.3%)
     128.3 MB / 168.3 MB ( 76.3%)
     128.3 MB / 168.3 MB ( 76.3%)
     128.3 MB / 168.3 MB ( 76.3%)
     128.4 MB / 168.3 MB ( 76.3%)
     128.4 MB / 168.3 MB ( 76.3%)
     128.4 MB / 168.3 MB ( 76.3%)
     128.4 MB / 168.3 MB ( 76.3%)
     128.4 MB / 168.3 MB ( 76.3%)
     128.4 MB / 168.3 MB ( 76.3%)
     128.4 MB / 168.3 MB ( 76.3%)
     128.4 MB / 168.3 MB ( 76.3%)
     128.4 MB / 168.3 MB ( 76.3%)
     128.4 MB / 168.3 MB ( 76.3%)
     128.4 MB / 168.3 MB ( 76.3%)
     128.4 MB / 168.3 MB ( 76.3%)
     128.5 MB / 168.3 MB ( 76.3%)
     128.5 MB / 168.3 MB ( 76.3%)
     128.5 MB / 168.3 MB ( 76.3%)
     128.5 MB / 168.3 MB ( 76.3%)
     128.5 MB / 168.3 MB ( 76.4%)
     128.5 MB / 168.3 MB ( 76.4%)
     128.5 MB / 168.3 MB ( 76.4%)
     128.5 MB / 168.3 MB ( 76.4%)
     128.5 MB / 168.3 MB ( 76.4%)
     128.5 MB / 168.3 MB ( 76.4%)
     128.5 MB / 168.3 MB ( 76.4%)
     128.5 MB / 168.3 MB ( 76.4%)
     128.5 MB / 168.3 MB ( 76.4%)
     128.6 MB / 168.3 MB ( 76.4%)
     128.6 MB / 168.3 MB ( 76.4%)
     128.6 MB / 168.3 MB ( 76.4%)
     128.6 MB / 168.3 MB ( 76.4%)
     128.6 MB / 168.3 MB ( 76.4%)
     128.6 MB / 168.3 MB ( 76.4%)
     128.6 MB / 168.3 MB ( 76.4%)
     128.6 MB / 168.3 MB ( 76.4%)
     128.6 MB / 168.3 MB ( 76.4%)
     128.6 MB / 168.3 MB ( 76.4%)
     128.6 MB / 168.3 MB ( 76.4%)
     128.6 MB / 168.3 MB ( 76.4%)
     128.7 MB / 168.3 MB ( 76.5%)
     128.7 MB / 168.3 MB ( 76.5%)
     128.7 MB / 168.3 MB ( 76.5%)
     128.7 MB / 168.3 MB ( 76.5%)
     128.7 MB / 168.3 MB ( 76.5%)
     128.7 MB / 168.3 MB ( 76.5%)
     128.7 MB / 168.3 MB ( 76.5%)
     128.7 MB / 168.3 MB ( 76.5%)
     128.7 MB / 168.3 MB ( 76.5%)
     128.7 MB / 168.3 MB ( 76.5%)
     128.7 MB / 168.3 MB ( 76.5%)
     128.7 MB / 168.3 MB ( 76.5%)
     128.8 MB / 168.3 MB ( 76.5%)
     128.8 MB / 168.3 MB ( 76.5%)
     128.8 MB / 168.3 MB ( 76.5%)
     128.8 MB / 168.3 MB ( 76.5%)
     128.8 MB / 168.3 MB ( 76.5%)
     128.8 MB / 168.3 MB ( 76.5%)
     128.8 MB / 168.3 MB ( 76.5%)
     128.8 MB / 168.3 MB ( 76.5%)
     128.8 MB / 168.3 MB ( 76.6%)
     128.8 MB / 168.3 MB ( 76.6%)
     128.8 MB / 168.3 MB ( 76.6%)
     128.8 MB / 168.3 MB ( 76.6%)
     128.9 MB / 168.3 MB ( 76.6%)
     128.9 MB / 168.3 MB ( 76.6%)
     128.9 MB / 168.3 MB ( 76.6%)
     128.9 MB / 168.3 MB ( 76.6%)
     128.9 MB / 168.3 MB ( 76.6%)
     128.9 MB / 168.3 MB ( 76.6%)
     128.9 MB / 168.3 MB ( 76.6%)
     128.9 MB / 168.3 MB ( 76.6%)
     128.9 MB / 168.3 MB ( 76.6%)
     128.9 MB / 168.3 MB ( 76.6%)
     128.9 MB / 168.3 MB ( 76.6%)
     128.9 MB / 168.3 MB ( 76.6%)
     129.0 MB / 168.3 MB ( 76.6%)
     129.0 MB / 168.3 MB ( 76.6%)
     129.0 MB / 168.3 MB ( 76.6%)
     129.0 MB / 168.3 MB ( 76.6%)
     129.0 MB / 168.3 MB ( 76.6%)
     129.0 MB / 168.3 MB ( 76.7%)
     129.0 MB / 168.3 MB ( 76.7%)
     129.0 MB / 168.3 MB ( 76.7%)
     129.0 MB / 168.3 MB ( 76.7%)
     129.0 MB / 168.3 MB ( 76.7%)
     129.0 MB / 168.3 MB ( 76.7%)
     129.0 MB / 168.3 MB ( 76.7%)
     129.0 MB / 168.3 MB ( 76.7%)
     129.1 MB / 168.3 MB ( 76.7%)
     129.1 MB / 168.3 MB ( 76.7%)
     129.1 MB / 168.3 MB ( 76.7%)
     129.1 MB / 168.3 MB ( 76.7%)
     129.1 MB / 168.3 MB ( 76.7%)
     129.1 MB / 168.3 MB ( 76.7%)
     129.1 MB / 168.3 MB ( 76.7%)
     129.1 MB / 168.3 MB ( 76.7%)
     129.1 MB / 168.3 MB ( 76.7%)
     129.1 MB / 168.3 MB ( 76.7%)
     129.1 MB / 168.3 MB ( 76.7%)
     129.1 MB / 168.3 MB ( 76.7%)
     129.2 MB / 168.3 MB ( 76.7%)
     129.2 MB / 168.3 MB ( 76.8%)
     129.2 MB / 168.3 MB ( 76.8%)
     129.2 MB / 168.3 MB ( 76.8%)
     129.2 MB / 168.3 MB ( 76.8%)
     129.2 MB / 168.3 MB ( 76.8%)
     129.2 MB / 168.3 MB ( 76.8%)
     129.2 MB / 168.3 MB ( 76.8%)
     129.2 MB / 168.3 MB ( 76.8%)
     129.2 MB / 168.3 MB ( 76.8%)
     129.2 MB / 168.3 MB ( 76.8%)
     129.2 MB / 168.3 MB ( 76.8%)
     129.3 MB / 168.3 MB ( 76.8%)
     129.3 MB / 168.3 MB ( 76.8%)
     129.3 MB / 168.3 MB ( 76.8%)
     129.3 MB / 168.3 MB ( 76.8%)
     129.3 MB / 168.3 MB ( 76.8%)
     129.3 MB / 168.3 MB ( 76.8%)
     129.3 MB / 168.3 MB ( 76.8%)
     129.3 MB / 168.3 MB ( 76.8%)
     129.3 MB / 168.3 MB ( 76.8%)
     129.3 MB / 168.3 MB ( 76.9%)
     129.3 MB / 168.3 MB ( 76.9%)
     129.3 MB / 168.3 MB ( 76.9%)
     129.4 MB / 168.3 MB ( 76.9%)
     129.4 MB / 168.3 MB ( 76.9%)
     129.4 MB / 168.3 MB ( 76.9%)
     129.4 MB / 168.3 MB ( 76.9%)
     129.4 MB / 168.3 MB ( 76.9%)
     129.4 MB / 168.3 MB ( 76.9%)
     129.4 MB / 168.3 MB ( 76.9%)
     129.4 MB / 168.3 MB ( 76.9%)
     129.4 MB / 168.3 MB ( 76.9%)
     129.4 MB / 168.3 MB ( 76.9%)
     129.4 MB / 168.3 MB ( 76.9%)
     129.4 MB / 168.3 MB ( 76.9%)
     129.4 MB / 168.3 MB ( 76.9%)
     129.5 MB / 168.3 MB ( 76.9%)
     129.5 MB / 168.3 MB ( 76.9%)
     129.5 MB / 168.3 MB ( 76.9%)
     129.5 MB / 168.3 MB ( 76.9%)
     129.5 MB / 168.3 MB ( 76.9%)
     129.5 MB / 168.3 MB ( 77.0%)
     129.5 MB / 168.3 MB ( 77.0%)
     129.5 MB / 168.3 MB ( 77.0%)
     129.5 MB / 168.3 MB ( 77.0%)
     129.5 MB / 168.3 MB ( 77.0%)
     129.5 MB / 168.3 MB ( 77.0%)
     129.5 MB / 168.3 MB ( 77.0%)
     129.6 MB / 168.3 MB ( 77.0%)
     129.6 MB / 168.3 MB ( 77.0%)
     129.6 MB / 168.3 MB ( 77.0%)
     129.6 MB / 168.3 MB ( 77.0%)
     129.6 MB / 168.3 MB ( 77.0%)
     129.6 MB / 168.3 MB ( 77.0%)
     129.6 MB / 168.3 MB ( 77.0%)
     129.6 MB / 168.3 MB ( 77.0%)
     129.6 MB / 168.3 MB ( 77.0%)
     129.6 MB / 168.3 MB ( 77.0%)
     129.6 MB / 168.3 MB ( 77.0%)
     129.6 MB / 168.3 MB ( 77.0%)
     129.7 MB / 168.3 MB ( 77.0%)
     129.7 MB / 168.3 MB ( 77.1%)
     129.7 MB / 168.3 MB ( 77.1%)
     129.7 MB / 168.3 MB ( 77.1%)
     129.7 MB / 168.3 MB ( 77.1%)
     129.7 MB / 168.3 MB ( 77.1%)
     129.7 MB / 168.3 MB ( 77.1%)
     129.7 MB / 168.3 MB ( 77.1%)
     129.7 MB / 168.3 MB ( 77.1%)
     129.7 MB / 168.3 MB ( 77.1%)
     129.7 MB / 168.3 MB ( 77.1%)
     129.7 MB / 168.3 MB ( 77.1%)
     129.8 MB / 168.3 MB ( 77.1%)
     129.8 MB / 168.3 MB ( 77.1%)
     129.8 MB / 168.3 MB ( 77.1%)
     129.8 MB / 168.3 MB ( 77.1%)
     129.8 MB / 168.3 MB ( 77.1%)
     129.8 MB / 168.3 MB ( 77.1%)
     129.8 MB / 168.3 MB ( 77.1%)
     129.8 MB / 168.3 MB ( 77.1%)
     129.8 MB / 168.3 MB ( 77.1%)
     129.8 MB / 168.3 MB ( 77.1%)
     129.8 MB / 168.3 MB ( 77.2%)
     129.8 MB / 168.3 MB ( 77.2%)
     129.9 MB / 168.3 MB ( 77.2%)
     129.9 MB / 168.3 MB ( 77.2%)
     129.9 MB / 168.3 MB ( 77.2%)
     129.9 MB / 168.3 MB ( 77.2%)
     129.9 MB / 168.3 MB ( 77.2%)
     129.9 MB / 168.3 MB ( 77.2%)
     129.9 MB / 168.3 MB ( 77.2%)
     129.9 MB / 168.3 MB ( 77.2%)
     129.9 MB / 168.3 MB ( 77.2%)
     129.9 MB / 168.3 MB ( 77.2%)
     129.9 MB / 168.3 MB ( 77.2%)
     129.9 MB / 168.3 MB ( 77.2%)
     129.9 MB / 168.3 MB ( 77.2%)
     130.0 MB / 168.3 MB ( 77.2%)
     130.0 MB / 168.3 MB ( 77.2%)
     130.0 MB / 168.3 MB ( 77.2%)
     130.0 MB / 168.3 MB ( 77.2%)
     130.0 MB / 168.3 MB ( 77.2%)
     130.0 MB / 168.3 MB ( 77.3%)
     130.0 MB / 168.3 MB ( 77.3%)
     130.0 MB / 168.3 MB ( 77.3%)
     130.0 MB / 168.3 MB ( 77.3%)
     130.0 MB / 168.3 MB ( 77.3%)
     130.0 MB / 168.3 MB ( 77.3%)
     130.0 MB / 168.3 MB ( 77.3%)
     130.1 MB / 168.3 MB ( 77.3%)
     130.1 MB / 168.3 MB ( 77.3%)
     130.1 MB / 168.3 MB ( 77.3%)
     130.1 MB / 168.3 MB ( 77.3%)
     130.1 MB / 168.3 MB ( 77.3%)
     130.1 MB / 168.3 MB ( 77.3%)
     130.1 MB / 168.3 MB ( 77.3%)
     130.1 MB / 168.3 MB ( 77.3%)
     130.1 MB / 168.3 MB ( 77.3%)
     130.1 MB / 168.3 MB ( 77.3%)
     130.1 MB / 168.3 MB ( 77.3%)
     130.1 MB / 168.3 MB ( 77.3%)
     130.2 MB / 168.3 MB ( 77.3%)
     130.2 MB / 168.3 MB ( 77.3%)
     130.2 MB / 168.3 MB ( 77.4%)
     130.2 MB / 168.3 MB ( 77.4%)
     130.2 MB / 168.3 MB ( 77.4%)
     130.2 MB / 168.3 MB ( 77.4%)
     130.2 MB / 168.3 MB ( 77.4%)
     130.2 MB / 168.3 MB ( 77.4%)
     130.2 MB / 168.3 MB ( 77.4%)
     130.2 MB / 168.3 MB ( 77.4%)
     130.2 MB / 168.3 MB ( 77.4%)
     130.2 MB / 168.3 MB ( 77.4%)
     130.3 MB / 168.3 MB ( 77.4%)
     130.3 MB / 168.3 MB ( 77.4%)
     130.3 MB / 168.3 MB ( 77.4%)
     130.3 MB / 168.3 MB ( 77.4%)
     130.3 MB / 168.3 MB ( 77.4%)
     130.3 MB / 168.3 MB ( 77.4%)
     130.3 MB / 168.3 MB ( 77.4%)
     130.3 MB / 168.3 MB ( 77.4%)
     130.3 MB / 168.3 MB ( 77.4%)
     130.3 MB / 168.3 MB ( 77.4%)
     130.3 MB / 168.3 MB ( 77.5%)
     130.3 MB / 168.3 MB ( 77.5%)
     130.4 MB / 168.3 MB ( 77.5%)
     130.4 MB / 168.3 MB ( 77.5%)
     130.4 MB / 168.3 MB ( 77.5%)
     130.4 MB / 168.3 MB ( 77.5%)
     130.4 MB / 168.3 MB ( 77.5%)
     130.4 MB / 168.3 MB ( 77.5%)
     130.4 MB / 168.3 MB ( 77.5%)
     130.4 MB / 168.3 MB ( 77.5%)
     130.4 MB / 168.3 MB ( 77.5%)
     130.4 MB / 168.3 MB ( 77.5%)
     130.4 MB / 168.3 MB ( 77.5%)
     130.4 MB / 168.3 MB ( 77.5%)
     130.4 MB / 168.3 MB ( 77.5%)
     130.5 MB / 168.3 MB ( 77.5%)
     130.5 MB / 168.3 MB ( 77.5%)
     130.5 MB / 168.3 MB ( 77.5%)
     130.5 MB / 168.3 MB ( 77.5%)
     130.5 MB / 168.3 MB ( 77.5%)
     130.5 MB / 168.3 MB ( 77.5%)
     130.5 MB / 168.3 MB ( 77.6%)
     130.5 MB / 168.3 MB ( 77.6%)
     130.5 MB / 168.3 MB ( 77.6%)
     130.5 MB / 168.3 MB ( 77.6%)
     130.5 MB / 168.3 MB ( 77.6%)
     130.5 MB / 168.3 MB ( 77.6%)
     130.6 MB / 168.3 MB ( 77.6%)
     130.6 MB / 168.3 MB ( 77.6%)
     130.6 MB / 168.3 MB ( 77.6%)
     130.6 MB / 168.3 MB ( 77.6%)
     130.6 MB / 168.3 MB ( 77.6%)
     130.6 MB / 168.3 MB ( 77.6%)
     130.6 MB / 168.3 MB ( 77.6%)
     130.6 MB / 168.3 MB ( 77.6%)
     130.6 MB / 168.3 MB ( 77.6%)
     130.6 MB / 168.3 MB ( 77.6%)
     130.6 MB / 168.3 MB ( 77.6%)
     130.6 MB / 168.3 MB ( 77.6%)
     130.7 MB / 168.3 MB ( 77.6%)
     130.7 MB / 168.3 MB ( 77.6%)
     130.7 MB / 168.3 MB ( 77.7%)
     130.7 MB / 168.3 MB ( 77.7%)
     130.7 MB / 168.3 MB ( 77.7%)
     130.7 MB / 168.3 MB ( 77.7%)
     130.7 MB / 168.3 MB ( 77.7%)
     130.7 MB / 168.3 MB ( 77.7%)
     130.7 MB / 168.3 MB ( 77.7%)
     130.7 MB / 168.3 MB ( 77.7%)
     130.7 MB / 168.3 MB ( 77.7%)
     130.7 MB / 168.3 MB ( 77.7%)
     130.8 MB / 168.3 MB ( 77.7%)
     130.8 MB / 168.3 MB ( 77.7%)
     130.8 MB / 168.3 MB ( 77.7%)
     130.8 MB / 168.3 MB ( 77.7%)
     130.8 MB / 168.3 MB ( 77.7%)
     130.8 MB / 168.3 MB ( 77.7%)
     130.8 MB / 168.3 MB ( 77.7%)
     130.8 MB / 168.3 MB ( 77.7%)
     130.8 MB / 168.3 MB ( 77.7%)
     130.8 MB / 168.3 MB ( 77.7%)
     130.8 MB / 168.3 MB ( 77.7%)
     130.8 MB / 168.3 MB ( 77.8%)
     130.9 MB / 168.3 MB ( 77.8%)
     130.9 MB / 168.3 MB ( 77.8%)
     130.9 MB / 168.3 MB ( 77.8%)
     130.9 MB / 168.3 MB ( 77.8%)
     130.9 MB / 168.3 MB ( 77.8%)
     130.9 MB / 168.3 MB ( 77.8%)
     130.9 MB / 168.3 MB ( 77.8%)
     130.9 MB / 168.3 MB ( 77.8%)
     130.9 MB / 168.3 MB ( 77.8%)
     130.9 MB / 168.3 MB ( 77.8%)
     130.9 MB / 168.3 MB ( 77.8%)
     130.9 MB / 168.3 MB ( 77.8%)
     130.9 MB / 168.3 MB ( 77.8%)
     131.0 MB / 168.3 MB ( 77.8%)
     131.0 MB / 168.3 MB ( 77.8%)
     131.0 MB / 168.3 MB ( 77.8%)
     131.0 MB / 168.3 MB ( 77.8%)
     131.0 MB / 168.3 MB ( 77.8%)
     131.0 MB / 168.3 MB ( 77.8%)
     131.0 MB / 168.3 MB ( 77.9%)
     131.0 MB / 168.3 MB ( 77.9%)
     131.0 MB / 168.3 MB ( 77.9%)
     131.0 MB / 168.3 MB ( 77.9%)
     131.0 MB / 168.3 MB ( 77.9%)
     131.0 MB / 168.3 MB ( 77.9%)
     131.1 MB / 168.3 MB ( 77.9%)
     131.1 MB / 168.3 MB ( 77.9%)
     131.1 MB / 168.3 MB ( 77.9%)
     131.1 MB / 168.3 MB ( 77.9%)
     131.1 MB / 168.3 MB ( 77.9%)
     131.1 MB / 168.3 MB ( 77.9%)
     131.1 MB / 168.3 MB ( 77.9%)
     131.1 MB / 168.3 MB ( 77.9%)
     131.1 MB / 168.3 MB ( 77.9%)
     131.1 MB / 168.3 MB ( 77.9%)
     131.1 MB / 168.3 MB ( 77.9%)
     131.1 MB / 168.3 MB ( 77.9%)
     131.2 MB / 168.3 MB ( 77.9%)
     131.2 MB / 168.3 MB ( 77.9%)
     131.2 MB / 168.3 MB ( 77.9%)
     131.2 MB / 168.3 MB ( 78.0%)
     131.2 MB / 168.3 MB ( 78.0%)
     131.2 MB / 168.3 MB ( 78.0%)
     131.2 MB / 168.3 MB ( 78.0%)
     131.2 MB / 168.3 MB ( 78.0%)
     131.2 MB / 168.3 MB ( 78.0%)
     131.2 MB / 168.3 MB ( 78.0%)
     131.2 MB / 168.3 MB ( 78.0%)
     131.2 MB / 168.3 MB ( 78.0%)
     131.3 MB / 168.3 MB ( 78.0%)
     131.3 MB / 168.3 MB ( 78.0%)
     131.3 MB / 168.3 MB ( 78.0%)
     131.3 MB / 168.3 MB ( 78.0%)
     131.3 MB / 168.3 MB ( 78.0%)
     131.3 MB / 168.3 MB ( 78.0%)
     131.3 MB / 168.3 MB ( 78.0%)
     131.3 MB / 168.3 MB ( 78.0%)
     131.3 MB / 168.3 MB ( 78.0%)
     131.3 MB / 168.3 MB ( 78.0%)
     131.3 MB / 168.3 MB ( 78.0%)
     131.3 MB / 168.3 MB ( 78.0%)
     131.4 MB / 168.3 MB ( 78.1%)
     131.4 MB / 168.3 MB ( 78.1%)
     131.4 MB / 168.3 MB ( 78.1%)
     131.4 MB / 168.3 MB ( 78.1%)
     131.4 MB / 168.3 MB ( 78.1%)
     131.4 MB / 168.3 MB ( 78.1%)
     131.4 MB / 168.3 MB ( 78.1%)
     131.4 MB / 168.3 MB ( 78.1%)
     131.4 MB / 168.3 MB ( 78.1%)
     131.4 MB / 168.3 MB ( 78.1%)
     131.4 MB / 168.3 MB ( 78.1%)
     131.4 MB / 168.3 MB ( 78.1%)
     131.4 MB / 168.3 MB ( 78.1%)
     131.5 MB / 168.3 MB ( 78.1%)
     131.5 MB / 168.3 MB ( 78.1%)
     131.5 MB / 168.3 MB ( 78.1%)
     131.5 MB / 168.3 MB ( 78.1%)
     131.5 MB / 168.3 MB ( 78.1%)
     131.5 MB / 168.3 MB ( 78.1%)
     131.5 MB / 168.3 MB ( 78.1%)
     131.5 MB / 168.3 MB ( 78.2%)
     131.5 MB / 168.3 MB ( 78.2%)
     131.5 MB / 168.3 MB ( 78.2%)
     131.5 MB / 168.3 MB ( 78.2%)
     131.5 MB / 168.3 MB ( 78.2%)
     131.6 MB / 168.3 MB ( 78.2%)
     131.6 MB / 168.3 MB ( 78.2%)
     131.6 MB / 168.3 MB ( 78.2%)
     131.6 MB / 168.3 MB ( 78.2%)
     131.6 MB / 168.3 MB ( 78.2%)
     131.6 MB / 168.3 MB ( 78.2%)
     131.6 MB / 168.3 MB ( 78.2%)
     131.6 MB / 168.3 MB ( 78.2%)
     131.6 MB / 168.3 MB ( 78.2%)
     131.6 MB / 168.3 MB ( 78.2%)
     131.6 MB / 168.3 MB ( 78.2%)
     131.6 MB / 168.3 MB ( 78.2%)
     131.7 MB / 168.3 MB ( 78.2%)
     131.7 MB / 168.3 MB ( 78.2%)
     131.7 MB / 168.3 MB ( 78.2%)
     131.7 MB / 168.3 MB ( 78.2%)
     131.7 MB / 168.3 MB ( 78.3%)
     131.7 MB / 168.3 MB ( 78.3%)
     131.7 MB / 168.3 MB ( 78.3%)
     131.7 MB / 168.3 MB ( 78.3%)
     131.7 MB / 168.3 MB ( 78.3%)
     131.7 MB / 168.3 MB ( 78.3%)
     131.7 MB / 168.3 MB ( 78.3%)
     131.7 MB / 168.3 MB ( 78.3%)
     131.8 MB / 168.3 MB ( 78.3%)
     131.8 MB / 168.3 MB ( 78.3%)
     131.8 MB / 168.3 MB ( 78.3%)
     131.8 MB / 168.3 MB ( 78.3%)
     131.8 MB / 168.3 MB ( 78.3%)
     131.8 MB / 168.3 MB ( 78.3%)
     131.8 MB / 168.3 MB ( 78.3%)
     131.8 MB / 168.3 MB ( 78.3%)
     131.8 MB / 168.3 MB ( 78.3%)
     131.8 MB / 168.3 MB ( 78.3%)
     131.8 MB / 168.3 MB ( 78.3%)
     131.8 MB / 168.3 MB ( 78.3%)
     131.9 MB / 168.3 MB ( 78.4%)
     131.9 MB / 168.3 MB ( 78.4%)
     131.9 MB / 168.3 MB ( 78.4%)
     131.9 MB / 168.3 MB ( 78.4%)
     131.9 MB / 168.3 MB ( 78.4%)
     131.9 MB / 168.3 MB ( 78.4%)
     131.9 MB / 168.3 MB ( 78.4%)
     131.9 MB / 168.3 MB ( 78.4%)
     131.9 MB / 168.3 MB ( 78.4%)
     131.9 MB / 168.3 MB ( 78.4%)
     131.9 MB / 168.3 MB ( 78.4%)
     131.9 MB / 168.3 MB ( 78.4%)
     131.9 MB / 168.3 MB ( 78.4%)
     132.0 MB / 168.3 MB ( 78.4%)
     132.0 MB / 168.3 MB ( 78.4%)
     132.0 MB / 168.3 MB ( 78.4%)
     132.0 MB / 168.3 MB ( 78.4%)
     132.0 MB / 168.3 MB ( 78.4%)
     132.0 MB / 168.3 MB ( 78.4%)
     132.0 MB / 168.3 MB ( 78.4%)
     132.0 MB / 168.3 MB ( 78.4%)
     132.0 MB / 168.3 MB ( 78.5%)
     132.0 MB / 168.3 MB ( 78.5%)
     132.0 MB / 168.3 MB ( 78.5%)
     132.0 MB / 168.3 MB ( 78.5%)
     132.1 MB / 168.3 MB ( 78.5%)
     132.1 MB / 168.3 MB ( 78.5%)
     132.1 MB / 168.3 MB ( 78.5%)
     132.1 MB / 168.3 MB ( 78.5%)
     132.1 MB / 168.3 MB ( 78.5%)
     132.1 MB / 168.3 MB ( 78.5%)
     132.1 MB / 168.3 MB ( 78.5%)
     132.1 MB / 168.3 MB ( 78.5%)
     132.1 MB / 168.3 MB ( 78.5%)
     132.1 MB / 168.3 MB ( 78.5%)
     132.1 MB / 168.3 MB ( 78.5%)
     132.1 MB / 168.3 MB ( 78.5%)
     132.2 MB / 168.3 MB ( 78.5%)
     132.2 MB / 168.3 MB ( 78.5%)
     132.2 MB / 168.3 MB ( 78.5%)
     132.2 MB / 168.3 MB ( 78.5%)
     132.2 MB / 168.3 MB ( 78.6%)
     132.2 MB / 168.3 MB ( 78.6%)
     132.2 MB / 168.3 MB ( 78.6%)
     132.2 MB / 168.3 MB ( 78.6%)
     132.2 MB / 168.3 MB ( 78.6%)
     132.2 MB / 168.3 MB ( 78.6%)
     132.2 MB / 168.3 MB ( 78.6%)
     132.2 MB / 168.3 MB ( 78.6%)
     132.3 MB / 168.3 MB ( 78.6%)
     132.3 MB / 168.3 MB ( 78.6%)
     132.3 MB / 168.3 MB ( 78.6%)
     132.3 MB / 168.3 MB ( 78.6%)
     132.3 MB / 168.3 MB ( 78.6%)
     132.3 MB / 168.3 MB ( 78.6%)
     132.3 MB / 168.3 MB ( 78.6%)
     132.3 MB / 168.3 MB ( 78.6%)
     132.3 MB / 168.3 MB ( 78.6%)
     132.3 MB / 168.3 MB ( 78.6%)
     132.3 MB / 168.3 MB ( 78.6%)
     132.3 MB / 168.3 MB ( 78.6%)
     132.3 MB / 168.3 MB ( 78.6%)
     132.4 MB / 168.3 MB ( 78.7%)
     132.4 MB / 168.3 MB ( 78.7%)
     132.4 MB / 168.3 MB ( 78.7%)
     132.4 MB / 168.3 MB ( 78.7%)
     132.4 MB / 168.3 MB ( 78.7%)
     132.4 MB / 168.3 MB ( 78.7%)
     132.4 MB / 168.3 MB ( 78.7%)
     132.4 MB / 168.3 MB ( 78.7%)
     132.4 MB / 168.3 MB ( 78.7%)
     132.4 MB / 168.3 MB ( 78.7%)
     132.4 MB / 168.3 MB ( 78.7%)
     132.4 MB / 168.3 MB ( 78.7%)
     132.5 MB / 168.3 MB ( 78.7%)
     132.5 MB / 168.3 MB ( 78.7%)
     132.5 MB / 168.3 MB ( 78.7%)
     132.5 MB / 168.3 MB ( 78.7%)
     132.5 MB / 168.3 MB ( 78.7%)
     132.5 MB / 168.3 MB ( 78.7%)
     132.5 MB / 168.3 MB ( 78.7%)
     132.5 MB / 168.3 MB ( 78.7%)
     132.5 MB / 168.3 MB ( 78.8%)
     132.5 MB / 168.3 MB ( 78.8%)
     132.5 MB / 168.3 MB ( 78.8%)
     132.5 MB / 168.3 MB ( 78.8%)
     132.6 MB / 168.3 MB ( 78.8%)
     132.6 MB / 168.3 MB ( 78.8%)
     132.6 MB / 168.3 MB ( 78.8%)
     132.6 MB / 168.3 MB ( 78.8%)
     132.6 MB / 168.3 MB ( 78.8%)
     132.6 MB / 168.3 MB ( 78.8%)
     132.6 MB / 168.3 MB ( 78.8%)
     132.6 MB / 168.3 MB ( 78.8%)
     132.6 MB / 168.3 MB ( 78.8%)
     132.6 MB / 168.3 MB ( 78.8%)
     132.6 MB / 168.3 MB ( 78.8%)
     132.6 MB / 168.3 MB ( 78.8%)
     132.7 MB / 168.3 MB ( 78.8%)
     132.7 MB / 168.3 MB ( 78.8%)
     132.7 MB / 168.3 MB ( 78.8%)
     132.7 MB / 168.3 MB ( 78.8%)
     132.7 MB / 168.3 MB ( 78.8%)
     132.7 MB / 168.3 MB ( 78.9%)
     132.7 MB / 168.3 MB ( 78.9%)
     132.7 MB / 168.3 MB ( 78.9%)
     132.7 MB / 168.3 MB ( 78.9%)
     132.7 MB / 168.3 MB ( 78.9%)
     132.7 MB / 168.3 MB ( 78.9%)
     132.7 MB / 168.3 MB ( 78.9%)
     132.8 MB / 168.3 MB ( 78.9%)
     132.8 MB / 168.3 MB ( 78.9%)
     132.8 MB / 168.3 MB ( 78.9%)
     132.8 MB / 168.3 MB ( 78.9%)
     132.8 MB / 168.3 MB ( 78.9%)
     132.8 MB / 168.3 MB ( 78.9%)
     132.8 MB / 168.3 MB ( 78.9%)
     132.8 MB / 168.3 MB ( 78.9%)
     132.8 MB / 168.3 MB ( 78.9%)
     132.8 MB / 168.3 MB ( 78.9%)
     132.8 MB / 168.3 MB ( 78.9%)
     132.8 MB / 168.3 MB ( 78.9%)
     132.8 MB / 168.3 MB ( 78.9%)
     132.9 MB / 168.3 MB ( 79.0%)
     132.9 MB / 168.3 MB ( 79.0%)
     132.9 MB / 168.3 MB ( 79.0%)
     132.9 MB / 168.3 MB ( 79.0%)
     132.9 MB / 168.3 MB ( 79.0%)
     132.9 MB / 168.3 MB ( 79.0%)
     132.9 MB / 168.3 MB ( 79.0%)
     132.9 MB / 168.3 MB ( 79.0%)
     132.9 MB / 168.3 MB ( 79.0%)
     132.9 MB / 168.3 MB ( 79.0%)
     132.9 MB / 168.3 MB ( 79.0%)
     132.9 MB / 168.3 MB ( 79.0%)
     133.0 MB / 168.3 MB ( 79.0%)
     133.0 MB / 168.3 MB ( 79.0%)
     133.0 MB / 168.3 MB ( 79.0%)
     133.0 MB / 168.3 MB ( 79.0%)
     133.0 MB / 168.3 MB ( 79.0%)
     133.0 MB / 168.3 MB ( 79.0%)
     133.0 MB / 168.3 MB ( 79.0%)
     133.0 MB / 168.3 MB ( 79.0%)
     133.0 MB / 168.3 MB ( 79.0%)
     133.0 MB / 168.3 MB ( 79.1%)
     133.0 MB / 168.3 MB ( 79.1%)
     133.0 MB / 168.3 MB ( 79.1%)
     133.1 MB / 168.3 MB ( 79.1%)
     133.1 MB / 168.3 MB ( 79.1%)
     133.1 MB / 168.3 MB ( 79.1%)
     133.1 MB / 168.3 MB ( 79.1%)
     133.1 MB / 168.3 MB ( 79.1%)
     133.1 MB / 168.3 MB ( 79.1%)
     133.1 MB / 168.3 MB ( 79.1%)
     133.1 MB / 168.3 MB ( 79.1%)
     133.1 MB / 168.3 MB ( 79.1%)
     133.1 MB / 168.3 MB ( 79.1%)
     133.1 MB / 168.3 MB ( 79.1%)
     133.1 MB / 168.3 MB ( 79.1%)
     133.2 MB / 168.3 MB ( 79.1%)
     133.2 MB / 168.3 MB ( 79.1%)
     133.2 MB / 168.3 MB ( 79.1%)
     133.2 MB / 168.3 MB ( 79.1%)
     133.2 MB / 168.3 MB ( 79.1%)
     133.2 MB / 168.3 MB ( 79.1%)
     133.2 MB / 168.3 MB ( 79.2%)
     133.2 MB / 168.3 MB ( 79.2%)
     133.2 MB / 168.3 MB ( 79.2%)
     133.2 MB / 168.3 MB ( 79.2%)
     133.2 MB / 168.3 MB ( 79.2%)
     133.2 MB / 168.3 MB ( 79.2%)
     133.3 MB / 168.3 MB ( 79.2%)
     133.3 MB / 168.3 MB ( 79.2%)
     133.3 MB / 168.3 MB ( 79.2%)
     133.3 MB / 168.3 MB ( 79.2%)
     133.3 MB / 168.3 MB ( 79.2%)
     133.3 MB / 168.3 MB ( 79.2%)
     133.3 MB / 168.3 MB ( 79.2%)
     133.3 MB / 168.3 MB ( 79.2%)
     133.3 MB / 168.3 MB ( 79.2%)
     133.3 MB / 168.3 MB ( 79.2%)
     133.3 MB / 168.3 MB ( 79.2%)
     133.3 MB / 168.3 MB ( 79.2%)
     133.3 MB / 168.3 MB ( 79.2%)
     133.4 MB / 168.3 MB ( 79.2%)
     133.4 MB / 168.3 MB ( 79.3%)
     133.4 MB / 168.3 MB ( 79.3%)
     133.4 MB / 168.3 MB ( 79.3%)
     133.4 MB / 168.3 MB ( 79.3%)
     133.4 MB / 168.3 MB ( 79.3%)
     133.4 MB / 168.3 MB ( 79.3%)
     133.4 MB / 168.3 MB ( 79.3%)
     133.4 MB / 168.3 MB ( 79.3%)
     133.4 MB / 168.3 MB ( 79.3%)
     133.4 MB / 168.3 MB ( 79.3%)
     133.4 MB / 168.3 MB ( 79.3%)
     133.5 MB / 168.3 MB ( 79.3%)
     133.5 MB / 168.3 MB ( 79.3%)
     133.5 MB / 168.3 MB ( 79.3%)
     133.5 MB / 168.3 MB ( 79.3%)
     133.5 MB / 168.3 MB ( 79.3%)
     133.5 MB / 168.3 MB ( 79.3%)
     133.5 MB / 168.3 MB ( 79.3%)
     133.5 MB / 168.3 MB ( 79.3%)
     133.5 MB / 168.3 MB ( 79.3%)
     133.5 MB / 168.3 MB ( 79.3%)
     133.5 MB / 168.3 MB ( 79.4%)
     133.5 MB / 168.3 MB ( 79.4%)
     133.6 MB / 168.3 MB ( 79.4%)
     133.6 MB / 168.3 MB ( 79.4%)
     133.6 MB / 168.3 MB ( 79.4%)
     133.6 MB / 168.3 MB ( 79.4%)
     133.6 MB / 168.3 MB ( 79.4%)
     133.6 MB / 168.3 MB ( 79.4%)
     133.6 MB / 168.3 MB ( 79.4%)
     133.6 MB / 168.3 MB ( 79.4%)
     133.6 MB / 168.3 MB ( 79.4%)
     133.6 MB / 168.3 MB ( 79.4%)
     133.6 MB / 168.3 MB ( 79.4%)
     133.6 MB / 168.3 MB ( 79.4%)
     133.7 MB / 168.3 MB ( 79.4%)
     133.7 MB / 168.3 MB ( 79.4%)
     133.7 MB / 168.3 MB ( 79.4%)
     133.7 MB / 168.3 MB ( 79.4%)
     133.7 MB / 168.3 MB ( 79.4%)
     133.7 MB / 168.3 MB ( 79.4%)
     133.7 MB / 168.3 MB ( 79.5%)
     133.7 MB / 168.3 MB ( 79.5%)
     133.7 MB / 168.3 MB ( 79.5%)
     133.7 MB / 168.3 MB ( 79.5%)
     133.7 MB / 168.3 MB ( 79.5%)
     133.7 MB / 168.3 MB ( 79.5%)
     133.8 MB / 168.3 MB ( 79.5%)
     133.8 MB / 168.3 MB ( 79.5%)
     133.8 MB / 168.3 MB ( 79.5%)
     133.8 MB / 168.3 MB ( 79.5%)
     133.8 MB / 168.3 MB ( 79.5%)
     133.8 MB / 168.3 MB ( 79.5%)
     133.8 MB / 168.3 MB ( 79.5%)
     133.8 MB / 168.3 MB ( 79.5%)
     133.8 MB / 168.3 MB ( 79.5%)
     133.8 MB / 168.3 MB ( 79.5%)
     133.8 MB / 168.3 MB ( 79.5%)
     133.8 MB / 168.3 MB ( 79.5%)
     133.8 MB / 168.3 MB ( 79.5%)
     133.9 MB / 168.3 MB ( 79.5%)
     133.9 MB / 168.3 MB ( 79.5%)
     133.9 MB / 168.3 MB ( 79.6%)
     133.9 MB / 168.3 MB ( 79.6%)
     133.9 MB / 168.3 MB ( 79.6%)
     133.9 MB / 168.3 MB ( 79.6%)
     133.9 MB / 168.3 MB ( 79.6%)
     133.9 MB / 168.3 MB ( 79.6%)
     133.9 MB / 168.3 MB ( 79.6%)
     133.9 MB / 168.3 MB ( 79.6%)
     133.9 MB / 168.3 MB ( 79.6%)
     133.9 MB / 168.3 MB ( 79.6%)
     134.0 MB / 168.3 MB ( 79.6%)
     134.0 MB / 168.3 MB ( 79.6%)
     134.0 MB / 168.3 MB ( 79.6%)
     134.0 MB / 168.3 MB ( 79.6%)
     134.0 MB / 168.3 MB ( 79.6%)
     134.0 MB / 168.3 MB ( 79.6%)
     134.0 MB / 168.3 MB ( 79.6%)
     134.0 MB / 168.3 MB ( 79.6%)
     134.0 MB / 168.3 MB ( 79.6%)
     134.0 MB / 168.3 MB ( 79.6%)
     134.0 MB / 168.3 MB ( 79.7%)
     134.0 MB / 168.3 MB ( 79.7%)
     134.1 MB / 168.3 MB ( 79.7%)
     134.1 MB / 168.3 MB ( 79.7%)
     134.1 MB / 168.3 MB ( 79.7%)
     134.1 MB / 168.3 MB ( 79.7%)
     134.1 MB / 168.3 MB ( 79.7%)
     134.1 MB / 168.3 MB ( 79.7%)
     134.1 MB / 168.3 MB ( 79.7%)
     134.1 MB / 168.3 MB ( 79.7%)
     134.1 MB / 168.3 MB ( 79.7%)
     134.1 MB / 168.3 MB ( 79.7%)
     134.1 MB / 168.3 MB ( 79.7%)
     134.1 MB / 168.3 MB ( 79.7%)
     134.2 MB / 168.3 MB ( 79.7%)
     134.2 MB / 168.3 MB ( 79.7%)
     134.2 MB / 168.3 MB ( 79.7%)
     134.2 MB / 168.3 MB ( 79.7%)
     134.2 MB / 168.3 MB ( 79.7%)
     134.2 MB / 168.3 MB ( 79.7%)
     134.2 MB / 168.3 MB ( 79.7%)
     134.2 MB / 168.3 MB ( 79.8%)
     134.2 MB / 168.3 MB ( 79.8%)
     134.2 MB / 168.3 MB ( 79.8%)
     134.2 MB / 168.3 MB ( 79.8%)
     134.2 MB / 168.3 MB ( 79.8%)
     134.3 MB / 168.3 MB ( 79.8%)
     134.3 MB / 168.3 MB ( 79.8%)
     134.3 MB / 168.3 MB ( 79.8%)
     134.3 MB / 168.3 MB ( 79.8%)
     134.3 MB / 168.3 MB ( 79.8%)
     134.3 MB / 168.3 MB ( 79.8%)
     134.3 MB / 168.3 MB ( 79.8%)
     134.3 MB / 168.3 MB ( 79.8%)
     134.3 MB / 168.3 MB ( 79.8%)
     134.3 MB / 168.3 MB ( 79.8%)
     134.3 MB / 168.3 MB ( 79.8%)
     134.3 MB / 168.3 MB ( 79.8%)
     134.3 MB / 168.3 MB ( 79.8%)
     134.4 MB / 168.3 MB ( 79.8%)
     134.4 MB / 168.3 MB ( 79.8%)
     134.4 MB / 168.3 MB ( 79.9%)
     134.4 MB / 168.3 MB ( 79.9%)
     134.4 MB / 168.3 MB ( 79.9%)
     134.4 MB / 168.3 MB ( 79.9%)
     134.4 MB / 168.3 MB ( 79.9%)
     134.4 MB / 168.3 MB ( 79.9%)
     134.4 MB / 168.3 MB ( 79.9%)
     134.4 MB / 168.3 MB ( 79.9%)
     134.4 MB / 168.3 MB ( 79.9%)
     134.4 MB / 168.3 MB ( 79.9%)
     134.5 MB / 168.3 MB ( 79.9%)
     134.5 MB / 168.3 MB ( 79.9%)
     134.5 MB / 168.3 MB ( 79.9%)
     134.5 MB / 168.3 MB ( 79.9%)
     134.5 MB / 168.3 MB ( 79.9%)
     134.5 MB / 168.3 MB ( 79.9%)
     134.5 MB / 168.3 MB ( 79.9%)
     134.5 MB / 168.3 MB ( 79.9%)
     134.5 MB / 168.3 MB ( 79.9%)
     134.5 MB / 168.3 MB ( 79.9%)
     134.5 MB / 168.3 MB ( 79.9%)
     134.5 MB / 168.3 MB ( 80.0%)
     134.6 MB / 168.3 MB ( 80.0%)
     134.6 MB / 168.3 MB ( 80.0%)
     134.6 MB / 168.3 MB ( 80.0%)
     134.6 MB / 168.3 MB ( 80.0%)
     134.6 MB / 168.3 MB ( 80.0%)
     134.6 MB / 168.3 MB ( 80.0%)
     134.6 MB / 168.3 MB ( 80.0%)
     134.6 MB / 168.3 MB ( 80.0%)
     134.6 MB / 168.3 MB ( 80.0%)
     134.6 MB / 168.3 MB ( 80.0%)
     134.6 MB / 168.3 MB ( 80.0%)
     134.6 MB / 168.3 MB ( 80.0%)
     134.7 MB / 168.3 MB ( 80.0%)
     134.7 MB / 168.3 MB ( 80.0%)
     134.7 MB / 168.3 MB ( 80.0%)
     134.7 MB / 168.3 MB ( 80.0%)
     134.7 MB / 168.3 MB ( 80.0%)
     134.7 MB / 168.3 MB ( 80.0%)
     134.7 MB / 168.3 MB ( 80.0%)
     134.7 MB / 168.3 MB ( 80.1%)
     134.7 MB / 168.3 MB ( 80.1%)
     134.7 MB / 168.3 MB ( 80.1%)
     134.7 MB / 168.3 MB ( 80.1%)
     134.7 MB / 168.3 MB ( 80.1%)
     134.8 MB / 168.3 MB ( 80.1%)
     134.8 MB / 168.3 MB ( 80.1%)
     134.8 MB / 168.3 MB ( 80.1%)
     134.8 MB / 168.3 MB ( 80.1%)
     134.8 MB / 168.3 MB ( 80.1%)
     134.8 MB / 168.3 MB ( 80.1%)
     134.8 MB / 168.3 MB ( 80.1%)
     134.8 MB / 168.3 MB ( 80.1%)
     134.8 MB / 168.3 MB ( 80.1%)
     134.8 MB / 168.3 MB ( 80.1%)
     134.8 MB / 168.3 MB ( 80.1%)
     134.8 MB / 168.3 MB ( 80.1%)
     134.8 MB / 168.3 MB ( 80.1%)
     134.9 MB / 168.3 MB ( 80.1%)
     134.9 MB / 168.3 MB ( 80.1%)
     134.9 MB / 168.3 MB ( 80.1%)
     134.9 MB / 168.3 MB ( 80.2%)
     134.9 MB / 168.3 MB ( 80.2%)
     134.9 MB / 168.3 MB ( 80.2%)
     134.9 MB / 168.3 MB ( 80.2%)
     134.9 MB / 168.3 MB ( 80.2%)
     134.9 MB / 168.3 MB ( 80.2%)
     134.9 MB / 168.3 MB ( 80.2%)
     134.9 MB / 168.3 MB ( 80.2%)
     134.9 MB / 168.3 MB ( 80.2%)
     135.0 MB / 168.3 MB ( 80.2%)
     135.0 MB / 168.3 MB ( 80.2%)
     135.0 MB / 168.3 MB ( 80.2%)
     135.0 MB / 168.3 MB ( 80.2%)
     135.0 MB / 168.3 MB ( 80.2%)
     135.0 MB / 168.3 MB ( 80.2%)
     135.0 MB / 168.3 MB ( 80.2%)
     135.0 MB / 168.3 MB ( 80.2%)
     135.0 MB / 168.3 MB ( 80.2%)
     135.0 MB / 168.3 MB ( 80.2%)
     135.0 MB / 168.3 MB ( 80.2%)
     135.0 MB / 168.3 MB ( 80.3%)
     135.1 MB / 168.3 MB ( 80.3%)
     135.1 MB / 168.3 MB ( 80.3%)
     135.1 MB / 168.3 MB ( 80.3%)
     135.1 MB / 168.3 MB ( 80.3%)
     135.1 MB / 168.3 MB ( 80.3%)
     135.1 MB / 168.3 MB ( 80.3%)
     135.1 MB / 168.3 MB ( 80.3%)
     135.1 MB / 168.3 MB ( 80.3%)
     135.1 MB / 168.3 MB ( 80.3%)
     135.1 MB / 168.3 MB ( 80.3%)
     135.1 MB / 168.3 MB ( 80.3%)
     135.1 MB / 168.3 MB ( 80.3%)
     135.2 MB / 168.3 MB ( 80.3%)
     135.2 MB / 168.3 MB ( 80.3%)
     135.2 MB / 168.3 MB ( 80.3%)
     135.2 MB / 168.3 MB ( 80.3%)
     135.2 MB / 168.3 MB ( 80.3%)
     135.2 MB / 168.3 MB ( 80.3%)
     135.2 MB / 168.3 MB ( 80.3%)
     135.2 MB / 168.3 MB ( 80.3%)
     135.2 MB / 168.3 MB ( 80.4%)
     135.2 MB / 168.3 MB ( 80.4%)
     135.2 MB / 168.3 MB ( 80.4%)
     135.2 MB / 168.3 MB ( 80.4%)
     135.2 MB / 168.3 MB ( 80.4%)
     135.3 MB / 168.3 MB ( 80.4%)
     135.3 MB / 168.3 MB ( 80.4%)
     135.3 MB / 168.3 MB ( 80.4%)
     135.3 MB / 168.3 MB ( 80.4%)
     135.3 MB / 168.3 MB ( 80.4%)
     135.3 MB / 168.3 MB ( 80.4%)
     135.3 MB / 168.3 MB ( 80.4%)
     135.3 MB / 168.3 MB ( 80.4%)
     135.3 MB / 168.3 MB ( 80.4%)
     135.3 MB / 168.3 MB ( 80.4%)
     135.3 MB / 168.3 MB ( 80.4%)
     135.3 MB / 168.3 MB ( 80.4%)
     135.4 MB / 168.3 MB ( 80.4%)
     135.4 MB / 168.3 MB ( 80.4%)
     135.4 MB / 168.3 MB ( 80.4%)
     135.4 MB / 168.3 MB ( 80.4%)
     135.4 MB / 168.3 MB ( 80.5%)
     135.4 MB / 168.3 MB ( 80.5%)
     135.4 MB / 168.3 MB ( 80.5%)
     135.4 MB / 168.3 MB ( 80.5%)
     135.4 MB / 168.3 MB ( 80.5%)
     135.4 MB / 168.3 MB ( 80.5%)
     135.4 MB / 168.3 MB ( 80.5%)
     135.4 MB / 168.3 MB ( 80.5%)
     135.5 MB / 168.3 MB ( 80.5%)
     135.5 MB / 168.3 MB ( 80.5%)
     135.5 MB / 168.3 MB ( 80.5%)
     135.5 MB / 168.3 MB ( 80.5%)
     135.5 MB / 168.3 MB ( 80.5%)
     135.5 MB / 168.3 MB ( 80.5%)
     135.5 MB / 168.3 MB ( 80.5%)
     135.5 MB / 168.3 MB ( 80.5%)
     135.5 MB / 168.3 MB ( 80.5%)
     135.5 MB / 168.3 MB ( 80.5%)
     135.5 MB / 168.3 MB ( 80.5%)
     135.5 MB / 168.3 MB ( 80.5%)
     135.6 MB / 168.3 MB ( 80.6%)
     135.6 MB / 168.3 MB ( 80.6%)
     135.6 MB / 168.3 MB ( 80.6%)
     135.6 MB / 168.3 MB ( 80.6%)
     135.6 MB / 168.3 MB ( 80.6%)
     135.6 MB / 168.3 MB ( 80.6%)
     135.6 MB / 168.3 MB ( 80.6%)
     135.6 MB / 168.3 MB ( 80.6%)
     135.6 MB / 168.3 MB ( 80.6%)
     135.6 MB / 168.3 MB ( 80.6%)
     135.6 MB / 168.3 MB ( 80.6%)
     135.6 MB / 168.3 MB ( 80.6%)
     135.7 MB / 168.3 MB ( 80.6%)
     135.7 MB / 168.3 MB ( 80.6%)
     135.7 MB / 168.3 MB ( 80.6%)
     135.7 MB / 168.3 MB ( 80.6%)
     135.7 MB / 168.3 MB ( 80.6%)
     135.7 MB / 168.3 MB ( 80.6%)
     135.7 MB / 168.3 MB ( 80.6%)
     135.7 MB / 168.3 MB ( 80.6%)
     135.7 MB / 168.3 MB ( 80.6%)
     135.7 MB / 168.3 MB ( 80.7%)
     135.7 MB / 168.3 MB ( 80.7%)
     135.7 MB / 168.3 MB ( 80.7%)
     135.7 MB / 168.3 MB ( 80.7%)
     135.8 MB / 168.3 MB ( 80.7%)
     135.8 MB / 168.3 MB ( 80.7%)
     135.8 MB / 168.3 MB ( 80.7%)
     135.8 MB / 168.3 MB ( 80.7%)
     135.8 MB / 168.3 MB ( 80.7%)
     135.8 MB / 168.3 MB ( 80.7%)
     135.8 MB / 168.3 MB ( 80.7%)
     135.8 MB / 168.3 MB ( 80.7%)
     135.8 MB / 168.3 MB ( 80.7%)
     135.8 MB / 168.3 MB ( 80.7%)
     135.8 MB / 168.3 MB ( 80.7%)
     135.8 MB / 168.3 MB ( 80.7%)
     135.9 MB / 168.3 MB ( 80.7%)
     135.9 MB / 168.3 MB ( 80.7%)
     135.9 MB / 168.3 MB ( 80.7%)
     135.9 MB / 168.3 MB ( 80.7%)
     135.9 MB / 168.3 MB ( 80.8%)
     135.9 MB / 168.3 MB ( 80.8%)
     135.9 MB / 168.3 MB ( 80.8%)
     135.9 MB / 168.3 MB ( 80.8%)
     135.9 MB / 168.3 MB ( 80.8%)
     135.9 MB / 168.3 MB ( 80.8%)
     135.9 MB / 168.3 MB ( 80.8%)
     135.9 MB / 168.3 MB ( 80.8%)
     136.0 MB / 168.3 MB ( 80.8%)
     136.0 MB / 168.3 MB ( 80.8%)
     136.0 MB / 168.3 MB ( 80.8%)
     136.0 MB / 168.3 MB ( 80.8%)
     136.0 MB / 168.3 MB ( 80.8%)
     136.0 MB / 168.3 MB ( 80.8%)
     136.0 MB / 168.3 MB ( 80.8%)
     136.0 MB / 168.3 MB ( 80.8%)
     136.0 MB / 168.3 MB ( 80.8%)
     136.0 MB / 168.3 MB ( 80.8%)
     136.0 MB / 168.3 MB ( 80.8%)
     136.0 MB / 168.3 MB ( 80.8%)
     136.1 MB / 168.3 MB ( 80.8%)
     136.1 MB / 168.3 MB ( 80.9%)
     136.1 MB / 168.3 MB ( 80.9%)
     136.1 MB / 168.3 MB ( 80.9%)
     136.1 MB / 168.3 MB ( 80.9%)
     136.1 MB / 168.3 MB ( 80.9%)
     136.1 MB / 168.3 MB ( 80.9%)
     136.1 MB / 168.3 MB ( 80.9%)
     136.1 MB / 168.3 MB ( 80.9%)
     136.1 MB / 168.3 MB ( 80.9%)
     136.1 MB / 168.3 MB ( 80.9%)
     136.1 MB / 168.3 MB ( 80.9%)
     136.2 MB / 168.3 MB ( 80.9%)
     136.2 MB / 168.3 MB ( 80.9%)
     136.2 MB / 168.3 MB ( 80.9%)
     136.2 MB / 168.3 MB ( 80.9%)
     136.2 MB / 168.3 MB ( 80.9%)
     136.2 MB / 168.3 MB ( 80.9%)
     136.2 MB / 168.3 MB ( 80.9%)
     136.2 MB / 168.3 MB ( 80.9%)
     136.2 MB / 168.3 MB ( 80.9%)
     136.2 MB / 168.3 MB ( 81.0%)
     136.2 MB / 168.3 MB ( 81.0%)
     136.2 MB / 168.3 MB ( 81.0%)
     136.2 MB / 168.3 MB ( 81.0%)
     136.3 MB / 168.3 MB ( 81.0%)
     136.3 MB / 168.3 MB ( 81.0%)
     136.3 MB / 168.3 MB ( 81.0%)
     136.3 MB / 168.3 MB ( 81.0%)
     136.3 MB / 168.3 MB ( 81.0%)
     136.3 MB / 168.3 MB ( 81.0%)
     136.3 MB / 168.3 MB ( 81.0%)
     136.3 MB / 168.3 MB ( 81.0%)
     136.3 MB / 168.3 MB ( 81.0%)
     136.3 MB / 168.3 MB ( 81.0%)
     136.3 MB / 168.3 MB ( 81.0%)
     136.3 MB / 168.3 MB ( 81.0%)
     136.4 MB / 168.3 MB ( 81.0%)
     136.4 MB / 168.3 MB ( 81.0%)
     136.4 MB / 168.3 MB ( 81.0%)
     136.4 MB / 168.3 MB ( 81.0%)
     136.4 MB / 168.3 MB ( 81.0%)
     136.4 MB / 168.3 MB ( 81.1%)
     136.4 MB / 168.3 MB ( 81.1%)
     136.4 MB / 168.3 MB ( 81.1%)
     136.4 MB / 168.3 MB ( 81.1%)
     136.4 MB / 168.3 MB ( 81.1%)
     136.4 MB / 168.3 MB ( 81.1%)
     136.4 MB / 168.3 MB ( 81.1%)
     136.5 MB / 168.3 MB ( 81.1%)
     136.5 MB / 168.3 MB ( 81.1%)
     136.5 MB / 168.3 MB ( 81.1%)
     136.5 MB / 168.3 MB ( 81.1%)
     136.5 MB / 168.3 MB ( 81.1%)
     136.5 MB / 168.3 MB ( 81.1%)
     136.5 MB / 168.3 MB ( 81.1%)
     136.5 MB / 168.3 MB ( 81.1%)
     136.5 MB / 168.3 MB ( 81.1%)
     136.5 MB / 168.3 MB ( 81.1%)
     136.5 MB / 168.3 MB ( 81.1%)
     136.5 MB / 168.3 MB ( 81.1%)
     136.6 MB / 168.3 MB ( 81.1%)
     136.6 MB / 168.3 MB ( 81.2%)
     136.6 MB / 168.3 MB ( 81.2%)
     136.6 MB / 168.3 MB ( 81.2%)
     136.6 MB / 168.3 MB ( 81.2%)
     136.6 MB / 168.3 MB ( 81.2%)
     136.6 MB / 168.3 MB ( 81.2%)
     136.6 MB / 168.3 MB ( 81.2%)
     136.6 MB / 168.3 MB ( 81.2%)
     136.6 MB / 168.3 MB ( 81.2%)
     136.6 MB / 168.3 MB ( 81.2%)
     136.6 MB / 168.3 MB ( 81.2%)
     136.7 MB / 168.3 MB ( 81.2%)
     136.7 MB / 168.3 MB ( 81.2%)
     136.7 MB / 168.3 MB ( 81.2%)
     136.7 MB / 168.3 MB ( 81.2%)
     136.7 MB / 168.3 MB ( 81.2%)
     136.7 MB / 168.3 MB ( 81.2%)
     136.7 MB / 168.3 MB ( 81.2%)
     136.7 MB / 168.3 MB ( 81.2%)
     136.7 MB / 168.3 MB ( 81.2%)
     136.7 MB / 168.3 MB ( 81.2%)
     136.7 MB / 168.3 MB ( 81.3%)
     136.7 MB / 168.3 MB ( 81.3%)
     136.7 MB / 168.3 MB ( 81.3%)
     136.8 MB / 168.3 MB ( 81.3%)
     136.8 MB / 168.3 MB ( 81.3%)
     136.8 MB / 168.3 MB ( 81.3%)
     136.8 MB / 168.3 MB ( 81.3%)
     136.8 MB / 168.3 MB ( 81.3%)
     136.8 MB / 168.3 MB ( 81.3%)
     136.8 MB / 168.3 MB ( 81.3%)
     136.8 MB / 168.3 MB ( 81.3%)
     136.8 MB / 168.3 MB ( 81.3%)
     136.8 MB / 168.3 MB ( 81.3%)
     136.8 MB / 168.3 MB ( 81.3%)
     136.8 MB / 168.3 MB ( 81.3%)
     136.9 MB / 168.3 MB ( 81.3%)
     136.9 MB / 168.3 MB ( 81.3%)
     136.9 MB / 168.3 MB ( 81.3%)
     136.9 MB / 168.3 MB ( 81.3%)
     136.9 MB / 168.3 MB ( 81.3%)
     136.9 MB / 168.3 MB ( 81.4%)
     136.9 MB / 168.3 MB ( 81.4%)
     136.9 MB / 168.3 MB ( 81.4%)
     136.9 MB / 168.3 MB ( 81.4%)
     136.9 MB / 168.3 MB ( 81.4%)
     136.9 MB / 168.3 MB ( 81.4%)
     136.9 MB / 168.3 MB ( 81.4%)
     137.0 MB / 168.3 MB ( 81.4%)
     137.0 MB / 168.3 MB ( 81.4%)
     137.0 MB / 168.3 MB ( 81.4%)
     137.0 MB / 168.3 MB ( 81.4%)
     137.0 MB / 168.3 MB ( 81.4%)
     137.0 MB / 168.3 MB ( 81.4%)
     137.0 MB / 168.3 MB ( 81.4%)
     137.0 MB / 168.3 MB ( 81.4%)
     137.0 MB / 168.3 MB ( 81.4%)
     137.0 MB / 168.3 MB ( 81.4%)
     137.0 MB / 168.3 MB ( 81.4%)
     137.0 MB / 168.3 MB ( 81.4%)
     137.1 MB / 168.3 MB ( 81.4%)
     137.1 MB / 168.3 MB ( 81.4%)
     137.1 MB / 168.3 MB ( 81.5%)
     137.1 MB / 168.3 MB ( 81.5%)
     137.1 MB / 168.3 MB ( 81.5%)
     137.1 MB / 168.3 MB ( 81.5%)
     137.1 MB / 168.3 MB ( 81.5%)
     137.1 MB / 168.3 MB ( 81.5%)
     137.1 MB / 168.3 MB ( 81.5%)
     137.1 MB / 168.3 MB ( 81.5%)
     137.1 MB / 168.3 MB ( 81.5%)
     137.1 MB / 168.3 MB ( 81.5%)
     137.2 MB / 168.3 MB ( 81.5%)
     137.2 MB / 168.3 MB ( 81.5%)
     137.2 MB / 168.3 MB ( 81.5%)
     137.2 MB / 168.3 MB ( 81.5%)
     137.2 MB / 168.3 MB ( 81.5%)
     137.2 MB / 168.3 MB ( 81.5%)
     137.2 MB / 168.3 MB ( 81.5%)
     137.2 MB / 168.3 MB ( 81.5%)
     137.2 MB / 168.3 MB ( 81.5%)
     137.2 MB / 168.3 MB ( 81.5%)
     137.2 MB / 168.3 MB ( 81.5%)
     137.2 MB / 168.3 MB ( 81.6%)
     137.2 MB / 168.3 MB ( 81.6%)
     137.3 MB / 168.3 MB ( 81.6%)
     137.3 MB / 168.3 MB ( 81.6%)
     137.3 MB / 168.3 MB ( 81.6%)
     137.3 MB / 168.3 MB ( 81.6%)
     137.3 MB / 168.3 MB ( 81.6%)
     137.3 MB / 168.3 MB ( 81.6%)
     137.3 MB / 168.3 MB ( 81.6%)
     137.3 MB / 168.3 MB ( 81.6%)
     137.3 MB / 168.3 MB ( 81.6%)
     137.3 MB / 168.3 MB ( 81.6%)
     137.3 MB / 168.3 MB ( 81.6%)
     137.3 MB / 168.3 MB ( 81.6%)
     137.4 MB / 168.3 MB ( 81.6%)
     137.4 MB / 168.3 MB ( 81.6%)
     137.4 MB / 168.3 MB ( 81.6%)
     137.4 MB / 168.3 MB ( 81.6%)
     137.4 MB / 168.3 MB ( 81.6%)
     137.4 MB / 168.3 MB ( 81.6%)
     137.4 MB / 168.3 MB ( 81.7%)
     137.4 MB / 168.3 MB ( 81.7%)
     137.4 MB / 168.3 MB ( 81.7%)
     137.4 MB / 168.3 MB ( 81.7%)
     137.4 MB / 168.3 MB ( 81.7%)
     137.4 MB / 168.3 MB ( 81.7%)
     137.5 MB / 168.3 MB ( 81.7%)
     137.5 MB / 168.3 MB ( 81.7%)
     137.5 MB / 168.3 MB ( 81.7%)
     137.5 MB / 168.3 MB ( 81.7%)
     137.5 MB / 168.3 MB ( 81.7%)
     137.5 MB / 168.3 MB ( 81.7%)
     137.5 MB / 168.3 MB ( 81.7%)
     137.5 MB / 168.3 MB ( 81.7%)
     137.5 MB / 168.3 MB ( 81.7%)
     137.5 MB / 168.3 MB ( 81.7%)
     137.5 MB / 168.3 MB ( 81.7%)
     137.5 MB / 168.3 MB ( 81.7%)
     137.6 MB / 168.3 MB ( 81.7%)
     137.6 MB / 168.3 MB ( 81.7%)
     137.6 MB / 168.3 MB ( 81.7%)
     137.6 MB / 168.3 MB ( 81.8%)
     137.6 MB / 168.3 MB ( 81.8%)
     137.6 MB / 168.3 MB ( 81.8%)
     137.6 MB / 168.3 MB ( 81.8%)
     137.6 MB / 168.3 MB ( 81.8%)
     137.6 MB / 168.3 MB ( 81.8%)
     137.6 MB / 168.3 MB ( 81.8%)
     137.6 MB / 168.3 MB ( 81.8%)
     137.6 MB / 168.3 MB ( 81.8%)
     137.7 MB / 168.3 MB ( 81.8%)
     137.7 MB / 168.3 MB ( 81.8%)
     137.7 MB / 168.3 MB ( 81.8%)
     137.7 MB / 168.3 MB ( 81.8%)
     137.7 MB / 168.3 MB ( 81.8%)
     137.7 MB / 168.3 MB ( 81.8%)
     137.7 MB / 168.3 MB ( 81.8%)
     137.7 MB / 168.3 MB ( 81.8%)
     137.7 MB / 168.3 MB ( 81.8%)
     137.7 MB / 168.3 MB ( 81.8%)
     137.7 MB / 168.3 MB ( 81.8%)
     137.7 MB / 168.3 MB ( 81.9%)
     137.7 MB / 168.3 MB ( 81.9%)
     137.8 MB / 168.3 MB ( 81.9%)
     137.8 MB / 168.3 MB ( 81.9%)
     137.8 MB / 168.3 MB ( 81.9%)
     137.8 MB / 168.3 MB ( 81.9%)
     137.8 MB / 168.3 MB ( 81.9%)
     137.8 MB / 168.3 MB ( 81.9%)
     137.8 MB / 168.3 MB ( 81.9%)
     137.8 MB / 168.3 MB ( 81.9%)
     137.8 MB / 168.3 MB ( 81.9%)
     137.8 MB / 168.3 MB ( 81.9%)
     137.8 MB / 168.3 MB ( 81.9%)
     137.8 MB / 168.3 MB ( 81.9%)
     137.9 MB / 168.3 MB ( 81.9%)
     137.9 MB / 168.3 MB ( 81.9%)
     137.9 MB / 168.3 MB ( 81.9%)
     137.9 MB / 168.3 MB ( 81.9%)
     137.9 MB / 168.3 MB ( 81.9%)
     137.9 MB / 168.3 MB ( 81.9%)
     137.9 MB / 168.3 MB ( 81.9%)
     137.9 MB / 168.3 MB ( 82.0%)
     137.9 MB / 168.3 MB ( 82.0%)
     137.9 MB / 168.3 MB ( 82.0%)
     137.9 MB / 168.3 MB ( 82.0%)
     137.9 MB / 168.3 MB ( 82.0%)
     138.0 MB / 168.3 MB ( 82.0%)
     138.0 MB / 168.3 MB ( 82.0%)
     138.0 MB / 168.3 MB ( 82.0%)
     138.0 MB / 168.3 MB ( 82.0%)
     138.0 MB / 168.3 MB ( 82.0%)
     138.0 MB / 168.3 MB ( 82.0%)
     138.0 MB / 168.3 MB ( 82.0%)
     138.0 MB / 168.3 MB ( 82.0%)
     138.0 MB / 168.3 MB ( 82.0%)
     138.0 MB / 168.3 MB ( 82.0%)
     138.0 MB / 168.3 MB ( 82.0%)
     138.0 MB / 168.3 MB ( 82.0%)
     138.1 MB / 168.3 MB ( 82.0%)
     138.1 MB / 168.3 MB ( 82.0%)
     138.1 MB / 168.3 MB ( 82.0%)
     138.1 MB / 168.3 MB ( 82.1%)
     138.1 MB / 168.3 MB ( 82.1%)
     138.1 MB / 168.3 MB ( 82.1%)
     138.1 MB / 168.3 MB ( 82.1%)
     138.1 MB / 168.3 MB ( 82.1%)
     138.1 MB / 168.3 MB ( 82.1%)
     138.1 MB / 168.3 MB ( 82.1%)
     138.1 MB / 168.3 MB ( 82.1%)
     138.1 MB / 168.3 MB ( 82.1%)
     138.1 MB / 168.3 MB ( 82.1%)
     138.2 MB / 168.3 MB ( 82.1%)
     138.2 MB / 168.3 MB ( 82.1%)
     138.2 MB / 168.3 MB ( 82.1%)
     138.2 MB / 168.3 MB ( 82.1%)
     138.2 MB / 168.3 MB ( 82.1%)
     138.2 MB / 168.3 MB ( 82.1%)
     138.2 MB / 168.3 MB ( 82.1%)
     138.2 MB / 168.3 MB ( 82.1%)
     138.2 MB / 168.3 MB ( 82.1%)
     138.2 MB / 168.3 MB ( 82.1%)
     138.2 MB / 168.3 MB ( 82.1%)
     138.2 MB / 168.3 MB ( 82.2%)
     138.3 MB / 168.3 MB ( 82.2%)
     138.3 MB / 168.3 MB ( 82.2%)
     138.3 MB / 168.3 MB ( 82.2%)
     138.3 MB / 168.3 MB ( 82.2%)
     138.3 MB / 168.3 MB ( 82.2%)
     138.3 MB / 168.3 MB ( 82.2%)
     138.3 MB / 168.3 MB ( 82.2%)
     138.3 MB / 168.3 MB ( 82.2%)
     138.3 MB / 168.3 MB ( 82.2%)
     138.3 MB / 168.3 MB ( 82.2%)
     138.3 MB / 168.3 MB ( 82.2%)
     138.3 MB / 168.3 MB ( 82.2%)
     138.4 MB / 168.3 MB ( 82.2%)
     138.4 MB / 168.3 MB ( 82.2%)
     138.4 MB / 168.3 MB ( 82.2%)
     138.4 MB / 168.3 MB ( 82.2%)
     138.4 MB / 168.3 MB ( 82.2%)
     138.4 MB / 168.3 MB ( 82.2%)
     138.4 MB / 168.3 MB ( 82.2%)
     138.4 MB / 168.3 MB ( 82.3%)
     138.4 MB / 168.3 MB ( 82.3%)
     138.4 MB / 168.3 MB ( 82.3%)
     138.4 MB / 168.3 MB ( 82.3%)
     138.4 MB / 168.3 MB ( 82.3%)
     138.5 MB / 168.3 MB ( 82.3%)
     138.5 MB / 168.3 MB ( 82.3%)
     138.5 MB / 168.3 MB ( 82.3%)
     138.5 MB / 168.3 MB ( 82.3%)
     138.5 MB / 168.3 MB ( 82.3%)
     138.5 MB / 168.3 MB ( 82.3%)
     138.5 MB / 168.3 MB ( 82.3%)
     138.5 MB / 168.3 MB ( 82.3%)
     138.5 MB / 168.3 MB ( 82.3%)
     138.5 MB / 168.3 MB ( 82.3%)
     138.5 MB / 168.3 MB ( 82.3%)
     138.5 MB / 168.3 MB ( 82.3%)
     138.6 MB / 168.3 MB ( 82.3%)
     138.6 MB / 168.3 MB ( 82.3%)
     138.6 MB / 168.3 MB ( 82.3%)
     138.6 MB / 168.3 MB ( 82.3%)
     138.6 MB / 168.3 MB ( 82.4%)
     138.6 MB / 168.3 MB ( 82.4%)
     138.6 MB / 168.3 MB ( 82.4%)
     138.6 MB / 168.3 MB ( 82.4%)
     138.6 MB / 168.3 MB ( 82.4%)
     138.6 MB / 168.3 MB ( 82.4%)
     138.6 MB / 168.3 MB ( 82.4%)
     138.6 MB / 168.3 MB ( 82.4%)
     138.6 MB / 168.3 MB ( 82.4%)
     138.7 MB / 168.3 MB ( 82.4%)
     138.7 MB / 168.3 MB ( 82.4%)
     138.7 MB / 168.3 MB ( 82.4%)
     138.7 MB / 168.3 MB ( 82.4%)
     138.7 MB / 168.3 MB ( 82.4%)
     138.7 MB / 168.3 MB ( 82.4%)
     138.7 MB / 168.3 MB ( 82.4%)
     138.7 MB / 168.3 MB ( 82.4%)
     138.7 MB / 168.3 MB ( 82.4%)
     138.7 MB / 168.3 MB ( 82.4%)
     138.7 MB / 168.3 MB ( 82.4%)
     138.7 MB / 168.3 MB ( 82.5%)
     138.8 MB / 168.3 MB ( 82.5%)
     138.8 MB / 168.3 MB ( 82.5%)
     138.8 MB / 168.3 MB ( 82.5%)
     138.8 MB / 168.3 MB ( 82.5%)
     138.8 MB / 168.3 MB ( 82.5%)
     138.8 MB / 168.3 MB ( 82.5%)
     138.8 MB / 168.3 MB ( 82.5%)
     138.8 MB / 168.3 MB ( 82.5%)
     138.8 MB / 168.3 MB ( 82.5%)
     138.8 MB / 168.3 MB ( 82.5%)
     138.8 MB / 168.3 MB ( 82.5%)
     138.8 MB / 168.3 MB ( 82.5%)
     138.9 MB / 168.3 MB ( 82.5%)
     138.9 MB / 168.3 MB ( 82.5%)
     138.9 MB / 168.3 MB ( 82.5%)
     138.9 MB / 168.3 MB ( 82.5%)
     138.9 MB / 168.3 MB ( 82.5%)
     138.9 MB / 168.3 MB ( 82.5%)
     138.9 MB / 168.3 MB ( 82.5%)
     138.9 MB / 168.3 MB ( 82.5%)
     138.9 MB / 168.3 MB ( 82.6%)
     138.9 MB / 168.3 MB ( 82.6%)
     138.9 MB / 168.3 MB ( 82.6%)
     138.9 MB / 168.3 MB ( 82.6%)
     139.0 MB / 168.3 MB ( 82.6%)
     139.0 MB / 168.3 MB ( 82.6%)
     139.0 MB / 168.3 MB ( 82.6%)
     139.0 MB / 168.3 MB ( 82.6%)
     139.0 MB / 168.3 MB ( 82.6%)
     139.0 MB / 168.3 MB ( 82.6%)
     139.0 MB / 168.3 MB ( 82.6%)
     139.0 MB / 168.3 MB ( 82.6%)
     139.0 MB / 168.3 MB ( 82.6%)
     139.0 MB / 168.3 MB ( 82.6%)
     139.0 MB / 168.3 MB ( 82.6%)
     139.0 MB / 168.3 MB ( 82.6%)
     139.1 MB / 168.3 MB ( 82.6%)
     139.1 MB / 168.3 MB ( 82.6%)
     139.1 MB / 168.3 MB ( 82.6%)
     139.1 MB / 168.3 MB ( 82.6%)
     139.1 MB / 168.3 MB ( 82.6%)
     139.1 MB / 168.3 MB ( 82.7%)
     139.1 MB / 168.3 MB ( 82.7%)
     139.1 MB / 168.3 MB ( 82.7%)
     139.1 MB / 168.3 MB ( 82.7%)
     139.1 MB / 168.3 MB ( 82.7%)
     139.1 MB / 168.3 MB ( 82.7%)
     139.1 MB / 168.3 MB ( 82.7%)
     139.1 MB / 168.3 MB ( 82.7%)
     139.2 MB / 168.3 MB ( 82.7%)
     139.2 MB / 168.3 MB ( 82.7%)
     139.2 MB / 168.3 MB ( 82.7%)
     139.2 MB / 168.3 MB ( 82.7%)
     139.2 MB / 168.3 MB ( 82.7%)
     139.2 MB / 168.3 MB ( 82.7%)
     139.2 MB / 168.3 MB ( 82.7%)
     139.2 MB / 168.3 MB ( 82.7%)
     139.2 MB / 168.3 MB ( 82.7%)
     139.2 MB / 168.3 MB ( 82.7%)
     139.2 MB / 168.3 MB ( 82.7%)
     139.2 MB / 168.3 MB ( 82.7%)
     139.3 MB / 168.3 MB ( 82.8%)
     139.3 MB / 168.3 MB ( 82.8%)
     139.3 MB / 168.3 MB ( 82.8%)
     139.3 MB / 168.3 MB ( 82.8%)
     139.3 MB / 168.3 MB ( 82.8%)
     139.3 MB / 168.3 MB ( 82.8%)
     139.3 MB / 168.3 MB ( 82.8%)
     139.3 MB / 168.3 MB ( 82.8%)
     139.3 MB / 168.3 MB ( 82.8%)
     139.3 MB / 168.3 MB ( 82.8%)
     139.3 MB / 168.3 MB ( 82.8%)
     139.3 MB / 168.3 MB ( 82.8%)
     139.4 MB / 168.3 MB ( 82.8%)
     139.4 MB / 168.3 MB ( 82.8%)
     139.4 MB / 168.3 MB ( 82.8%)
     139.4 MB / 168.3 MB ( 82.8%)
     139.4 MB / 168.3 MB ( 82.8%)
     139.4 MB / 168.3 MB ( 82.8%)
     139.4 MB / 168.3 MB ( 82.8%)
     139.4 MB / 168.3 MB ( 82.8%)
     139.4 MB / 168.3 MB ( 82.8%)
     139.4 MB / 168.3 MB ( 82.9%)
     139.4 MB / 168.3 MB ( 82.9%)
     139.4 MB / 168.3 MB ( 82.9%)
     139.5 MB / 168.3 MB ( 82.9%)
     139.5 MB / 168.3 MB ( 82.9%)
     139.5 MB / 168.3 MB ( 82.9%)
     139.5 MB / 168.3 MB ( 82.9%)
     139.5 MB / 168.3 MB ( 82.9%)
     139.5 MB / 168.3 MB ( 82.9%)
     139.5 MB / 168.3 MB ( 82.9%)
     139.5 MB / 168.3 MB ( 82.9%)
     139.5 MB / 168.3 MB ( 82.9%)
     139.5 MB / 168.3 MB ( 82.9%)
     139.5 MB / 168.3 MB ( 82.9%)
     139.5 MB / 168.3 MB ( 82.9%)
     139.6 MB / 168.3 MB ( 82.9%)
     139.6 MB / 168.3 MB ( 82.9%)
     139.6 MB / 168.3 MB ( 82.9%)
     139.6 MB / 168.3 MB ( 82.9%)
     139.6 MB / 168.3 MB ( 82.9%)
     139.6 MB / 168.3 MB ( 83.0%)
     139.6 MB / 168.3 MB ( 83.0%)
     139.6 MB / 168.3 MB ( 83.0%)
     139.6 MB / 168.3 MB ( 83.0%)
     139.6 MB / 168.3 MB ( 83.0%)
     139.6 MB / 168.3 MB ( 83.0%)
     139.6 MB / 168.3 MB ( 83.0%)
     139.6 MB / 168.3 MB ( 83.0%)
     139.7 MB / 168.3 MB ( 83.0%)
     139.7 MB / 168.3 MB ( 83.0%)
     139.7 MB / 168.3 MB ( 83.0%)
     139.7 MB / 168.3 MB ( 83.0%)
     139.7 MB / 168.3 MB ( 83.0%)
     139.7 MB / 168.3 MB ( 83.0%)
     139.7 MB / 168.3 MB ( 83.0%)
     139.7 MB / 168.3 MB ( 83.0%)
     139.7 MB / 168.3 MB ( 83.0%)
     139.7 MB / 168.3 MB ( 83.0%)
     139.7 MB / 168.3 MB ( 83.0%)
     139.7 MB / 168.3 MB ( 83.0%)
     139.8 MB / 168.3 MB ( 83.0%)
     139.8 MB / 168.3 MB ( 83.1%)
     139.8 MB / 168.3 MB ( 83.1%)
     139.8 MB / 168.3 MB ( 83.1%)
     139.8 MB / 168.3 MB ( 83.1%)
     139.8 MB / 168.3 MB ( 83.1%)
     139.8 MB / 168.3 MB ( 83.1%)
     139.8 MB / 168.3 MB ( 83.1%)
     139.8 MB / 168.3 MB ( 83.1%)
     139.8 MB / 168.3 MB ( 83.1%)
     139.8 MB / 168.3 MB ( 83.1%)
     139.8 MB / 168.3 MB ( 83.1%)
     139.9 MB / 168.3 MB ( 83.1%)
     139.9 MB / 168.3 MB ( 83.1%)
     139.9 MB / 168.3 MB ( 83.1%)
     139.9 MB / 168.3 MB ( 83.1%)
     139.9 MB / 168.3 MB ( 83.1%)
     139.9 MB / 168.3 MB ( 83.1%)
     139.9 MB / 168.3 MB ( 83.1%)
     139.9 MB / 168.3 MB ( 83.1%)
     139.9 MB / 168.3 MB ( 83.1%)
     139.9 MB / 168.3 MB ( 83.2%)
     139.9 MB / 168.3 MB ( 83.2%)
     139.9 MB / 168.3 MB ( 83.2%)
     140.0 MB / 168.3 MB ( 83.2%)
     140.0 MB / 168.3 MB ( 83.2%)
     140.0 MB / 168.3 MB ( 83.2%)
     140.0 MB / 168.3 MB ( 83.2%)
     140.0 MB / 168.3 MB ( 83.2%)
     140.0 MB / 168.3 MB ( 83.2%)
     140.0 MB / 168.3 MB ( 83.2%)
     140.0 MB / 168.3 MB ( 83.2%)
     140.0 MB / 168.3 MB ( 83.2%)
     140.0 MB / 168.3 MB ( 83.2%)
     140.0 MB / 168.3 MB ( 83.2%)
     140.0 MB / 168.3 MB ( 83.2%)
     140.1 MB / 168.3 MB ( 83.2%)
     140.1 MB / 168.3 MB ( 83.2%)
     140.1 MB / 168.3 MB ( 83.2%)
     140.1 MB / 168.3 MB ( 83.2%)
     140.1 MB / 168.3 MB ( 83.2%)
     140.1 MB / 168.3 MB ( 83.2%)
     140.1 MB / 168.3 MB ( 83.3%)
     140.1 MB / 168.3 MB ( 83.3%)
     140.1 MB / 168.3 MB ( 83.3%)
     140.1 MB / 168.3 MB ( 83.3%)
     140.1 MB / 168.3 MB ( 83.3%)
     140.1 MB / 168.3 MB ( 83.3%)
     140.1 MB / 168.3 MB ( 83.3%)
     140.2 MB / 168.3 MB ( 83.3%)
     140.2 MB / 168.3 MB ( 83.3%)
     140.2 MB / 168.3 MB ( 83.3%)
     140.2 MB / 168.3 MB ( 83.3%)
     140.2 MB / 168.3 MB ( 83.3%)
     140.2 MB / 168.3 MB ( 83.3%)
     140.2 MB / 168.3 MB ( 83.3%)
     140.2 MB / 168.3 MB ( 83.3%)
     140.2 MB / 168.3 MB ( 83.3%)
     140.2 MB / 168.3 MB ( 83.3%)
     140.2 MB / 168.3 MB ( 83.3%)
     140.2 MB / 168.3 MB ( 83.3%)
     140.3 MB / 168.3 MB ( 83.3%)
     140.3 MB / 168.3 MB ( 83.4%)
     140.3 MB / 168.3 MB ( 83.4%)
     140.3 MB / 168.3 MB ( 83.4%)
     140.3 MB / 168.3 MB ( 83.4%)
     140.3 MB / 168.3 MB ( 83.4%)
     140.3 MB / 168.3 MB ( 83.4%)
     140.3 MB / 168.3 MB ( 83.4%)
     140.3 MB / 168.3 MB ( 83.4%)
     140.3 MB / 168.3 MB ( 83.4%)
     140.3 MB / 168.3 MB ( 83.4%)
     140.3 MB / 168.3 MB ( 83.4%)
     140.4 MB / 168.3 MB ( 83.4%)
     140.4 MB / 168.3 MB ( 83.4%)
     140.4 MB / 168.3 MB ( 83.4%)
     140.4 MB / 168.3 MB ( 83.4%)
     140.4 MB / 168.3 MB ( 83.4%)
     140.4 MB / 168.3 MB ( 83.4%)
     140.4 MB / 168.3 MB ( 83.4%)
     140.4 MB / 168.3 MB ( 83.4%)
     140.4 MB / 168.3 MB ( 83.4%)
     140.4 MB / 168.3 MB ( 83.4%)
     140.4 MB / 168.3 MB ( 83.5%)
     140.4 MB / 168.3 MB ( 83.5%)
     140.5 MB / 168.3 MB ( 83.5%)
     140.5 MB / 168.3 MB ( 83.5%)
     140.5 MB / 168.3 MB ( 83.5%)
     140.5 MB / 168.3 MB ( 83.5%)
     140.5 MB / 168.3 MB ( 83.5%)
     140.5 MB / 168.3 MB ( 83.5%)
     140.5 MB / 168.3 MB ( 83.5%)
     140.5 MB / 168.3 MB ( 83.5%)
     140.5 MB / 168.3 MB ( 83.5%)
     140.5 MB / 168.3 MB ( 83.5%)
     140.5 MB / 168.3 MB ( 83.5%)
     140.5 MB / 168.3 MB ( 83.5%)
     140.6 MB / 168.3 MB ( 83.5%)
     140.6 MB / 168.3 MB ( 83.5%)
     140.6 MB / 168.3 MB ( 83.5%)
     140.6 MB / 168.3 MB ( 83.5%)
     140.6 MB / 168.3 MB ( 83.5%)
     140.6 MB / 168.3 MB ( 83.5%)
     140.6 MB / 168.3 MB ( 83.6%)
     140.6 MB / 168.3 MB ( 83.6%)
     140.6 MB / 168.3 MB ( 83.6%)
     140.6 MB / 168.3 MB ( 83.6%)
     140.6 MB / 168.3 MB ( 83.6%)
     140.6 MB / 168.3 MB ( 83.6%)
     140.6 MB / 168.3 MB ( 83.6%)
     140.7 MB / 168.3 MB ( 83.6%)
     140.7 MB / 168.3 MB ( 83.6%)
     140.7 MB / 168.3 MB ( 83.6%)
     140.7 MB / 168.3 MB ( 83.6%)
     140.7 MB / 168.3 MB ( 83.6%)
     140.7 MB / 168.3 MB ( 83.6%)
     140.7 MB / 168.3 MB ( 83.6%)
     140.7 MB / 168.3 MB ( 83.6%)
     140.7 MB / 168.3 MB ( 83.6%)
     140.7 MB / 168.3 MB ( 83.6%)
     140.7 MB / 168.3 MB ( 83.6%)
     140.7 MB / 168.3 MB ( 83.6%)
     140.8 MB / 168.3 MB ( 83.6%)
     140.8 MB / 168.3 MB ( 83.6%)
     140.8 MB / 168.3 MB ( 83.7%)
     140.8 MB / 168.3 MB ( 83.7%)
     140.8 MB / 168.3 MB ( 83.7%)
     140.8 MB / 168.3 MB ( 83.7%)
     140.8 MB / 168.3 MB ( 83.7%)
     140.8 MB / 168.3 MB ( 83.7%)
     140.8 MB / 168.3 MB ( 83.7%)
     140.8 MB / 168.3 MB ( 83.7%)
     140.8 MB / 168.3 MB ( 83.7%)
     140.8 MB / 168.3 MB ( 83.7%)
     140.9 MB / 168.3 MB ( 83.7%)
     140.9 MB / 168.3 MB ( 83.7%)
     140.9 MB / 168.3 MB ( 83.7%)
     140.9 MB / 168.3 MB ( 83.7%)
     140.9 MB / 168.3 MB ( 83.7%)
     140.9 MB / 168.3 MB ( 83.7%)
     140.9 MB / 168.3 MB ( 83.7%)
     140.9 MB / 168.3 MB ( 83.7%)
     140.9 MB / 168.3 MB ( 83.7%)
     140.9 MB / 168.3 MB ( 83.7%)
     140.9 MB / 168.3 MB ( 83.8%)
     140.9 MB / 168.3 MB ( 83.8%)
     141.0 MB / 168.3 MB ( 83.8%)
     141.0 MB / 168.3 MB ( 83.8%)
     141.0 MB / 168.3 MB ( 83.8%)
     141.0 MB / 168.3 MB ( 83.8%)
     141.0 MB / 168.3 MB ( 83.8%)
     141.0 MB / 168.3 MB ( 83.8%)
     141.0 MB / 168.3 MB ( 83.8%)
     141.0 MB / 168.3 MB ( 83.8%)
     141.0 MB / 168.3 MB ( 83.8%)
     141.0 MB / 168.3 MB ( 83.8%)
     141.0 MB / 168.3 MB ( 83.8%)
     141.0 MB / 168.3 MB ( 83.8%)
     141.0 MB / 168.3 MB ( 83.8%)
     141.1 MB / 168.3 MB ( 83.8%)
     141.1 MB / 168.3 MB ( 83.8%)
     141.1 MB / 168.3 MB ( 83.8%)
     141.1 MB / 168.3 MB ( 83.8%)
     141.1 MB / 168.3 MB ( 83.8%)
     141.1 MB / 168.3 MB ( 83.8%)
     141.1 MB / 168.3 MB ( 83.9%)
     141.1 MB / 168.3 MB ( 83.9%)
     141.1 MB / 168.3 MB ( 83.9%)
     141.1 MB / 168.3 MB ( 83.9%)
     141.1 MB / 168.3 MB ( 83.9%)
     141.1 MB / 168.3 MB ( 83.9%)
     141.2 MB / 168.3 MB ( 83.9%)
     141.2 MB / 168.3 MB ( 83.9%)
     141.2 MB / 168.3 MB ( 83.9%)
     141.2 MB / 168.3 MB ( 83.9%)
     141.2 MB / 168.3 MB ( 83.9%)
     141.2 MB / 168.3 MB ( 83.9%)
     141.2 MB / 168.3 MB ( 83.9%)
     141.2 MB / 168.3 MB ( 83.9%)
     141.2 MB / 168.3 MB ( 83.9%)
     141.2 MB / 168.3 MB ( 83.9%)
     141.2 MB / 168.3 MB ( 83.9%)
     141.2 MB / 168.3 MB ( 83.9%)
     141.3 MB / 168.3 MB ( 83.9%)
     141.3 MB / 168.3 MB ( 83.9%)
     141.3 MB / 168.3 MB ( 83.9%)
     141.3 MB / 168.3 MB ( 84.0%)
     141.3 MB / 168.3 MB ( 84.0%)
     141.3 MB / 168.3 MB ( 84.0%)
     141.3 MB / 168.3 MB ( 84.0%)
     141.3 MB / 168.3 MB ( 84.0%)
     141.3 MB / 168.3 MB ( 84.0%)
     141.3 MB / 168.3 MB ( 84.0%)
     141.3 MB / 168.3 MB ( 84.0%)
     141.3 MB / 168.3 MB ( 84.0%)
     141.4 MB / 168.3 MB ( 84.0%)
     141.4 MB / 168.3 MB ( 84.0%)
     141.4 MB / 168.3 MB ( 84.0%)
     141.4 MB / 168.3 MB ( 84.0%)
     141.4 MB / 168.3 MB ( 84.0%)
     141.4 MB / 168.3 MB ( 84.0%)
     141.4 MB / 168.3 MB ( 84.0%)
     141.4 MB / 168.3 MB ( 84.0%)
     141.4 MB / 168.3 MB ( 84.0%)
     141.4 MB / 168.3 MB ( 84.0%)
     141.4 MB / 168.3 MB ( 84.0%)
     141.4 MB / 168.3 MB ( 84.1%)
     141.5 MB / 168.3 MB ( 84.1%)
     141.5 MB / 168.3 MB ( 84.1%)
     141.5 MB / 168.3 MB ( 84.1%)
     141.5 MB / 168.3 MB ( 84.1%)
     141.5 MB / 168.3 MB ( 84.1%)
     141.5 MB / 168.3 MB ( 84.1%)
     141.5 MB / 168.3 MB ( 84.1%)
     141.5 MB / 168.3 MB ( 84.1%)
     141.5 MB / 168.3 MB ( 84.1%)
     141.5 MB / 168.3 MB ( 84.1%)
     141.5 MB / 168.3 MB ( 84.1%)
     141.5 MB / 168.3 MB ( 84.1%)
     141.5 MB / 168.3 MB ( 84.1%)
     141.6 MB / 168.3 MB ( 84.1%)
     141.6 MB / 168.3 MB ( 84.1%)
     141.6 MB / 168.3 MB ( 84.1%)
     141.6 MB / 168.3 MB ( 84.1%)
     141.6 MB / 168.3 MB ( 84.1%)
     141.6 MB / 168.3 MB ( 84.1%)
     141.6 MB / 168.3 MB ( 84.1%)
     141.6 MB / 168.3 MB ( 84.2%)
     141.6 MB / 168.3 MB ( 84.2%)
     141.6 MB / 168.3 MB ( 84.2%)
     141.6 MB / 168.3 MB ( 84.2%)
     141.6 MB / 168.3 MB ( 84.2%)
     141.7 MB / 168.3 MB ( 84.2%)
     141.7 MB / 168.3 MB ( 84.2%)
     141.7 MB / 168.3 MB ( 84.2%)
     141.7 MB / 168.3 MB ( 84.2%)
     141.7 MB / 168.3 MB ( 84.2%)
     141.7 MB / 168.3 MB ( 84.2%)
     141.7 MB / 168.3 MB ( 84.2%)
     141.7 MB / 168.3 MB ( 84.2%)
     141.7 MB / 168.3 MB ( 84.2%)
     141.7 MB / 168.3 MB ( 84.2%)
     141.7 MB / 168.3 MB ( 84.2%)
     141.7 MB / 168.3 MB ( 84.2%)
     141.8 MB / 168.3 MB ( 84.2%)
     141.8 MB / 168.3 MB ( 84.2%)
     141.8 MB / 168.3 MB ( 84.2%)
     141.8 MB / 168.3 MB ( 84.3%)
     141.8 MB / 168.3 MB ( 84.3%)
     141.8 MB / 168.3 MB ( 84.3%)
     141.8 MB / 168.3 MB ( 84.3%)
     141.8 MB / 168.3 MB ( 84.3%)
     141.8 MB / 168.3 MB ( 84.3%)
     141.8 MB / 168.3 MB ( 84.3%)
     141.8 MB / 168.3 MB ( 84.3%)
     141.8 MB / 168.3 MB ( 84.3%)
     141.9 MB / 168.3 MB ( 84.3%)
     141.9 MB / 168.3 MB ( 84.3%)
     141.9 MB / 168.3 MB ( 84.3%)
     141.9 MB / 168.3 MB ( 84.3%)
     141.9 MB / 168.3 MB ( 84.3%)
     141.9 MB / 168.3 MB ( 84.3%)
     141.9 MB / 168.3 MB ( 84.3%)
     141.9 MB / 168.3 MB ( 84.3%)
     141.9 MB / 168.3 MB ( 84.3%)
     141.9 MB / 168.3 MB ( 84.3%)
     141.9 MB / 168.3 MB ( 84.3%)
     141.9 MB / 168.3 MB ( 84.3%)
     142.0 MB / 168.3 MB ( 84.4%)
     142.0 MB / 168.3 MB ( 84.4%)
     142.0 MB / 168.3 MB ( 84.4%)
     142.0 MB / 168.3 MB ( 84.4%)
     142.0 MB / 168.3 MB ( 84.4%)
     142.0 MB / 168.3 MB ( 84.4%)
     142.0 MB / 168.3 MB ( 84.4%)
     142.0 MB / 168.3 MB ( 84.4%)
     142.0 MB / 168.3 MB ( 84.4%)
     142.0 MB / 168.3 MB ( 84.4%)
     142.0 MB / 168.3 MB ( 84.4%)
     142.0 MB / 168.3 MB ( 84.4%)
     142.0 MB / 168.3 MB ( 84.4%)
     142.1 MB / 168.3 MB ( 84.4%)
     142.1 MB / 168.3 MB ( 84.4%)
     142.1 MB / 168.3 MB ( 84.4%)
     142.1 MB / 168.3 MB ( 84.4%)
     142.1 MB / 168.3 MB ( 84.4%)
     142.1 MB / 168.3 MB ( 84.4%)
     142.1 MB / 168.3 MB ( 84.4%)
     142.1 MB / 168.3 MB ( 84.5%)
     142.1 MB / 168.3 MB ( 84.5%)
     142.1 MB / 168.3 MB ( 84.5%)
     142.1 MB / 168.3 MB ( 84.5%)
     142.1 MB / 168.3 MB ( 84.5%)
     142.2 MB / 168.3 MB ( 84.5%)
     142.2 MB / 168.3 MB ( 84.5%)
     142.2 MB / 168.3 MB ( 84.5%)
     142.2 MB / 168.3 MB ( 84.5%)
     142.2 MB / 168.3 MB ( 84.5%)
     142.2 MB / 168.3 MB ( 84.5%)
     142.2 MB / 168.3 MB ( 84.5%)
     142.2 MB / 168.3 MB ( 84.5%)
     142.2 MB / 168.3 MB ( 84.5%)
     142.2 MB / 168.3 MB ( 84.5%)
     142.2 MB / 168.3 MB ( 84.5%)
     142.2 MB / 168.3 MB ( 84.5%)
     142.3 MB / 168.3 MB ( 84.5%)
     142.3 MB / 168.3 MB ( 84.5%)
     142.3 MB / 168.3 MB ( 84.5%)
     142.3 MB / 168.3 MB ( 84.5%)
     142.3 MB / 168.3 MB ( 84.6%)
     142.3 MB / 168.3 MB ( 84.6%)
     142.3 MB / 168.3 MB ( 84.6%)
     142.3 MB / 168.3 MB ( 84.6%)
     142.3 MB / 168.3 MB ( 84.6%)
     142.3 MB / 168.3 MB ( 84.6%)
     142.3 MB / 168.3 MB ( 84.6%)
     142.3 MB / 168.3 MB ( 84.6%)
     142.4 MB / 168.3 MB ( 84.6%)
     142.4 MB / 168.3 MB ( 84.6%)
     142.4 MB / 168.3 MB ( 84.6%)
     142.4 MB / 168.3 MB ( 84.6%)
     142.4 MB / 168.3 MB ( 84.6%)
     142.4 MB / 168.3 MB ( 84.6%)
     142.4 MB / 168.3 MB ( 84.6%)
     142.4 MB / 168.3 MB ( 84.6%)
     142.4 MB / 168.3 MB ( 84.6%)
     142.4 MB / 168.3 MB ( 84.6%)
     142.4 MB / 168.3 MB ( 84.6%)
     142.4 MB / 168.3 MB ( 84.6%)
     142.5 MB / 168.3 MB ( 84.7%)
     142.5 MB / 168.3 MB ( 84.7%)
     142.5 MB / 168.3 MB ( 84.7%)
     142.5 MB / 168.3 MB ( 84.7%)
     142.5 MB / 168.3 MB ( 84.7%)
     142.5 MB / 168.3 MB ( 84.7%)
     142.5 MB / 168.3 MB ( 84.7%)
     142.5 MB / 168.3 MB ( 84.7%)
     142.5 MB / 168.3 MB ( 84.7%)
     142.5 MB / 168.3 MB ( 84.7%)
     142.5 MB / 168.3 MB ( 84.7%)
     142.5 MB / 168.3 MB ( 84.7%)
     142.5 MB / 168.3 MB ( 84.7%)
     142.6 MB / 168.3 MB ( 84.7%)
     142.6 MB / 168.3 MB ( 84.7%)
     142.6 MB / 168.3 MB ( 84.7%)
     142.6 MB / 168.3 MB ( 84.7%)
     142.6 MB / 168.3 MB ( 84.7%)
     142.6 MB / 168.3 MB ( 84.7%)
     142.6 MB / 168.3 MB ( 84.7%)
     142.6 MB / 168.3 MB ( 84.7%)
     142.6 MB / 168.3 MB ( 84.8%)
     142.6 MB / 168.3 MB ( 84.8%)
     142.6 MB / 168.3 MB ( 84.8%)
     142.6 MB / 168.3 MB ( 84.8%)
     142.7 MB / 168.3 MB ( 84.8%)
     142.7 MB / 168.3 MB ( 84.8%)
     142.7 MB / 168.3 MB ( 84.8%)
     142.7 MB / 168.3 MB ( 84.8%)
     142.7 MB / 168.3 MB ( 84.8%)
     142.7 MB / 168.3 MB ( 84.8%)
     142.7 MB / 168.3 MB ( 84.8%)
     142.7 MB / 168.3 MB ( 84.8%)
     142.7 MB / 168.3 MB ( 84.8%)
     142.7 MB / 168.3 MB ( 84.8%)
     142.7 MB / 168.3 MB ( 84.8%)
     142.7 MB / 168.3 MB ( 84.8%)
     142.8 MB / 168.3 MB ( 84.8%)
     142.8 MB / 168.3 MB ( 84.8%)
     142.8 MB / 168.3 MB ( 84.8%)
     142.8 MB / 168.3 MB ( 84.8%)
     142.8 MB / 168.3 MB ( 84.9%)
     142.8 MB / 168.3 MB ( 84.9%)
     142.8 MB / 168.3 MB ( 84.9%)
     142.8 MB / 168.3 MB ( 84.9%)
     142.8 MB / 168.3 MB ( 84.9%)
     142.8 MB / 168.3 MB ( 84.9%)
     142.8 MB / 168.3 MB ( 84.9%)
     142.8 MB / 168.3 MB ( 84.9%)
     142.9 MB / 168.3 MB ( 84.9%)
     142.9 MB / 168.3 MB ( 84.9%)
     142.9 MB / 168.3 MB ( 84.9%)
     142.9 MB / 168.3 MB ( 84.9%)
     142.9 MB / 168.3 MB ( 84.9%)
     142.9 MB / 168.3 MB ( 84.9%)
     142.9 MB / 168.3 MB ( 84.9%)
     142.9 MB / 168.3 MB ( 84.9%)
     142.9 MB / 168.3 MB ( 84.9%)
     142.9 MB / 168.3 MB ( 84.9%)
     142.9 MB / 168.3 MB ( 84.9%)
     142.9 MB / 168.3 MB ( 84.9%)
     143.0 MB / 168.3 MB ( 84.9%)
     143.0 MB / 168.3 MB ( 85.0%)
     143.0 MB / 168.3 MB ( 85.0%)
     143.0 MB / 168.3 MB ( 85.0%)
     143.0 MB / 168.3 MB ( 85.0%)
     143.0 MB / 168.3 MB ( 85.0%)
     143.0 MB / 168.3 MB ( 85.0%)
     143.0 MB / 168.3 MB ( 85.0%)
     143.0 MB / 168.3 MB ( 85.0%)
     143.0 MB / 168.3 MB ( 85.0%)
     143.0 MB / 168.3 MB ( 85.0%)
     143.0 MB / 168.3 MB ( 85.0%)
     143.0 MB / 168.3 MB ( 85.0%)
     143.1 MB / 168.3 MB ( 85.0%)
     143.1 MB / 168.3 MB ( 85.0%)
     143.1 MB / 168.3 MB ( 85.0%)
     143.1 MB / 168.3 MB ( 85.0%)
     143.1 MB / 168.3 MB ( 85.0%)
     143.1 MB / 168.3 MB ( 85.0%)
     143.1 MB / 168.3 MB ( 85.0%)
     143.1 MB / 168.3 MB ( 85.0%)
     143.1 MB / 168.3 MB ( 85.0%)
     143.1 MB / 168.3 MB ( 85.1%)
     143.1 MB / 168.3 MB ( 85.1%)
     143.1 MB / 168.3 MB ( 85.1%)
     143.2 MB / 168.3 MB ( 85.1%)
     143.2 MB / 168.3 MB ( 85.1%)
     143.2 MB / 168.3 MB ( 85.1%)
     143.2 MB / 168.3 MB ( 85.1%)
     143.2 MB / 168.3 MB ( 85.1%)
     143.2 MB / 168.3 MB ( 85.1%)
     143.2 MB / 168.3 MB ( 85.1%)
     143.2 MB / 168.3 MB ( 85.1%)
     143.2 MB / 168.3 MB ( 85.1%)
     143.2 MB / 168.3 MB ( 85.1%)
     143.2 MB / 168.3 MB ( 85.1%)
     143.2 MB / 168.3 MB ( 85.1%)
     143.3 MB / 168.3 MB ( 85.1%)
     143.3 MB / 168.3 MB ( 85.1%)
     143.3 MB / 168.3 MB ( 85.1%)
     143.3 MB / 168.3 MB ( 85.1%)
     143.3 MB / 168.3 MB ( 85.1%)
     143.3 MB / 168.3 MB ( 85.2%)
     143.3 MB / 168.3 MB ( 85.2%)
     143.3 MB / 168.3 MB ( 85.2%)
     143.3 MB / 168.3 MB ( 85.2%)
     143.3 MB / 168.3 MB ( 85.2%)
     143.3 MB / 168.3 MB ( 85.2%)
     143.3 MB / 168.3 MB ( 85.2%)
     143.4 MB / 168.3 MB ( 85.2%)
     143.4 MB / 168.3 MB ( 85.2%)
     143.4 MB / 168.3 MB ( 85.2%)
     143.4 MB / 168.3 MB ( 85.2%)
     143.4 MB / 168.3 MB ( 85.2%)
     143.4 MB / 168.3 MB ( 85.2%)
     143.4 MB / 168.3 MB ( 85.2%)
     143.4 MB / 168.3 MB ( 85.2%)
     143.4 MB / 168.3 MB ( 85.2%)
     143.4 MB / 168.3 MB ( 85.2%)
     143.4 MB / 168.3 MB ( 85.2%)
     143.4 MB / 168.3 MB ( 85.2%)
     143.5 MB / 168.3 MB ( 85.2%)
     143.5 MB / 168.3 MB ( 85.2%)
     143.5 MB / 168.3 MB ( 85.3%)
     143.5 MB / 168.3 MB ( 85.3%)
     143.5 MB / 168.3 MB ( 85.3%)
     143.5 MB / 168.3 MB ( 85.3%)
     143.5 MB / 168.3 MB ( 85.3%)
     143.5 MB / 168.3 MB ( 85.3%)
     143.5 MB / 168.3 MB ( 85.3%)
     143.5 MB / 168.3 MB ( 85.3%)
     143.5 MB / 168.3 MB ( 85.3%)
     143.5 MB / 168.3 MB ( 85.3%)
     143.5 MB / 168.3 MB ( 85.3%)
     143.6 MB / 168.3 MB ( 85.3%)
     143.6 MB / 168.3 MB ( 85.3%)
     143.6 MB / 168.3 MB ( 85.3%)
     143.6 MB / 168.3 MB ( 85.3%)
     143.6 MB / 168.3 MB ( 85.3%)
     143.6 MB / 168.3 MB ( 85.3%)
     143.6 MB / 168.3 MB ( 85.3%)
     143.6 MB / 168.3 MB ( 85.3%)
     143.6 MB / 168.3 MB ( 85.3%)
     143.6 MB / 168.3 MB ( 85.4%)
     143.6 MB / 168.3 MB ( 85.4%)
     143.6 MB / 168.3 MB ( 85.4%)
     143.7 MB / 168.3 MB ( 85.4%)
     143.7 MB / 168.3 MB ( 85.4%)
     143.7 MB / 168.3 MB ( 85.4%)
     143.7 MB / 168.3 MB ( 85.4%)
     143.7 MB / 168.3 MB ( 85.4%)
     143.7 MB / 168.3 MB ( 85.4%)
     143.7 MB / 168.3 MB ( 85.4%)
     143.7 MB / 168.3 MB ( 85.4%)
     143.7 MB / 168.3 MB ( 85.4%)
     143.7 MB / 168.3 MB ( 85.4%)
     143.7 MB / 168.3 MB ( 85.4%)
     143.7 MB / 168.3 MB ( 85.4%)
     143.8 MB / 168.3 MB ( 85.4%)
     143.8 MB / 168.3 MB ( 85.4%)
     143.8 MB / 168.3 MB ( 85.4%)
     143.8 MB / 168.3 MB ( 85.4%)
     143.8 MB / 168.3 MB ( 85.4%)
     143.8 MB / 168.3 MB ( 85.4%)
     143.8 MB / 168.3 MB ( 85.5%)
     143.8 MB / 168.3 MB ( 85.5%)
     143.8 MB / 168.3 MB ( 85.5%)
     143.8 MB / 168.3 MB ( 85.5%)
     143.8 MB / 168.3 MB ( 85.5%)
     143.8 MB / 168.3 MB ( 85.5%)
     143.9 MB / 168.3 MB ( 85.5%)
     143.9 MB / 168.3 MB ( 85.5%)
     143.9 MB / 168.3 MB ( 85.5%)
     143.9 MB / 168.3 MB ( 85.5%)
     143.9 MB / 168.3 MB ( 85.5%)
     143.9 MB / 168.3 MB ( 85.5%)
     143.9 MB / 168.3 MB ( 85.5%)
     143.9 MB / 168.3 MB ( 85.5%)
     143.9 MB / 168.3 MB ( 85.5%)
     143.9 MB / 168.3 MB ( 85.5%)
     143.9 MB / 168.3 MB ( 85.5%)
     143.9 MB / 168.3 MB ( 85.5%)
     143.9 MB / 168.3 MB ( 85.5%)
     144.0 MB / 168.3 MB ( 85.5%)
     144.0 MB / 168.3 MB ( 85.6%)
     144.0 MB / 168.3 MB ( 85.6%)
     144.0 MB / 168.3 MB ( 85.6%)
     144.0 MB / 168.3 MB ( 85.6%)
     144.0 MB / 168.3 MB ( 85.6%)
     144.0 MB / 168.3 MB ( 85.6%)
     144.0 MB / 168.3 MB ( 85.6%)
     144.0 MB / 168.3 MB ( 85.6%)
     144.0 MB / 168.3 MB ( 85.6%)
     144.0 MB / 168.3 MB ( 85.6%)
     144.0 MB / 168.3 MB ( 85.6%)
     144.1 MB / 168.3 MB ( 85.6%)
     144.1 MB / 168.3 MB ( 85.6%)
     144.1 MB / 168.3 MB ( 85.6%)
     144.1 MB / 168.3 MB ( 85.6%)
     144.1 MB / 168.3 MB ( 85.6%)
     144.1 MB / 168.3 MB ( 85.6%)
     144.1 MB / 168.3 MB ( 85.6%)
     144.1 MB / 168.3 MB ( 85.6%)
     144.1 MB / 168.3 MB ( 85.6%)
     144.1 MB / 168.3 MB ( 85.6%)
     144.1 MB / 168.3 MB ( 85.7%)
     144.1 MB / 168.3 MB ( 85.7%)
     144.2 MB / 168.3 MB ( 85.7%)
     144.2 MB / 168.3 MB ( 85.7%)
     144.2 MB / 168.3 MB ( 85.7%)
     144.2 MB / 168.3 MB ( 85.7%)
     144.2 MB / 168.3 MB ( 85.7%)
     144.2 MB / 168.3 MB ( 85.7%)
     144.2 MB / 168.3 MB ( 85.7%)
     144.2 MB / 168.3 MB ( 85.7%)
     144.2 MB / 168.3 MB ( 85.7%)
     144.2 MB / 168.3 MB ( 85.7%)
     144.2 MB / 168.3 MB ( 85.7%)
     144.2 MB / 168.3 MB ( 85.7%)
     144.3 MB / 168.3 MB ( 85.7%)
     144.3 MB / 168.3 MB ( 85.7%)
     144.3 MB / 168.3 MB ( 85.7%)
     144.3 MB / 168.3 MB ( 85.7%)
     144.3 MB / 168.3 MB ( 85.7%)
     144.3 MB / 168.3 MB ( 85.7%)
     144.3 MB / 168.3 MB ( 85.8%)
     144.3 MB / 168.3 MB ( 85.8%)
     144.3 MB / 168.3 MB ( 85.8%)
     144.3 MB / 168.3 MB ( 85.8%)
     144.3 MB / 168.3 MB ( 85.8%)
     144.3 MB / 168.3 MB ( 85.8%)
     144.4 MB / 168.3 MB ( 85.8%)
     144.4 MB / 168.3 MB ( 85.8%)
     144.4 MB / 168.3 MB ( 85.8%)
     144.4 MB / 168.3 MB ( 85.8%)
     144.4 MB / 168.3 MB ( 85.8%)
     144.4 MB / 168.3 MB ( 85.8%)
     144.4 MB / 168.3 MB ( 85.8%)
     144.4 MB / 168.3 MB ( 85.8%)
     144.4 MB / 168.3 MB ( 85.8%)
     144.4 MB / 168.3 MB ( 85.8%)
     144.4 MB / 168.3 MB ( 85.8%)
     144.4 MB / 168.3 MB ( 85.8%)
     144.4 MB / 168.3 MB ( 85.8%)
     144.5 MB / 168.3 MB ( 85.8%)
     144.5 MB / 168.3 MB ( 85.8%)
     144.5 MB / 168.3 MB ( 85.9%)
     144.5 MB / 168.3 MB ( 85.9%)
     144.5 MB / 168.3 MB ( 85.9%)
     144.5 MB / 168.3 MB ( 85.9%)
     144.5 MB / 168.3 MB ( 85.9%)
     144.5 MB / 168.3 MB ( 85.9%)
     144.5 MB / 168.3 MB ( 85.9%)
     144.5 MB / 168.3 MB ( 85.9%)
     144.5 MB / 168.3 MB ( 85.9%)
     144.5 MB / 168.3 MB ( 85.9%)
     144.6 MB / 168.3 MB ( 85.9%)
     144.6 MB / 168.3 MB ( 85.9%)
     144.6 MB / 168.3 MB ( 85.9%)
     144.6 MB / 168.3 MB ( 85.9%)
     144.6 MB / 168.3 MB ( 85.9%)
     144.6 MB / 168.3 MB ( 85.9%)
     144.6 MB / 168.3 MB ( 85.9%)
     144.6 MB / 168.3 MB ( 85.9%)
     144.6 MB / 168.3 MB ( 85.9%)
     144.6 MB / 168.3 MB ( 85.9%)
     144.6 MB / 168.3 MB ( 86.0%)
     144.6 MB / 168.3 MB ( 86.0%)
     144.7 MB / 168.3 MB ( 86.0%)
     144.7 MB / 168.3 MB ( 86.0%)
     144.7 MB / 168.3 MB ( 86.0%)
     144.7 MB / 168.3 MB ( 86.0%)
     144.7 MB / 168.3 MB ( 86.0%)
     144.7 MB / 168.3 MB ( 86.0%)
     144.7 MB / 168.3 MB ( 86.0%)
     144.7 MB / 168.3 MB ( 86.0%)
     144.7 MB / 168.3 MB ( 86.0%)
     144.7 MB / 168.3 MB ( 86.0%)
     144.7 MB / 168.3 MB ( 86.0%)
     144.7 MB / 168.3 MB ( 86.0%)
     144.8 MB / 168.3 MB ( 86.0%)
     144.8 MB / 168.3 MB ( 86.0%)
     144.8 MB / 168.3 MB ( 86.0%)
     144.8 MB / 168.3 MB ( 86.0%)
     144.8 MB / 168.3 MB ( 86.0%)
     144.8 MB / 168.3 MB ( 86.0%)
     144.8 MB / 168.3 MB ( 86.0%)
     144.8 MB / 168.3 MB ( 86.1%)
     144.8 MB / 168.3 MB ( 86.1%)
     144.8 MB / 168.3 MB ( 86.1%)
     144.8 MB / 168.3 MB ( 86.1%)
     144.8 MB / 168.3 MB ( 86.1%)
     144.9 MB / 168.3 MB ( 86.1%)
     144.9 MB / 168.3 MB ( 86.1%)
     144.9 MB / 168.3 MB ( 86.1%)
     144.9 MB / 168.3 MB ( 86.1%)
     144.9 MB / 168.3 MB ( 86.1%)
     144.9 MB / 168.3 MB ( 86.1%)
     144.9 MB / 168.3 MB ( 86.1%)
     144.9 MB / 168.3 MB ( 86.1%)
     144.9 MB / 168.3 MB ( 86.1%)
     144.9 MB / 168.3 MB ( 86.1%)
     144.9 MB / 168.3 MB ( 86.1%)
     144.9 MB / 168.3 MB ( 86.1%)
     144.9 MB / 168.3 MB ( 86.1%)
     145.0 MB / 168.3 MB ( 86.1%)
     145.0 MB / 168.3 MB ( 86.1%)
     145.0 MB / 168.3 MB ( 86.2%)
     145.0 MB / 168.3 MB ( 86.2%)
     145.0 MB / 168.3 MB ( 86.2%)
     145.0 MB / 168.3 MB ( 86.2%)
     145.0 MB / 168.3 MB ( 86.2%)
     145.0 MB / 168.3 MB ( 86.2%)
     145.0 MB / 168.3 MB ( 86.2%)
     145.0 MB / 168.3 MB ( 86.2%)
     145.0 MB / 168.3 MB ( 86.2%)
     145.0 MB / 168.3 MB ( 86.2%)
     145.1 MB / 168.3 MB ( 86.2%)
     145.1 MB / 168.3 MB ( 86.2%)
     145.1 MB / 168.3 MB ( 86.2%)
     145.1 MB / 168.3 MB ( 86.2%)
     145.1 MB / 168.3 MB ( 86.2%)
     145.1 MB / 168.3 MB ( 86.2%)
     145.1 MB / 168.3 MB ( 86.2%)
     145.1 MB / 168.3 MB ( 86.2%)
     145.1 MB / 168.3 MB ( 86.2%)
     145.1 MB / 168.3 MB ( 86.2%)
     145.1 MB / 168.3 MB ( 86.2%)
     145.1 MB / 168.3 MB ( 86.3%)
     145.2 MB / 168.3 MB ( 86.3%)
     145.2 MB / 168.3 MB ( 86.3%)
     145.2 MB / 168.3 MB ( 86.3%)
     145.2 MB / 168.3 MB ( 86.3%)
     145.2 MB / 168.3 MB ( 86.3%)
     145.2 MB / 168.3 MB ( 86.3%)
     145.2 MB / 168.3 MB ( 86.3%)
     145.2 MB / 168.3 MB ( 86.3%)
     145.2 MB / 168.3 MB ( 86.3%)
     145.2 MB / 168.3 MB ( 86.3%)
     145.2 MB / 168.3 MB ( 86.3%)
     145.2 MB / 168.3 MB ( 86.3%)
     145.3 MB / 168.3 MB ( 86.3%)
     145.3 MB / 168.3 MB ( 86.3%)
     145.3 MB / 168.3 MB ( 86.3%)
     145.3 MB / 168.3 MB ( 86.3%)
     145.3 MB / 168.3 MB ( 86.3%)
     145.3 MB / 168.3 MB ( 86.3%)
     145.3 MB / 168.3 MB ( 86.3%)
     145.3 MB / 168.3 MB ( 86.3%)
     145.3 MB / 168.3 MB ( 86.4%)
     145.3 MB / 168.3 MB ( 86.4%)
     145.3 MB / 168.3 MB ( 86.4%)
     145.3 MB / 168.3 MB ( 86.4%)
     145.4 MB / 168.3 MB ( 86.4%)
     145.4 MB / 168.3 MB ( 86.4%)
     145.4 MB / 168.3 MB ( 86.4%)
     145.4 MB / 168.3 MB ( 86.4%)
     145.4 MB / 168.3 MB ( 86.4%)
     145.4 MB / 168.3 MB ( 86.4%)
     145.4 MB / 168.3 MB ( 86.4%)
     145.4 MB / 168.3 MB ( 86.4%)
     145.4 MB / 168.3 MB ( 86.4%)
     145.4 MB / 168.3 MB ( 86.4%)
     145.4 MB / 168.3 MB ( 86.4%)
     145.4 MB / 168.3 MB ( 86.4%)
     145.4 MB / 168.3 MB ( 86.4%)
     145.5 MB / 168.3 MB ( 86.4%)
     145.5 MB / 168.3 MB ( 86.4%)
     145.5 MB / 168.3 MB ( 86.4%)
     145.5 MB / 168.3 MB ( 86.5%)
     145.5 MB / 168.3 MB ( 86.5%)
     145.5 MB / 168.3 MB ( 86.5%)
     145.5 MB / 168.3 MB ( 86.5%)
     145.5 MB / 168.3 MB ( 86.5%)
     145.5 MB / 168.3 MB ( 86.5%)
     145.5 MB / 168.3 MB ( 86.5%)
     145.5 MB / 168.3 MB ( 86.5%)
     145.5 MB / 168.3 MB ( 86.5%)
     145.6 MB / 168.3 MB ( 86.5%)
     145.6 MB / 168.3 MB ( 86.5%)
     145.6 MB / 168.3 MB ( 86.5%)
     145.6 MB / 168.3 MB ( 86.5%)
     145.6 MB / 168.3 MB ( 86.5%)
     145.6 MB / 168.3 MB ( 86.5%)
     145.6 MB / 168.3 MB ( 86.5%)
     145.6 MB / 168.3 MB ( 86.5%)
     145.6 MB / 168.3 MB ( 86.5%)
     145.6 MB / 168.3 MB ( 86.5%)
     145.6 MB / 168.3 MB ( 86.5%)
     145.6 MB / 168.3 MB ( 86.5%)
     145.7 MB / 168.3 MB ( 86.6%)
     145.7 MB / 168.3 MB ( 86.6%)
     145.7 MB / 168.3 MB ( 86.6%)
     145.7 MB / 168.3 MB ( 86.6%)
     145.7 MB / 168.3 MB ( 86.6%)
     145.7 MB / 168.3 MB ( 86.6%)
     145.7 MB / 168.3 MB ( 86.6%)
     145.7 MB / 168.3 MB ( 86.6%)
     145.7 MB / 168.3 MB ( 86.6%)
     145.7 MB / 168.3 MB ( 86.6%)
     145.7 MB / 168.3 MB ( 86.6%)
     145.7 MB / 168.3 MB ( 86.6%)
     145.8 MB / 168.3 MB ( 86.6%)
     145.8 MB / 168.3 MB ( 86.6%)
     145.8 MB / 168.3 MB ( 86.6%)
     145.8 MB / 168.3 MB ( 86.6%)
     145.8 MB / 168.3 MB ( 86.6%)
     145.8 MB / 168.3 MB ( 86.6%)
     145.8 MB / 168.3 MB ( 86.6%)
     145.8 MB / 168.3 MB ( 86.6%)
     145.8 MB / 168.3 MB ( 86.7%)
     145.8 MB / 168.3 MB ( 86.7%)
     145.8 MB / 168.3 MB ( 86.7%)
     145.8 MB / 168.3 MB ( 86.7%)
     145.9 MB / 168.3 MB ( 86.7%)
     145.9 MB / 168.3 MB ( 86.7%)
     145.9 MB / 168.3 MB ( 86.7%)
     145.9 MB / 168.3 MB ( 86.7%)
     145.9 MB / 168.3 MB ( 86.7%)
     145.9 MB / 168.3 MB ( 86.7%)
     145.9 MB / 168.3 MB ( 86.7%)
     145.9 MB / 168.3 MB ( 86.7%)
     145.9 MB / 168.3 MB ( 86.7%)
     145.9 MB / 168.3 MB ( 86.7%)
     145.9 MB / 168.3 MB ( 86.7%)
     145.9 MB / 168.3 MB ( 86.7%)
     145.9 MB / 168.3 MB ( 86.7%)
     146.0 MB / 168.3 MB ( 86.7%)
     146.0 MB / 168.3 MB ( 86.7%)
     146.0 MB / 168.3 MB ( 86.7%)
     146.0 MB / 168.3 MB ( 86.7%)
     146.0 MB / 168.3 MB ( 86.8%)
     146.0 MB / 168.3 MB ( 86.8%)
     146.0 MB / 168.3 MB ( 86.8%)
     146.0 MB / 168.3 MB ( 86.8%)
     146.0 MB / 168.3 MB ( 86.8%)
     146.0 MB / 168.3 MB ( 86.8%)
     146.0 MB / 168.3 MB ( 86.8%)
     146.0 MB / 168.3 MB ( 86.8%)
     146.1 MB / 168.3 MB ( 86.8%)
     146.1 MB / 168.3 MB ( 86.8%)
     146.1 MB / 168.3 MB ( 86.8%)
     146.1 MB / 168.3 MB ( 86.8%)
     146.1 MB / 168.3 MB ( 86.8%)
     146.1 MB / 168.3 MB ( 86.8%)
     146.1 MB / 168.3 MB ( 86.8%)
     146.1 MB / 168.3 MB ( 86.8%)
     146.1 MB / 168.3 MB ( 86.8%)
     146.1 MB / 168.3 MB ( 86.8%)
     146.1 MB / 168.3 MB ( 86.8%)
     146.1 MB / 168.3 MB ( 86.8%)
     146.2 MB / 168.3 MB ( 86.9%)
     146.2 MB / 168.3 MB ( 86.9%)
     146.2 MB / 168.3 MB ( 86.9%)
     146.2 MB / 168.3 MB ( 86.9%)
     146.2 MB / 168.3 MB ( 86.9%)
     146.2 MB / 168.3 MB ( 86.9%)
     146.2 MB / 168.3 MB ( 86.9%)
     146.2 MB / 168.3 MB ( 86.9%)
     146.2 MB / 168.3 MB ( 86.9%)
     146.2 MB / 168.3 MB ( 86.9%)
     146.2 MB / 168.3 MB ( 86.9%)
     146.2 MB / 168.3 MB ( 86.9%)
     146.3 MB / 168.3 MB ( 86.9%)
     146.3 MB / 168.3 MB ( 86.9%)
     146.3 MB / 168.3 MB ( 86.9%)
     146.3 MB / 168.3 MB ( 86.9%)
     146.3 MB / 168.3 MB ( 86.9%)
     146.3 MB / 168.3 MB ( 86.9%)
     146.3 MB / 168.3 MB ( 86.9%)
     146.3 MB / 168.3 MB ( 86.9%)
     146.3 MB / 168.3 MB ( 86.9%)
     146.3 MB / 168.3 MB ( 87.0%)
     146.3 MB / 168.3 MB ( 87.0%)
     146.3 MB / 168.3 MB ( 87.0%)
     146.4 MB / 168.3 MB ( 87.0%)
     146.4 MB / 168.3 MB ( 87.0%)
     146.4 MB / 168.3 MB ( 87.0%)
     146.4 MB / 168.3 MB ( 87.0%)
     146.4 MB / 168.3 MB ( 87.0%)
     146.4 MB / 168.3 MB ( 87.0%)
     146.4 MB / 168.3 MB ( 87.0%)
     146.4 MB / 168.3 MB ( 87.0%)
     146.4 MB / 168.3 MB ( 87.0%)
     146.4 MB / 168.3 MB ( 87.0%)
     146.4 MB / 168.3 MB ( 87.0%)
     146.4 MB / 168.3 MB ( 87.0%)
     146.4 MB / 168.3 MB ( 87.0%)
     146.5 MB / 168.3 MB ( 87.0%)
     146.5 MB / 168.3 MB ( 87.0%)
     146.5 MB / 168.3 MB ( 87.0%)
     146.5 MB / 168.3 MB ( 87.0%)
     146.5 MB / 168.3 MB ( 87.1%)
     146.5 MB / 168.3 MB ( 87.1%)
     146.5 MB / 168.3 MB ( 87.1%)
     146.5 MB / 168.3 MB ( 87.1%)
     146.5 MB / 168.3 MB ( 87.1%)
     146.5 MB / 168.3 MB ( 87.1%)
     146.5 MB / 168.3 MB ( 87.1%)
     146.5 MB / 168.3 MB ( 87.1%)
     146.6 MB / 168.3 MB ( 87.1%)
     146.6 MB / 168.3 MB ( 87.1%)
     146.6 MB / 168.3 MB ( 87.1%)
     146.6 MB / 168.3 MB ( 87.1%)
     146.6 MB / 168.3 MB ( 87.1%)
     146.6 MB / 168.3 MB ( 87.1%)
     146.6 MB / 168.3 MB ( 87.1%)
     146.6 MB / 168.3 MB ( 87.1%)
     146.6 MB / 168.3 MB ( 87.1%)
     146.6 MB / 168.3 MB ( 87.1%)
     146.6 MB / 168.3 MB ( 87.1%)
     146.6 MB / 168.3 MB ( 87.1%)
     146.7 MB / 168.3 MB ( 87.1%)
     146.7 MB / 168.3 MB ( 87.2%)
     146.7 MB / 168.3 MB ( 87.2%)
     146.7 MB / 168.3 MB ( 87.2%)
     146.7 MB / 168.3 MB ( 87.2%)
     146.7 MB / 168.3 MB ( 87.2%)
     146.7 MB / 168.3 MB ( 87.2%)
     146.7 MB / 168.3 MB ( 87.2%)
     146.7 MB / 168.3 MB ( 87.2%)
     146.7 MB / 168.3 MB ( 87.2%)
     146.7 MB / 168.3 MB ( 87.2%)
     146.7 MB / 168.3 MB ( 87.2%)
     146.8 MB / 168.3 MB ( 87.2%)
     146.8 MB / 168.3 MB ( 87.2%)
     146.8 MB / 168.3 MB ( 87.2%)
     146.8 MB / 168.3 MB ( 87.2%)
     146.8 MB / 168.3 MB ( 87.2%)
     146.8 MB / 168.3 MB ( 87.2%)
     146.8 MB / 168.3 MB ( 87.2%)
     146.8 MB / 168.3 MB ( 87.2%)
     146.8 MB / 168.3 MB ( 87.2%)
     146.8 MB / 168.3 MB ( 87.3%)
     146.8 MB / 168.3 MB ( 87.3%)
     146.8 MB / 168.3 MB ( 87.3%)
     146.8 MB / 168.3 MB ( 87.3%)
     146.9 MB / 168.3 MB ( 87.3%)
     146.9 MB / 168.3 MB ( 87.3%)
     146.9 MB / 168.3 MB ( 87.3%)
     146.9 MB / 168.3 MB ( 87.3%)
     146.9 MB / 168.3 MB ( 87.3%)
     146.9 MB / 168.3 MB ( 87.3%)
     146.9 MB / 168.3 MB ( 87.3%)
     146.9 MB / 168.3 MB ( 87.3%)
     146.9 MB / 168.3 MB ( 87.3%)
     146.9 MB / 168.3 MB ( 87.3%)
     146.9 MB / 168.3 MB ( 87.3%)
     146.9 MB / 168.3 MB ( 87.3%)
     147.0 MB / 168.3 MB ( 87.3%)
     147.0 MB / 168.3 MB ( 87.3%)
     147.0 MB / 168.3 MB ( 87.3%)
     147.0 MB / 168.3 MB ( 87.3%)
     147.0 MB / 168.3 MB ( 87.3%)
     147.0 MB / 168.3 MB ( 87.4%)
     147.0 MB / 168.3 MB ( 87.4%)
     147.0 MB / 168.3 MB ( 87.4%)
     147.0 MB / 168.3 MB ( 87.4%)
     147.0 MB / 168.3 MB ( 87.4%)
     147.0 MB / 168.3 MB ( 87.4%)
     147.0 MB / 168.3 MB ( 87.4%)
     147.1 MB / 168.3 MB ( 87.4%)
     147.1 MB / 168.3 MB ( 87.4%)
     147.1 MB / 168.3 MB ( 87.4%)
     147.1 MB / 168.3 MB ( 87.4%)
     147.1 MB / 168.3 MB ( 87.4%)
     147.1 MB / 168.3 MB ( 87.4%)
     147.1 MB / 168.3 MB ( 87.4%)
     147.1 MB / 168.3 MB ( 87.4%)
     147.1 MB / 168.3 MB ( 87.4%)
     147.1 MB / 168.3 MB ( 87.4%)
     147.1 MB / 168.3 MB ( 87.4%)
     147.1 MB / 168.3 MB ( 87.4%)
     147.2 MB / 168.3 MB ( 87.4%)
     147.2 MB / 168.3 MB ( 87.4%)
     147.2 MB / 168.3 MB ( 87.5%)
     147.2 MB / 168.3 MB ( 87.5%)
     147.2 MB / 168.3 MB ( 87.5%)
     147.2 MB / 168.3 MB ( 87.5%)
     147.2 MB / 168.3 MB ( 87.5%)
     147.2 MB / 168.3 MB ( 87.5%)
     147.2 MB / 168.3 MB ( 87.5%)
     147.2 MB / 168.3 MB ( 87.5%)
     147.2 MB / 168.3 MB ( 87.5%)
     147.2 MB / 168.3 MB ( 87.5%)
     147.3 MB / 168.3 MB ( 87.5%)
     147.3 MB / 168.3 MB ( 87.5%)
     147.3 MB / 168.3 MB ( 87.5%)
     147.3 MB / 168.3 MB ( 87.5%)
     147.3 MB / 168.3 MB ( 87.5%)
     147.3 MB / 168.3 MB ( 87.5%)
     147.3 MB / 168.3 MB ( 87.5%)
     147.3 MB / 168.3 MB ( 87.5%)
     147.3 MB / 168.3 MB ( 87.5%)
     147.3 MB / 168.3 MB ( 87.5%)
     147.3 MB / 168.3 MB ( 87.6%)
     147.3 MB / 168.3 MB ( 87.6%)
     147.3 MB / 168.3 MB ( 87.6%)
     147.4 MB / 168.3 MB ( 87.6%)
     147.4 MB / 168.3 MB ( 87.6%)
     147.4 MB / 168.3 MB ( 87.6%)
     147.4 MB / 168.3 MB ( 87.6%)
     147.4 MB / 168.3 MB ( 87.6%)
     147.4 MB / 168.3 MB ( 87.6%)
     147.4 MB / 168.3 MB ( 87.6%)
     147.4 MB / 168.3 MB ( 87.6%)
     147.4 MB / 168.3 MB ( 87.6%)
     147.4 MB / 168.3 MB ( 87.6%)
     147.4 MB / 168.3 MB ( 87.6%)
     147.4 MB / 168.3 MB ( 87.6%)
     147.5 MB / 168.3 MB ( 87.6%)
     147.5 MB / 168.3 MB ( 87.6%)
     147.5 MB / 168.3 MB ( 87.6%)
     147.5 MB / 168.3 MB ( 87.6%)
     147.5 MB / 168.3 MB ( 87.6%)
     147.5 MB / 168.3 MB ( 87.6%)
     147.5 MB / 168.3 MB ( 87.7%)
     147.5 MB / 168.3 MB ( 87.7%)
     147.5 MB / 168.3 MB ( 87.7%)
     147.5 MB / 168.3 MB ( 87.7%)
     147.5 MB / 168.3 MB ( 87.7%)
     147.5 MB / 168.3 MB ( 87.7%)
     147.6 MB / 168.3 MB ( 87.7%)
     147.6 MB / 168.3 MB ( 87.7%)
     147.6 MB / 168.3 MB ( 87.7%)
     147.6 MB / 168.3 MB ( 87.7%)
     147.6 MB / 168.3 MB ( 87.7%)
     147.6 MB / 168.3 MB ( 87.7%)
     147.6 MB / 168.3 MB ( 87.7%)
     147.6 MB / 168.3 MB ( 87.7%)
     147.6 MB / 168.3 MB ( 87.7%)
     147.6 MB / 168.3 MB ( 87.7%)
     147.6 MB / 168.3 MB ( 87.7%)
     147.6 MB / 168.3 MB ( 87.7%)
     147.7 MB / 168.3 MB ( 87.7%)
     147.7 MB / 168.3 MB ( 87.7%)
     147.7 MB / 168.3 MB ( 87.8%)
     147.7 MB / 168.3 MB ( 87.8%)
     147.7 MB / 168.3 MB ( 87.8%)
     147.7 MB / 168.3 MB ( 87.8%)
     147.7 MB / 168.3 MB ( 87.8%)
     147.7 MB / 168.3 MB ( 87.8%)
     147.7 MB / 168.3 MB ( 87.8%)
     147.7 MB / 168.3 MB ( 87.8%)
     147.7 MB / 168.3 MB ( 87.8%)
     147.7 MB / 168.3 MB ( 87.8%)
     147.8 MB / 168.3 MB ( 87.8%)
     147.8 MB / 168.3 MB ( 87.8%)
     147.8 MB / 168.3 MB ( 87.8%)
     147.8 MB / 168.3 MB ( 87.8%)
     147.8 MB / 168.3 MB ( 87.8%)
     147.8 MB / 168.3 MB ( 87.8%)
     147.8 MB / 168.3 MB ( 87.8%)
     147.8 MB / 168.3 MB ( 87.8%)
     147.8 MB / 168.3 MB ( 87.8%)
     147.8 MB / 168.3 MB ( 87.8%)
     147.8 MB / 168.3 MB ( 87.8%)
     147.8 MB / 168.3 MB ( 87.9%)
     147.8 MB / 168.3 MB ( 87.9%)
     147.9 MB / 168.3 MB ( 87.9%)
     147.9 MB / 168.3 MB ( 87.9%)
     147.9 MB / 168.3 MB ( 87.9%)
     147.9 MB / 168.3 MB ( 87.9%)
     147.9 MB / 168.3 MB ( 87.9%)
     147.9 MB / 168.3 MB ( 87.9%)
     147.9 MB / 168.3 MB ( 87.9%)
     147.9 MB / 168.3 MB ( 87.9%)
     147.9 MB / 168.3 MB ( 87.9%)
     147.9 MB / 168.3 MB ( 87.9%)
     147.9 MB / 168.3 MB ( 87.9%)
     147.9 MB / 168.3 MB ( 87.9%)
     148.0 MB / 168.3 MB ( 87.9%)
     148.0 MB / 168.3 MB ( 87.9%)
     148.0 MB / 168.3 MB ( 87.9%)
     148.0 MB / 168.3 MB ( 87.9%)
     148.0 MB / 168.3 MB ( 87.9%)
     148.0 MB / 168.3 MB ( 87.9%)
     148.0 MB / 168.3 MB ( 88.0%)
     148.0 MB / 168.3 MB ( 88.0%)
     148.0 MB / 168.3 MB ( 88.0%)
     148.0 MB / 168.3 MB ( 88.0%)
     148.0 MB / 168.3 MB ( 88.0%)
     148.0 MB / 168.3 MB ( 88.0%)
     148.1 MB / 168.3 MB ( 88.0%)
     148.1 MB / 168.3 MB ( 88.0%)
     148.1 MB / 168.3 MB ( 88.0%)
     148.1 MB / 168.3 MB ( 88.0%)
     148.1 MB / 168.3 MB ( 88.0%)
     148.1 MB / 168.3 MB ( 88.0%)
     148.1 MB / 168.3 MB ( 88.0%)
     148.1 MB / 168.3 MB ( 88.0%)
     148.1 MB / 168.3 MB ( 88.0%)
     148.1 MB / 168.3 MB ( 88.0%)
     148.1 MB / 168.3 MB ( 88.0%)
     148.1 MB / 168.3 MB ( 88.0%)
     148.2 MB / 168.3 MB ( 88.0%)
     148.2 MB / 168.3 MB ( 88.0%)
     148.2 MB / 168.3 MB ( 88.0%)
     148.2 MB / 168.3 MB ( 88.1%)
     148.2 MB / 168.3 MB ( 88.1%)
     148.2 MB / 168.3 MB ( 88.1%)
     148.2 MB / 168.3 MB ( 88.1%)
     148.2 MB / 168.3 MB ( 88.1%)
     148.2 MB / 168.3 MB ( 88.1%)
     148.2 MB / 168.3 MB ( 88.1%)
     148.2 MB / 168.3 MB ( 88.1%)
     148.2 MB / 168.3 MB ( 88.1%)
     148.3 MB / 168.3 MB ( 88.1%)
     148.3 MB / 168.3 MB ( 88.1%)
     148.3 MB / 168.3 MB ( 88.1%)
     148.3 MB / 168.3 MB ( 88.1%)
     148.3 MB / 168.3 MB ( 88.1%)
     148.3 MB / 168.3 MB ( 88.1%)
     148.3 MB / 168.3 MB ( 88.1%)
     148.3 MB / 168.3 MB ( 88.1%)
     148.3 MB / 168.3 MB ( 88.1%)
     148.3 MB / 168.3 MB ( 88.1%)
     148.3 MB / 168.3 MB ( 88.1%)
     148.3 MB / 168.3 MB ( 88.2%)
     148.3 MB / 168.3 MB ( 88.2%)
     148.4 MB / 168.3 MB ( 88.2%)
     148.4 MB / 168.3 MB ( 88.2%)
     148.4 MB / 168.3 MB ( 88.2%)
     148.4 MB / 168.3 MB ( 88.2%)
     148.4 MB / 168.3 MB ( 88.2%)
     148.4 MB / 168.3 MB ( 88.2%)
     148.4 MB / 168.3 MB ( 88.2%)
     148.4 MB / 168.3 MB ( 88.2%)
     148.4 MB / 168.3 MB ( 88.2%)
     148.4 MB / 168.3 MB ( 88.2%)
     148.4 MB / 168.3 MB ( 88.2%)
     148.4 MB / 168.3 MB ( 88.2%)
     148.5 MB / 168.3 MB ( 88.2%)
     148.5 MB / 168.3 MB ( 88.2%)
     148.5 MB / 168.3 MB ( 88.2%)
     148.5 MB / 168.3 MB ( 88.2%)
     148.5 MB / 168.3 MB ( 88.2%)
     148.5 MB / 168.3 MB ( 88.2%)
     148.5 MB / 168.3 MB ( 88.2%)
     148.5 MB / 168.3 MB ( 88.3%)
     148.5 MB / 168.3 MB ( 88.3%)
     148.5 MB / 168.3 MB ( 88.3%)
     148.5 MB / 168.3 MB ( 88.3%)
     148.5 MB / 168.3 MB ( 88.3%)
     148.6 MB / 168.3 MB ( 88.3%)
     148.6 MB / 168.3 MB ( 88.3%)
     148.6 MB / 168.3 MB ( 88.3%)
     148.6 MB / 168.3 MB ( 88.3%)
     148.6 MB / 168.3 MB ( 88.3%)
     148.6 MB / 168.3 MB ( 88.3%)
     148.6 MB / 168.3 MB ( 88.3%)
     148.6 MB / 168.3 MB ( 88.3%)
     148.6 MB / 168.3 MB ( 88.3%)
     148.6 MB / 168.3 MB ( 88.3%)
     148.6 MB / 168.3 MB ( 88.3%)
     148.6 MB / 168.3 MB ( 88.3%)
     148.7 MB / 168.3 MB ( 88.3%)
     148.7 MB / 168.3 MB ( 88.3%)
     148.7 MB / 168.3 MB ( 88.3%)
     148.7 MB / 168.3 MB ( 88.4%)
     148.7 MB / 168.3 MB ( 88.4%)
     148.7 MB / 168.3 MB ( 88.4%)
     148.7 MB / 168.3 MB ( 88.4%)
     148.7 MB / 168.3 MB ( 88.4%)
     148.7 MB / 168.3 MB ( 88.4%)
     148.7 MB / 168.3 MB ( 88.4%)
     148.7 MB / 168.3 MB ( 88.4%)
     148.7 MB / 168.3 MB ( 88.4%)
     148.8 MB / 168.3 MB ( 88.4%)
     148.8 MB / 168.3 MB ( 88.4%)
     148.8 MB / 168.3 MB ( 88.4%)
     148.8 MB / 168.3 MB ( 88.4%)
     148.8 MB / 168.3 MB ( 88.4%)
     148.8 MB / 168.3 MB ( 88.4%)
     148.8 MB / 168.3 MB ( 88.4%)
     148.8 MB / 168.3 MB ( 88.4%)
     148.8 MB / 168.3 MB ( 88.4%)
     148.8 MB / 168.3 MB ( 88.4%)
     148.8 MB / 168.3 MB ( 88.4%)
     148.8 MB / 168.3 MB ( 88.4%)
     148.8 MB / 168.3 MB ( 88.5%)
     148.9 MB / 168.3 MB ( 88.5%)
     148.9 MB / 168.3 MB ( 88.5%)
     148.9 MB / 168.3 MB ( 88.5%)
     148.9 MB / 168.3 MB ( 88.5%)
     148.9 MB / 168.3 MB ( 88.5%)
     148.9 MB / 168.3 MB ( 88.5%)
     148.9 MB / 168.3 MB ( 88.5%)
     148.9 MB / 168.3 MB ( 88.5%)
     148.9 MB / 168.3 MB ( 88.5%)
     148.9 MB / 168.3 MB ( 88.5%)
     148.9 MB / 168.3 MB ( 88.5%)
     148.9 MB / 168.3 MB ( 88.5%)
     149.0 MB / 168.3 MB ( 88.5%)
     149.0 MB / 168.3 MB ( 88.5%)
     149.0 MB / 168.3 MB ( 88.5%)
     149.0 MB / 168.3 MB ( 88.5%)
     149.0 MB / 168.3 MB ( 88.5%)
     149.0 MB / 168.3 MB ( 88.5%)
     149.0 MB / 168.3 MB ( 88.5%)
     149.0 MB / 168.3 MB ( 88.6%)
     149.0 MB / 168.3 MB ( 88.6%)
     149.0 MB / 168.3 MB ( 88.6%)
     149.0 MB / 168.3 MB ( 88.6%)
     149.0 MB / 168.3 MB ( 88.6%)
     149.1 MB / 168.3 MB ( 88.6%)
     149.1 MB / 168.3 MB ( 88.6%)
     149.1 MB / 168.3 MB ( 88.6%)
     149.1 MB / 168.3 MB ( 88.6%)
     149.1 MB / 168.3 MB ( 88.6%)
     149.1 MB / 168.3 MB ( 88.6%)
     149.1 MB / 168.3 MB ( 88.6%)
     149.1 MB / 168.3 MB ( 88.6%)
     149.1 MB / 168.3 MB ( 88.6%)
     149.1 MB / 168.3 MB ( 88.6%)
     149.1 MB / 168.3 MB ( 88.6%)
     149.1 MB / 168.3 MB ( 88.6%)
     149.2 MB / 168.3 MB ( 88.6%)
     149.2 MB / 168.3 MB ( 88.6%)
     149.2 MB / 168.3 MB ( 88.6%)
     149.2 MB / 168.3 MB ( 88.6%)
     149.2 MB / 168.3 MB ( 88.7%)
     149.2 MB / 168.3 MB ( 88.7%)
     149.2 MB / 168.3 MB ( 88.7%)
     149.2 MB / 168.3 MB ( 88.7%)
     149.2 MB / 168.3 MB ( 88.7%)
     149.2 MB / 168.3 MB ( 88.7%)
     149.2 MB / 168.3 MB ( 88.7%)
     149.2 MB / 168.3 MB ( 88.7%)
     149.3 MB / 168.3 MB ( 88.7%)
     149.3 MB / 168.3 MB ( 88.7%)
     149.3 MB / 168.3 MB ( 88.7%)
     149.3 MB / 168.3 MB ( 88.7%)
     149.3 MB / 168.3 MB ( 88.7%)
     149.3 MB / 168.3 MB ( 88.7%)
     149.3 MB / 168.3 MB ( 88.7%)
     149.3 MB / 168.3 MB ( 88.7%)
     149.3 MB / 168.3 MB ( 88.7%)
     149.3 MB / 168.3 MB ( 88.7%)
     149.3 MB / 168.3 MB ( 88.7%)
     149.3 MB / 168.3 MB ( 88.7%)
     149.3 MB / 168.3 MB ( 88.7%)
     149.4 MB / 168.3 MB ( 88.8%)
     149.4 MB / 168.3 MB ( 88.8%)
     149.4 MB / 168.3 MB ( 88.8%)
     149.4 MB / 168.3 MB ( 88.8%)
     149.4 MB / 168.3 MB ( 88.8%)
     149.4 MB / 168.3 MB ( 88.8%)
     149.4 MB / 168.3 MB ( 88.8%)
     149.4 MB / 168.3 MB ( 88.8%)
     149.4 MB / 168.3 MB ( 88.8%)
     149.4 MB / 168.3 MB ( 88.8%)
     149.4 MB / 168.3 MB ( 88.8%)
     149.4 MB / 168.3 MB ( 88.8%)
     149.5 MB / 168.3 MB ( 88.8%)
     149.5 MB / 168.3 MB ( 88.8%)
     149.5 MB / 168.3 MB ( 88.8%)
     149.5 MB / 168.3 MB ( 88.8%)
     149.5 MB / 168.3 MB ( 88.8%)
     149.5 MB / 168.3 MB ( 88.8%)
     149.5 MB / 168.3 MB ( 88.8%)
     149.5 MB / 168.3 MB ( 88.8%)
     149.5 MB / 168.3 MB ( 88.9%)
     149.5 MB / 168.3 MB ( 88.9%)
     149.5 MB / 168.3 MB ( 88.9%)
     149.5 MB / 168.3 MB ( 88.9%)
     149.6 MB / 168.3 MB ( 88.9%)
     149.6 MB / 168.3 MB ( 88.9%)
     149.6 MB / 168.3 MB ( 88.9%)
     149.6 MB / 168.3 MB ( 88.9%)
     149.6 MB / 168.3 MB ( 88.9%)
     149.6 MB / 168.3 MB ( 88.9%)
     149.6 MB / 168.3 MB ( 88.9%)
     149.6 MB / 168.3 MB ( 88.9%)
     149.6 MB / 168.3 MB ( 88.9%)
     149.6 MB / 168.3 MB ( 88.9%)
     149.6 MB / 168.3 MB ( 88.9%)
     149.6 MB / 168.3 MB ( 88.9%)
     149.7 MB / 168.3 MB ( 88.9%)
     149.7 MB / 168.3 MB ( 88.9%)
     149.7 MB / 168.3 MB ( 88.9%)
     149.7 MB / 168.3 MB ( 88.9%)
     149.7 MB / 168.3 MB ( 88.9%)
     149.7 MB / 168.3 MB ( 89.0%)
     149.7 MB / 168.3 MB ( 89.0%)
     149.7 MB / 168.3 MB ( 89.0%)
     149.7 MB / 168.3 MB ( 89.0%)
     149.7 MB / 168.3 MB ( 89.0%)
     149.7 MB / 168.3 MB ( 89.0%)
     149.7 MB / 168.3 MB ( 89.0%)
     149.7 MB / 168.3 MB ( 89.0%)
     149.8 MB / 168.3 MB ( 89.0%)
     149.8 MB / 168.3 MB ( 89.0%)
     149.8 MB / 168.3 MB ( 89.0%)
     149.8 MB / 168.3 MB ( 89.0%)
     149.8 MB / 168.3 MB ( 89.0%)
     149.8 MB / 168.3 MB ( 89.0%)
     149.8 MB / 168.3 MB ( 89.0%)
     149.8 MB / 168.3 MB ( 89.0%)
     149.8 MB / 168.3 MB ( 89.0%)
     149.8 MB / 168.3 MB ( 89.0%)
     149.8 MB / 168.3 MB ( 89.0%)
     149.8 MB / 168.3 MB ( 89.0%)
     149.9 MB / 168.3 MB ( 89.1%)
     149.9 MB / 168.3 MB ( 89.1%)
     149.9 MB / 168.3 MB ( 89.1%)
     149.9 MB / 168.3 MB ( 89.1%)
     149.9 MB / 168.3 MB ( 89.1%)
     149.9 MB / 168.3 MB ( 89.1%)
     149.9 MB / 168.3 MB ( 89.1%)
     149.9 MB / 168.3 MB ( 89.1%)
     149.9 MB / 168.3 MB ( 89.1%)
     149.9 MB / 168.3 MB ( 89.1%)
     149.9 MB / 168.3 MB ( 89.1%)
     149.9 MB / 168.3 MB ( 89.1%)
     150.0 MB / 168.3 MB ( 89.1%)
     150.0 MB / 168.3 MB ( 89.1%)
     150.0 MB / 168.3 MB ( 89.1%)
     150.0 MB / 168.3 MB ( 89.1%)
     150.0 MB / 168.3 MB ( 89.1%)
     150.0 MB / 168.3 MB ( 89.1%)
     150.0 MB / 168.3 MB ( 89.1%)
     150.0 MB / 168.3 MB ( 89.1%)
     150.0 MB / 168.3 MB ( 89.1%)
     150.0 MB / 168.3 MB ( 89.2%)
     150.0 MB / 168.3 MB ( 89.2%)
     150.0 MB / 168.3 MB ( 89.2%)
     150.1 MB / 168.3 MB ( 89.2%)
     150.1 MB / 168.3 MB ( 89.2%)
     150.1 MB / 168.3 MB ( 89.2%)
     150.1 MB / 168.3 MB ( 89.2%)
     150.1 MB / 168.3 MB ( 89.2%)
     150.1 MB / 168.3 MB ( 89.2%)
     150.1 MB / 168.3 MB ( 89.2%)
     150.1 MB / 168.3 MB ( 89.2%)
     150.1 MB / 168.3 MB ( 89.2%)
     150.1 MB / 168.3 MB ( 89.2%)
     150.1 MB / 168.3 MB ( 89.2%)
     150.1 MB / 168.3 MB ( 89.2%)
     150.2 MB / 168.3 MB ( 89.2%)
     150.2 MB / 168.3 MB ( 89.2%)
     150.2 MB / 168.3 MB ( 89.2%)
     150.2 MB / 168.3 MB ( 89.2%)
     150.2 MB / 168.3 MB ( 89.2%)
     150.2 MB / 168.3 MB ( 89.3%)
     150.2 MB / 168.3 MB ( 89.3%)
     150.2 MB / 168.3 MB ( 89.3%)
     150.2 MB / 168.3 MB ( 89.3%)
     150.2 MB / 168.3 MB ( 89.3%)
     150.2 MB / 168.3 MB ( 89.3%)
     150.2 MB / 168.3 MB ( 89.3%)
     150.2 MB / 168.3 MB ( 89.3%)
     150.3 MB / 168.3 MB ( 89.3%)
     150.3 MB / 168.3 MB ( 89.3%)
     150.3 MB / 168.3 MB ( 89.3%)
     150.3 MB / 168.3 MB ( 89.3%)
     150.3 MB / 168.3 MB ( 89.3%)
     150.3 MB / 168.3 MB ( 89.3%)
     150.3 MB / 168.3 MB ( 89.3%)
     150.3 MB / 168.3 MB ( 89.3%)
     150.3 MB / 168.3 MB ( 89.3%)
     150.3 MB / 168.3 MB ( 89.3%)
     150.3 MB / 168.3 MB ( 89.3%)
     150.3 MB / 168.3 MB ( 89.3%)
     150.4 MB / 168.3 MB ( 89.3%)
     150.4 MB / 168.3 MB ( 89.4%)
     150.4 MB / 168.3 MB ( 89.4%)
     150.4 MB / 168.3 MB ( 89.4%)
     150.4 MB / 168.3 MB ( 89.4%)
     150.4 MB / 168.3 MB ( 89.4%)
     150.4 MB / 168.3 MB ( 89.4%)
     150.4 MB / 168.3 MB ( 89.4%)
     150.4 MB / 168.3 MB ( 89.4%)
     150.4 MB / 168.3 MB ( 89.4%)
     150.4 MB / 168.3 MB ( 89.4%)
     150.4 MB / 168.3 MB ( 89.4%)
     150.5 MB / 168.3 MB ( 89.4%)
     150.5 MB / 168.3 MB ( 89.4%)
     150.5 MB / 168.3 MB ( 89.4%)
     150.5 MB / 168.3 MB ( 89.4%)
     150.5 MB / 168.3 MB ( 89.4%)
     150.5 MB / 168.3 MB ( 89.4%)
     150.5 MB / 168.3 MB ( 89.4%)
     150.5 MB / 168.3 MB ( 89.4%)
     150.5 MB / 168.3 MB ( 89.4%)
     150.5 MB / 168.3 MB ( 89.5%)
     150.5 MB / 168.3 MB ( 89.5%)
     150.5 MB / 168.3 MB ( 89.5%)
     150.6 MB / 168.3 MB ( 89.5%)
     150.6 MB / 168.3 MB ( 89.5%)
     150.6 MB / 168.3 MB ( 89.5%)
     150.6 MB / 168.3 MB ( 89.5%)
     150.6 MB / 168.3 MB ( 89.5%)
     150.6 MB / 168.3 MB ( 89.5%)
     150.6 MB / 168.3 MB ( 89.5%)
     150.6 MB / 168.3 MB ( 89.5%)
     150.6 MB / 168.3 MB ( 89.5%)
     150.6 MB / 168.3 MB ( 89.5%)
     150.6 MB / 168.3 MB ( 89.5%)
     150.6 MB / 168.3 MB ( 89.5%)
     150.7 MB / 168.3 MB ( 89.5%)
     150.7 MB / 168.3 MB ( 89.5%)
     150.7 MB / 168.3 MB ( 89.5%)
     150.7 MB / 168.3 MB ( 89.5%)
     150.7 MB / 168.3 MB ( 89.5%)
     150.7 MB / 168.3 MB ( 89.5%)
     150.7 MB / 168.3 MB ( 89.6%)
     150.7 MB / 168.3 MB ( 89.6%)
     150.7 MB / 168.3 MB ( 89.6%)
     150.7 MB / 168.3 MB ( 89.6%)
     150.7 MB / 168.3 MB ( 89.6%)
     150.7 MB / 168.3 MB ( 89.6%)
     150.7 MB / 168.3 MB ( 89.6%)
     150.8 MB / 168.3 MB ( 89.6%)
     150.8 MB / 168.3 MB ( 89.6%)
     150.8 MB / 168.3 MB ( 89.6%)
     150.8 MB / 168.3 MB ( 89.6%)
     150.8 MB / 168.3 MB ( 89.6%)
     150.8 MB / 168.3 MB ( 89.6%)
     150.8 MB / 168.3 MB ( 89.6%)
     150.8 MB / 168.3 MB ( 89.6%)
     150.8 MB / 168.3 MB ( 89.6%)
     150.8 MB / 168.3 MB ( 89.6%)
     150.8 MB / 168.3 MB ( 89.6%)
     150.8 MB / 168.3 MB ( 89.6%)
     150.9 MB / 168.3 MB ( 89.6%)
     150.9 MB / 168.3 MB ( 89.7%)
     150.9 MB / 168.3 MB ( 89.7%)
     150.9 MB / 168.3 MB ( 89.7%)
     150.9 MB / 168.3 MB ( 89.7%)
     150.9 MB / 168.3 MB ( 89.7%)
     150.9 MB / 168.3 MB ( 89.7%)
     150.9 MB / 168.3 MB ( 89.7%)
     150.9 MB / 168.3 MB ( 89.7%)
     150.9 MB / 168.3 MB ( 89.7%)
     150.9 MB / 168.3 MB ( 89.7%)
     150.9 MB / 168.3 MB ( 89.7%)
     151.0 MB / 168.3 MB ( 89.7%)
     151.0 MB / 168.3 MB ( 89.7%)
     151.0 MB / 168.3 MB ( 89.7%)
     151.0 MB / 168.3 MB ( 89.7%)
     151.0 MB / 168.3 MB ( 89.7%)
     151.0 MB / 168.3 MB ( 89.7%)
     151.0 MB / 168.3 MB ( 89.7%)
     151.0 MB / 168.3 MB ( 89.7%)
     151.0 MB / 168.3 MB ( 89.7%)
     151.0 MB / 168.3 MB ( 89.7%)
     151.0 MB / 168.3 MB ( 89.8%)
     151.0 MB / 168.3 MB ( 89.8%)
     151.1 MB / 168.3 MB ( 89.8%)
     151.1 MB / 168.3 MB ( 89.8%)
     151.1 MB / 168.3 MB ( 89.8%)
     151.1 MB / 168.3 MB ( 89.8%)
     151.1 MB / 168.3 MB ( 89.8%)
     151.1 MB / 168.3 MB ( 89.8%)
     151.1 MB / 168.3 MB ( 89.8%)
     151.1 MB / 168.3 MB ( 89.8%)
     151.1 MB / 168.3 MB ( 89.8%)
     151.1 MB / 168.3 MB ( 89.8%)
     151.1 MB / 168.3 MB ( 89.8%)
     151.1 MB / 168.3 MB ( 89.8%)
     151.2 MB / 168.3 MB ( 89.8%)
     151.2 MB / 168.3 MB ( 89.8%)
     151.2 MB / 168.3 MB ( 89.8%)
     151.2 MB / 168.3 MB ( 89.8%)
     151.2 MB / 168.3 MB ( 89.8%)
     151.2 MB / 168.3 MB ( 89.8%)
     151.2 MB / 168.3 MB ( 89.8%)
     151.2 MB / 168.3 MB ( 89.9%)
     151.2 MB / 168.3 MB ( 89.9%)
     151.2 MB / 168.3 MB ( 89.9%)
     151.2 MB / 168.3 MB ( 89.9%)
     151.2 MB / 168.3 MB ( 89.9%)
     151.2 MB / 168.3 MB ( 89.9%)
     151.3 MB / 168.3 MB ( 89.9%)
     151.3 MB / 168.3 MB ( 89.9%)
     151.3 MB / 168.3 MB ( 89.9%)
     151.3 MB / 168.3 MB ( 89.9%)
     151.3 MB / 168.3 MB ( 89.9%)
     151.3 MB / 168.3 MB ( 89.9%)
     151.3 MB / 168.3 MB ( 89.9%)
     151.3 MB / 168.3 MB ( 89.9%)
     151.3 MB / 168.3 MB ( 89.9%)
     151.3 MB / 168.3 MB ( 89.9%)
     151.3 MB / 168.3 MB ( 89.9%)
     151.3 MB / 168.3 MB ( 89.9%)
     151.4 MB / 168.3 MB ( 89.9%)
     151.4 MB / 168.3 MB ( 89.9%)
     151.4 MB / 168.3 MB ( 90.0%)
     151.4 MB / 168.3 MB ( 90.0%)
     151.4 MB / 168.3 MB ( 90.0%)
     151.4 MB / 168.3 MB ( 90.0%)
     151.4 MB / 168.3 MB ( 90.0%)
     151.4 MB / 168.3 MB ( 90.0%)
     151.4 MB / 168.3 MB ( 90.0%)
     151.4 MB / 168.3 MB ( 90.0%)
     151.4 MB / 168.3 MB ( 90.0%)
     151.4 MB / 168.3 MB ( 90.0%)
     151.5 MB / 168.3 MB ( 90.0%)
     151.5 MB / 168.3 MB ( 90.0%)
     151.5 MB / 168.3 MB ( 90.0%)
     151.5 MB / 168.3 MB ( 90.0%)
     151.5 MB / 168.3 MB ( 90.0%)
     151.5 MB / 168.3 MB ( 90.0%)
     151.5 MB / 168.3 MB ( 90.0%)
     151.5 MB / 168.3 MB ( 90.0%)
     151.5 MB / 168.3 MB ( 90.0%)
     151.5 MB / 168.3 MB ( 90.0%)
     151.5 MB / 168.3 MB ( 90.0%)
     151.5 MB / 168.3 MB ( 90.1%)
     151.6 MB / 168.3 MB ( 90.1%)
     151.6 MB / 168.3 MB ( 90.1%)
     151.6 MB / 168.3 MB ( 90.1%)
     151.6 MB / 168.3 MB ( 90.1%)
     151.6 MB / 168.3 MB ( 90.1%)
     151.6 MB / 168.3 MB ( 90.1%)
     151.6 MB / 168.3 MB ( 90.1%)
     151.6 MB / 168.3 MB ( 90.1%)
     151.6 MB / 168.3 MB ( 90.1%)
     151.6 MB / 168.3 MB ( 90.1%)
     151.6 MB / 168.3 MB ( 90.1%)
     151.6 MB / 168.3 MB ( 90.1%)
     151.7 MB / 168.3 MB ( 90.1%)
     151.7 MB / 168.3 MB ( 90.1%)
     151.7 MB / 168.3 MB ( 90.1%)
     151.7 MB / 168.3 MB ( 90.1%)
     151.7 MB / 168.3 MB ( 90.1%)
     151.7 MB / 168.3 MB ( 90.1%)
     151.7 MB / 168.3 MB ( 90.1%)
     151.7 MB / 168.3 MB ( 90.2%)
     151.7 MB / 168.3 MB ( 90.2%)
     151.7 MB / 168.3 MB ( 90.2%)
     151.7 MB / 168.3 MB ( 90.2%)
     151.7 MB / 168.3 MB ( 90.2%)
     151.7 MB / 168.3 MB ( 90.2%)
     151.8 MB / 168.3 MB ( 90.2%)
     151.8 MB / 168.3 MB ( 90.2%)
     151.8 MB / 168.3 MB ( 90.2%)
     151.8 MB / 168.3 MB ( 90.2%)
     151.8 MB / 168.3 MB ( 90.2%)
     151.8 MB / 168.3 MB ( 90.2%)
     151.8 MB / 168.3 MB ( 90.2%)
     151.8 MB / 168.3 MB ( 90.2%)
     151.8 MB / 168.3 MB ( 90.2%)
     151.8 MB / 168.3 MB ( 90.2%)
     151.8 MB / 168.3 MB ( 90.2%)
     151.8 MB / 168.3 MB ( 90.2%)
     151.9 MB / 168.3 MB ( 90.2%)
     151.9 MB / 168.3 MB ( 90.2%)
     151.9 MB / 168.3 MB ( 90.2%)
     151.9 MB / 168.3 MB ( 90.3%)
     151.9 MB / 168.3 MB ( 90.3%)
     151.9 MB / 168.3 MB ( 90.3%)
     151.9 MB / 168.3 MB ( 90.3%)
     151.9 MB / 168.3 MB ( 90.3%)
     151.9 MB / 168.3 MB ( 90.3%)
     151.9 MB / 168.3 MB ( 90.3%)
     151.9 MB / 168.3 MB ( 90.3%)
     151.9 MB / 168.3 MB ( 90.3%)
     152.0 MB / 168.3 MB ( 90.3%)
     152.0 MB / 168.3 MB ( 90.3%)
     152.0 MB / 168.3 MB ( 90.3%)
     152.0 MB / 168.3 MB ( 90.3%)
     152.0 MB / 168.3 MB ( 90.3%)
     152.0 MB / 168.3 MB ( 90.3%)
     152.0 MB / 168.3 MB ( 90.3%)
     152.0 MB / 168.3 MB ( 90.3%)
     152.0 MB / 168.3 MB ( 90.3%)
     152.0 MB / 168.3 MB ( 90.3%)
     152.0 MB / 168.3 MB ( 90.3%)
     152.0 MB / 168.3 MB ( 90.4%)
     152.1 MB / 168.3 MB ( 90.4%)
     152.1 MB / 168.3 MB ( 90.4%)
     152.1 MB / 168.3 MB ( 90.4%)
     152.1 MB / 168.3 MB ( 90.4%)
     152.1 MB / 168.3 MB ( 90.4%)
     152.1 MB / 168.3 MB ( 90.4%)
     152.1 MB / 168.3 MB ( 90.4%)
     152.1 MB / 168.3 MB ( 90.4%)
     152.1 MB / 168.3 MB ( 90.4%)
     152.1 MB / 168.3 MB ( 90.4%)
     152.1 MB / 168.3 MB ( 90.4%)
     152.1 MB / 168.3 MB ( 90.4%)
     152.2 MB / 168.3 MB ( 90.4%)
     152.2 MB / 168.3 MB ( 90.4%)
     152.2 MB / 168.3 MB ( 90.4%)
     152.2 MB / 168.3 MB ( 90.4%)
     152.2 MB / 168.3 MB ( 90.4%)
     152.2 MB / 168.3 MB ( 90.4%)
     152.2 MB / 168.3 MB ( 90.4%)
     152.2 MB / 168.3 MB ( 90.4%)
     152.2 MB / 168.3 MB ( 90.5%)
     152.2 MB / 168.3 MB ( 90.5%)
     152.2 MB / 168.3 MB ( 90.5%)
     152.2 MB / 168.3 MB ( 90.5%)
     152.2 MB / 168.3 MB ( 90.5%)
     152.3 MB / 168.3 MB ( 90.5%)
     152.3 MB / 168.3 MB ( 90.5%)
     152.3 MB / 168.3 MB ( 90.5%)
     152.3 MB / 168.3 MB ( 90.5%)
     152.3 MB / 168.3 MB ( 90.5%)
     152.3 MB / 168.3 MB ( 90.5%)
     152.3 MB / 168.3 MB ( 90.5%)
     152.3 MB / 168.3 MB ( 90.5%)
     152.3 MB / 168.3 MB ( 90.5%)
     152.3 MB / 168.3 MB ( 90.5%)
     152.3 MB / 168.3 MB ( 90.5%)
     152.3 MB / 168.3 MB ( 90.5%)
     152.4 MB / 168.3 MB ( 90.5%)
     152.4 MB / 168.3 MB ( 90.5%)
     152.4 MB / 168.3 MB ( 90.5%)
     152.4 MB / 168.3 MB ( 90.6%)
     152.4 MB / 168.3 MB ( 90.6%)
     152.4 MB / 168.3 MB ( 90.6%)
     152.4 MB / 168.3 MB ( 90.6%)
     152.4 MB / 168.3 MB ( 90.6%)
     152.4 MB / 168.3 MB ( 90.6%)
     152.4 MB / 168.3 MB ( 90.6%)
     152.4 MB / 168.3 MB ( 90.6%)
     152.4 MB / 168.3 MB ( 90.6%)
     152.5 MB / 168.3 MB ( 90.6%)
     152.5 MB / 168.3 MB ( 90.6%)
     152.5 MB / 168.3 MB ( 90.6%)
     152.5 MB / 168.3 MB ( 90.6%)
     152.5 MB / 168.3 MB ( 90.6%)
     152.5 MB / 168.3 MB ( 90.6%)
     152.5 MB / 168.3 MB ( 90.6%)
     152.5 MB / 168.3 MB ( 90.6%)
     152.5 MB / 168.3 MB ( 90.6%)
     152.5 MB / 168.3 MB ( 90.6%)
     152.5 MB / 168.3 MB ( 90.6%)
     152.5 MB / 168.3 MB ( 90.6%)
     152.6 MB / 168.3 MB ( 90.7%)
     152.6 MB / 168.3 MB ( 90.7%)
     152.6 MB / 168.3 MB ( 90.7%)
     152.6 MB / 168.3 MB ( 90.7%)
     152.6 MB / 168.3 MB ( 90.7%)
     152.6 MB / 168.3 MB ( 90.7%)
     152.6 MB / 168.3 MB ( 90.7%)
     152.6 MB / 168.3 MB ( 90.7%)
     152.6 MB / 168.3 MB ( 90.7%)
     152.6 MB / 168.3 MB ( 90.7%)
     152.6 MB / 168.3 MB ( 90.7%)
     152.6 MB / 168.3 MB ( 90.7%)
     152.6 MB / 168.3 MB ( 90.7%)
     152.7 MB / 168.3 MB ( 90.7%)
     152.7 MB / 168.3 MB ( 90.7%)
     152.7 MB / 168.3 MB ( 90.7%)
     152.7 MB / 168.3 MB ( 90.7%)
     152.7 MB / 168.3 MB ( 90.7%)
     152.7 MB / 168.3 MB ( 90.7%)
     152.7 MB / 168.3 MB ( 90.7%)
     152.7 MB / 168.3 MB ( 90.8%)
     152.7 MB / 168.3 MB ( 90.8%)
     152.7 MB / 168.3 MB ( 90.8%)
     152.7 MB / 168.3 MB ( 90.8%)
     152.7 MB / 168.3 MB ( 90.8%)
     152.8 MB / 168.3 MB ( 90.8%)
     152.8 MB / 168.3 MB ( 90.8%)
     152.8 MB / 168.3 MB ( 90.8%)
     152.8 MB / 168.3 MB ( 90.8%)
     152.8 MB / 168.3 MB ( 90.8%)
     152.8 MB / 168.3 MB ( 90.8%)
     152.8 MB / 168.3 MB ( 90.8%)
     152.8 MB / 168.3 MB ( 90.8%)
     152.8 MB / 168.3 MB ( 90.8%)
     152.8 MB / 168.3 MB ( 90.8%)
     152.8 MB / 168.3 MB ( 90.8%)
     152.8 MB / 168.3 MB ( 90.8%)
     152.9 MB / 168.3 MB ( 90.8%)
     152.9 MB / 168.3 MB ( 90.8%)
     152.9 MB / 168.3 MB ( 90.8%)
     152.9 MB / 168.3 MB ( 90.8%)
     152.9 MB / 168.3 MB ( 90.9%)
     152.9 MB / 168.3 MB ( 90.9%)
     152.9 MB / 168.3 MB ( 90.9%)
     152.9 MB / 168.3 MB ( 90.9%)
     152.9 MB / 168.3 MB ( 90.9%)
     152.9 MB / 168.3 MB ( 90.9%)
     152.9 MB / 168.3 MB ( 90.9%)
     152.9 MB / 168.3 MB ( 90.9%)
     153.0 MB / 168.3 MB ( 90.9%)
     153.0 MB / 168.3 MB ( 90.9%)
     153.0 MB / 168.3 MB ( 90.9%)
     153.0 MB / 168.3 MB ( 90.9%)
     153.0 MB / 168.3 MB ( 90.9%)
     153.0 MB / 168.3 MB ( 90.9%)
     153.0 MB / 168.3 MB ( 90.9%)
     153.0 MB / 168.3 MB ( 90.9%)
     153.0 MB / 168.3 MB ( 90.9%)
     153.0 MB / 168.3 MB ( 90.9%)
     153.0 MB / 168.3 MB ( 90.9%)
     153.0 MB / 168.3 MB ( 90.9%)
     153.1 MB / 168.3 MB ( 91.0%)
     153.1 MB / 168.3 MB ( 91.0%)
     153.1 MB / 168.3 MB ( 91.0%)
     153.1 MB / 168.3 MB ( 91.0%)
     153.1 MB / 168.3 MB ( 91.0%)
     153.1 MB / 168.3 MB ( 91.0%)
     153.1 MB / 168.3 MB ( 91.0%)
     153.1 MB / 168.3 MB ( 91.0%)
     153.1 MB / 168.3 MB ( 91.0%)
     153.1 MB / 168.3 MB ( 91.0%)
     153.1 MB / 168.3 MB ( 91.0%)
     153.1 MB / 168.3 MB ( 91.0%)
     153.1 MB / 168.3 MB ( 91.0%)
     153.2 MB / 168.3 MB ( 91.0%)
     153.2 MB / 168.3 MB ( 91.0%)
     153.2 MB / 168.3 MB ( 91.0%)
     153.2 MB / 168.3 MB ( 91.0%)
     153.2 MB / 168.3 MB ( 91.0%)
     153.2 MB / 168.3 MB ( 91.0%)
     153.2 MB / 168.3 MB ( 91.0%)
     153.2 MB / 168.3 MB ( 91.0%)
     153.2 MB / 168.3 MB ( 91.1%)
     153.2 MB / 168.3 MB ( 91.1%)
     153.2 MB / 168.3 MB ( 91.1%)
     153.2 MB / 168.3 MB ( 91.1%)
     153.3 MB / 168.3 MB ( 91.1%)
     153.3 MB / 168.3 MB ( 91.1%)
     153.3 MB / 168.3 MB ( 91.1%)
     153.3 MB / 168.3 MB ( 91.1%)
     153.3 MB / 168.3 MB ( 91.1%)
     153.3 MB / 168.3 MB ( 91.1%)
     153.3 MB / 168.3 MB ( 91.1%)
     153.3 MB / 168.3 MB ( 91.1%)
     153.3 MB / 168.3 MB ( 91.1%)
     153.3 MB / 168.3 MB ( 91.1%)
     153.3 MB / 168.3 MB ( 91.1%)
     153.3 MB / 168.3 MB ( 91.1%)
     153.4 MB / 168.3 MB ( 91.1%)
     153.4 MB / 168.3 MB ( 91.1%)
     153.4 MB / 168.3 MB ( 91.1%)
     153.4 MB / 168.3 MB ( 91.1%)
     153.4 MB / 168.3 MB ( 91.1%)
     153.4 MB / 168.3 MB ( 91.2%)
     153.4 MB / 168.3 MB ( 91.2%)
     153.4 MB / 168.3 MB ( 91.2%)
     153.4 MB / 168.3 MB ( 91.2%)
     153.4 MB / 168.3 MB ( 91.2%)
     153.4 MB / 168.3 MB ( 91.2%)
     153.4 MB / 168.3 MB ( 91.2%)
     153.5 MB / 168.3 MB ( 91.2%)
     153.5 MB / 168.3 MB ( 91.2%)
     153.5 MB / 168.3 MB ( 91.2%)
     153.5 MB / 168.3 MB ( 91.2%)
     153.5 MB / 168.3 MB ( 91.2%)
     153.5 MB / 168.3 MB ( 91.2%)
     153.5 MB / 168.3 MB ( 91.2%)
     153.5 MB / 168.3 MB ( 91.2%)
     153.5 MB / 168.3 MB ( 91.2%)
     153.5 MB / 168.3 MB ( 91.2%)
     153.5 MB / 168.3 MB ( 91.2%)
     153.5 MB / 168.3 MB ( 91.2%)
     153.6 MB / 168.3 MB ( 91.2%)
     153.6 MB / 168.3 MB ( 91.3%)
     153.6 MB / 168.3 MB ( 91.3%)
     153.6 MB / 168.3 MB ( 91.3%)
     153.6 MB / 168.3 MB ( 91.3%)
     153.6 MB / 168.3 MB ( 91.3%)
     153.6 MB / 168.3 MB ( 91.3%)
     153.6 MB / 168.3 MB ( 91.3%)
     153.6 MB / 168.3 MB ( 91.3%)
     153.6 MB / 168.3 MB ( 91.3%)
     153.6 MB / 168.3 MB ( 91.3%)
     153.6 MB / 168.3 MB ( 91.3%)
     153.6 MB / 168.3 MB ( 91.3%)
     153.7 MB / 168.3 MB ( 91.3%)
     153.7 MB / 168.3 MB ( 91.3%)
     153.7 MB / 168.3 MB ( 91.3%)
     153.7 MB / 168.3 MB ( 91.3%)
     153.7 MB / 168.3 MB ( 91.3%)
     153.7 MB / 168.3 MB ( 91.3%)
     153.7 MB / 168.3 MB ( 91.3%)
     153.7 MB / 168.3 MB ( 91.3%)
     153.7 MB / 168.3 MB ( 91.3%)
     153.7 MB / 168.3 MB ( 91.4%)
     153.7 MB / 168.3 MB ( 91.4%)
     153.7 MB / 168.3 MB ( 91.4%)
     153.8 MB / 168.3 MB ( 91.4%)
     153.8 MB / 168.3 MB ( 91.4%)
     153.8 MB / 168.3 MB ( 91.4%)
     153.8 MB / 168.3 MB ( 91.4%)
     153.8 MB / 168.3 MB ( 91.4%)
     153.8 MB / 168.3 MB ( 91.4%)
     153.8 MB / 168.3 MB ( 91.4%)
     153.8 MB / 168.3 MB ( 91.4%)
     153.8 MB / 168.3 MB ( 91.4%)
     153.8 MB / 168.3 MB ( 91.4%)
     153.8 MB / 168.3 MB ( 91.4%)
     153.8 MB / 168.3 MB ( 91.4%)
     153.9 MB / 168.3 MB ( 91.4%)
     153.9 MB / 168.3 MB ( 91.4%)
     153.9 MB / 168.3 MB ( 91.4%)
     153.9 MB / 168.3 MB ( 91.4%)
     153.9 MB / 168.3 MB ( 91.4%)
     153.9 MB / 168.3 MB ( 91.5%)
     153.9 MB / 168.3 MB ( 91.5%)
     153.9 MB / 168.3 MB ( 91.5%)
     153.9 MB / 168.3 MB ( 91.5%)
     153.9 MB / 168.3 MB ( 91.5%)
     153.9 MB / 168.3 MB ( 91.5%)
     153.9 MB / 168.3 MB ( 91.5%)
     154.0 MB / 168.3 MB ( 91.5%)
     154.0 MB / 168.3 MB ( 91.5%)
     154.0 MB / 168.3 MB ( 91.5%)
     154.0 MB / 168.3 MB ( 91.5%)
     154.0 MB / 168.3 MB ( 91.5%)
     154.0 MB / 168.3 MB ( 91.5%)
     154.0 MB / 168.3 MB ( 91.5%)
     154.0 MB / 168.3 MB ( 91.5%)
     154.0 MB / 168.3 MB ( 91.5%)
     154.0 MB / 168.3 MB ( 91.5%)
     154.0 MB / 168.3 MB ( 91.5%)
     154.0 MB / 168.3 MB ( 91.5%)
     154.1 MB / 168.3 MB ( 91.5%)
     154.1 MB / 168.3 MB ( 91.5%)
     154.1 MB / 168.3 MB ( 91.6%)
     154.1 MB / 168.3 MB ( 91.6%)
     154.1 MB / 168.3 MB ( 91.6%)
     154.1 MB / 168.3 MB ( 91.6%)
     154.1 MB / 168.3 MB ( 91.6%)
     154.1 MB / 168.3 MB ( 91.6%)
     154.1 MB / 168.3 MB ( 91.6%)
     154.1 MB / 168.3 MB ( 91.6%)
     154.1 MB / 168.3 MB ( 91.6%)
     154.1 MB / 168.3 MB ( 91.6%)
     154.1 MB / 168.3 MB ( 91.6%)
     154.2 MB / 168.3 MB ( 91.6%)
     154.2 MB / 168.3 MB ( 91.6%)
     154.2 MB / 168.3 MB ( 91.6%)
     154.2 MB / 168.3 MB ( 91.6%)
     154.2 MB / 168.3 MB ( 91.6%)
     154.2 MB / 168.3 MB ( 91.6%)
     154.2 MB / 168.3 MB ( 91.6%)
     154.2 MB / 168.3 MB ( 91.6%)
     154.2 MB / 168.3 MB ( 91.6%)
     154.2 MB / 168.3 MB ( 91.7%)
     154.2 MB / 168.3 MB ( 91.7%)
     154.2 MB / 168.3 MB ( 91.7%)
     154.3 MB / 168.3 MB ( 91.7%)
     154.3 MB / 168.3 MB ( 91.7%)
     154.3 MB / 168.3 MB ( 91.7%)
     154.3 MB / 168.3 MB ( 91.7%)
     154.3 MB / 168.3 MB ( 91.7%)
     154.3 MB / 168.3 MB ( 91.7%)
     154.3 MB / 168.3 MB ( 91.7%)
     154.3 MB / 168.3 MB ( 91.7%)
     154.3 MB / 168.3 MB ( 91.7%)
     154.3 MB / 168.3 MB ( 91.7%)
     154.3 MB / 168.3 MB ( 91.7%)
     154.3 MB / 168.3 MB ( 91.7%)
     154.4 MB / 168.3 MB ( 91.7%)
     154.4 MB / 168.3 MB ( 91.7%)
     154.4 MB / 168.3 MB ( 91.7%)
     154.4 MB / 168.3 MB ( 91.7%)
     154.4 MB / 168.3 MB ( 91.7%)
     154.4 MB / 168.3 MB ( 91.7%)
     154.4 MB / 168.3 MB ( 91.8%)
     154.4 MB / 168.3 MB ( 91.8%)
     154.4 MB / 168.3 MB ( 91.8%)
     154.4 MB / 168.3 MB ( 91.8%)
     154.4 MB / 168.3 MB ( 91.8%)
     154.4 MB / 168.3 MB ( 91.8%)
     154.5 MB / 168.3 MB ( 91.8%)
     154.5 MB / 168.3 MB ( 91.8%)
     154.5 MB / 168.3 MB ( 91.8%)
     154.5 MB / 168.3 MB ( 91.8%)
     154.5 MB / 168.3 MB ( 91.8%)
     154.5 MB / 168.3 MB ( 91.8%)
     154.5 MB / 168.3 MB ( 91.8%)
     154.5 MB / 168.3 MB ( 91.8%)
     154.5 MB / 168.3 MB ( 91.8%)
     154.5 MB / 168.3 MB ( 91.8%)
     154.5 MB / 168.3 MB ( 91.8%)
     154.5 MB / 168.3 MB ( 91.8%)
     154.6 MB / 168.3 MB ( 91.8%)
     154.6 MB / 168.3 MB ( 91.8%)
     154.6 MB / 168.3 MB ( 91.9%)
     154.6 MB / 168.3 MB ( 91.9%)
     154.6 MB / 168.3 MB ( 91.9%)
     154.6 MB / 168.3 MB ( 91.9%)
     154.6 MB / 168.3 MB ( 91.9%)
     154.6 MB / 168.3 MB ( 91.9%)
     154.6 MB / 168.3 MB ( 91.9%)
     154.6 MB / 168.3 MB ( 91.9%)
     154.6 MB / 168.3 MB ( 91.9%)
     154.6 MB / 168.3 MB ( 91.9%)
     154.6 MB / 168.3 MB ( 91.9%)
     154.7 MB / 168.3 MB ( 91.9%)
     154.7 MB / 168.3 MB ( 91.9%)
     154.7 MB / 168.3 MB ( 91.9%)
     154.7 MB / 168.3 MB ( 91.9%)
     154.7 MB / 168.3 MB ( 91.9%)
     154.7 MB / 168.3 MB ( 91.9%)
     154.7 MB / 168.3 MB ( 91.9%)
     154.7 MB / 168.3 MB ( 91.9%)
     154.7 MB / 168.3 MB ( 91.9%)
     154.7 MB / 168.3 MB ( 91.9%)
     154.7 MB / 168.3 MB ( 92.0%)
     154.7 MB / 168.3 MB ( 92.0%)
     154.8 MB / 168.3 MB ( 92.0%)
     154.8 MB / 168.3 MB ( 92.0%)
     154.8 MB / 168.3 MB ( 92.0%)
     154.8 MB / 168.3 MB ( 92.0%)
     154.8 MB / 168.3 MB ( 92.0%)
     154.8 MB / 168.3 MB ( 92.0%)
     154.8 MB / 168.3 MB ( 92.0%)
     154.8 MB / 168.3 MB ( 92.0%)
     154.8 MB / 168.3 MB ( 92.0%)
     154.8 MB / 168.3 MB ( 92.0%)
     154.8 MB / 168.3 MB ( 92.0%)
     154.8 MB / 168.3 MB ( 92.0%)
     154.9 MB / 168.3 MB ( 92.0%)
     154.9 MB / 168.3 MB ( 92.0%)
     154.9 MB / 168.3 MB ( 92.0%)
     154.9 MB / 168.3 MB ( 92.0%)
     154.9 MB / 168.3 MB ( 92.0%)
     154.9 MB / 168.3 MB ( 92.0%)
     154.9 MB / 168.3 MB ( 92.1%)
     154.9 MB / 168.3 MB ( 92.1%)
     154.9 MB / 168.3 MB ( 92.1%)
     154.9 MB / 168.3 MB ( 92.1%)
     154.9 MB / 168.3 MB ( 92.1%)
     154.9 MB / 168.3 MB ( 92.1%)
     155.0 MB / 168.3 MB ( 92.1%)
     155.0 MB / 168.3 MB ( 92.1%)
     155.0 MB / 168.3 MB ( 92.1%)
     155.0 MB / 168.3 MB ( 92.1%)
     155.0 MB / 168.3 MB ( 92.1%)
     155.0 MB / 168.3 MB ( 92.1%)
     155.0 MB / 168.3 MB ( 92.1%)
     155.0 MB / 168.3 MB ( 92.1%)
     155.0 MB / 168.3 MB ( 92.1%)
     155.0 MB / 168.3 MB ( 92.1%)
     155.0 MB / 168.3 MB ( 92.1%)
     155.0 MB / 168.3 MB ( 92.1%)
     155.0 MB / 168.3 MB ( 92.1%)
     155.1 MB / 168.3 MB ( 92.1%)
     155.1 MB / 168.3 MB ( 92.1%)
     155.1 MB / 168.3 MB ( 92.2%)
     155.1 MB / 168.3 MB ( 92.2%)
     155.1 MB / 168.3 MB ( 92.2%)
     155.1 MB / 168.3 MB ( 92.2%)
     155.1 MB / 168.3 MB ( 92.2%)
     155.1 MB / 168.3 MB ( 92.2%)
     155.1 MB / 168.3 MB ( 92.2%)
     155.1 MB / 168.3 MB ( 92.2%)
     155.1 MB / 168.3 MB ( 92.2%)
     155.1 MB / 168.3 MB ( 92.2%)
     155.2 MB / 168.3 MB ( 92.2%)
     155.2 MB / 168.3 MB ( 92.2%)
     155.2 MB / 168.3 MB ( 92.2%)
     155.2 MB / 168.3 MB ( 92.2%)
     155.2 MB / 168.3 MB ( 92.2%)
     155.2 MB / 168.3 MB ( 92.2%)
     155.2 MB / 168.3 MB ( 92.2%)
     155.2 MB / 168.3 MB ( 92.2%)
     155.2 MB / 168.3 MB ( 92.2%)
     155.2 MB / 168.3 MB ( 92.2%)
     155.2 MB / 168.3 MB ( 92.2%)
     155.2 MB / 168.3 MB ( 92.3%)
     155.3 MB / 168.3 MB ( 92.3%)
     155.3 MB / 168.3 MB ( 92.3%)
     155.3 MB / 168.3 MB ( 92.3%)
     155.3 MB / 168.3 MB ( 92.3%)
     155.3 MB / 168.3 MB ( 92.3%)
     155.3 MB / 168.3 MB ( 92.3%)
     155.3 MB / 168.3 MB ( 92.3%)
     155.3 MB / 168.3 MB ( 92.3%)
     155.3 MB / 168.3 MB ( 92.3%)
     155.3 MB / 168.3 MB ( 92.3%)
     155.3 MB / 168.3 MB ( 92.3%)
     155.3 MB / 168.3 MB ( 92.3%)
     155.4 MB / 168.3 MB ( 92.3%)
     155.4 MB / 168.3 MB ( 92.3%)
     155.4 MB / 168.3 MB ( 92.3%)
     155.4 MB / 168.3 MB ( 92.3%)
     155.4 MB / 168.3 MB ( 92.3%)
     155.4 MB / 168.3 MB ( 92.3%)
     155.4 MB / 168.3 MB ( 92.3%)
     155.4 MB / 168.3 MB ( 92.4%)
     155.4 MB / 168.3 MB ( 92.4%)
     155.4 MB / 168.3 MB ( 92.4%)
     155.4 MB / 168.3 MB ( 92.4%)
     155.4 MB / 168.3 MB ( 92.4%)
     155.5 MB / 168.3 MB ( 92.4%)
     155.5 MB / 168.3 MB ( 92.4%)
     155.5 MB / 168.3 MB ( 92.4%)
     155.5 MB / 168.3 MB ( 92.4%)
     155.5 MB / 168.3 MB ( 92.4%)
     155.5 MB / 168.3 MB ( 92.4%)
     155.5 MB / 168.3 MB ( 92.4%)
     155.5 MB / 168.3 MB ( 92.4%)
     155.5 MB / 168.3 MB ( 92.4%)
     155.5 MB / 168.3 MB ( 92.4%)
     155.5 MB / 168.3 MB ( 92.4%)
     155.5 MB / 168.3 MB ( 92.4%)
     155.5 MB / 168.3 MB ( 92.4%)
     155.6 MB / 168.3 MB ( 92.4%)
     155.6 MB / 168.3 MB ( 92.4%)
     155.6 MB / 168.3 MB ( 92.4%)
     155.6 MB / 168.3 MB ( 92.5%)
     155.6 MB / 168.3 MB ( 92.5%)
     155.6 MB / 168.3 MB ( 92.5%)
     155.6 MB / 168.3 MB ( 92.5%)
     155.6 MB / 168.3 MB ( 92.5%)
     155.6 MB / 168.3 MB ( 92.5%)
     155.6 MB / 168.3 MB ( 92.5%)
     155.6 MB / 168.3 MB ( 92.5%)
     155.6 MB / 168.3 MB ( 92.5%)
     155.7 MB / 168.3 MB ( 92.5%)
     155.7 MB / 168.3 MB ( 92.5%)
     155.7 MB / 168.3 MB ( 92.5%)
     155.7 MB / 168.3 MB ( 92.5%)
     155.7 MB / 168.3 MB ( 92.5%)
     155.7 MB / 168.3 MB ( 92.5%)
     155.7 MB / 168.3 MB ( 92.5%)
     155.7 MB / 168.3 MB ( 92.5%)
     155.7 MB / 168.3 MB ( 92.5%)
     155.7 MB / 168.3 MB ( 92.5%)
     155.7 MB / 168.3 MB ( 92.5%)
     155.7 MB / 168.3 MB ( 92.6%)
     155.8 MB / 168.3 MB ( 92.6%)
     155.8 MB / 168.3 MB ( 92.6%)
     155.8 MB / 168.3 MB ( 92.6%)
     155.8 MB / 168.3 MB ( 92.6%)
     155.8 MB / 168.3 MB ( 92.6%)
     155.8 MB / 168.3 MB ( 92.6%)
     155.8 MB / 168.3 MB ( 92.6%)
     155.8 MB / 168.3 MB ( 92.6%)
     155.8 MB / 168.3 MB ( 92.6%)
     155.8 MB / 168.3 MB ( 92.6%)
     155.8 MB / 168.3 MB ( 92.6%)
     155.8 MB / 168.3 MB ( 92.6%)
     155.9 MB / 168.3 MB ( 92.6%)
     155.9 MB / 168.3 MB ( 92.6%)
     155.9 MB / 168.3 MB ( 92.6%)
     155.9 MB / 168.3 MB ( 92.6%)
     155.9 MB / 168.3 MB ( 92.6%)
     155.9 MB / 168.3 MB ( 92.6%)
     155.9 MB / 168.3 MB ( 92.6%)
     155.9 MB / 168.3 MB ( 92.6%)
     155.9 MB / 168.3 MB ( 92.7%)
     155.9 MB / 168.3 MB ( 92.7%)
     155.9 MB / 168.3 MB ( 92.7%)
     155.9 MB / 168.3 MB ( 92.7%)
     156.0 MB / 168.3 MB ( 92.7%)
     156.0 MB / 168.3 MB ( 92.7%)
     156.0 MB / 168.3 MB ( 92.7%)
     156.0 MB / 168.3 MB ( 92.7%)
     156.0 MB / 168.3 MB ( 92.7%)
     156.0 MB / 168.3 MB ( 92.7%)
     156.0 MB / 168.3 MB ( 92.7%)
     156.0 MB / 168.3 MB ( 92.7%)
     156.0 MB / 168.3 MB ( 92.7%)
     156.0 MB / 168.3 MB ( 92.7%)
     156.0 MB / 168.3 MB ( 92.7%)
     156.0 MB / 168.3 MB ( 92.7%)
     156.0 MB / 168.3 MB ( 92.7%)
     156.1 MB / 168.3 MB ( 92.7%)
     156.1 MB / 168.3 MB ( 92.7%)
     156.1 MB / 168.3 MB ( 92.7%)
     156.1 MB / 168.3 MB ( 92.8%)
     156.1 MB / 168.3 MB ( 92.8%)
     156.1 MB / 168.3 MB ( 92.8%)
     156.1 MB / 168.3 MB ( 92.8%)
     156.1 MB / 168.3 MB ( 92.8%)
     156.1 MB / 168.3 MB ( 92.8%)
     156.1 MB / 168.3 MB ( 92.8%)
     156.1 MB / 168.3 MB ( 92.8%)
     156.1 MB / 168.3 MB ( 92.8%)
     156.2 MB / 168.3 MB ( 92.8%)
     156.2 MB / 168.3 MB ( 92.8%)
     156.2 MB / 168.3 MB ( 92.8%)
     156.2 MB / 168.3 MB ( 92.8%)
     156.2 MB / 168.3 MB ( 92.8%)
     156.2 MB / 168.3 MB ( 92.8%)
     156.2 MB / 168.3 MB ( 92.8%)
     156.2 MB / 168.3 MB ( 92.8%)
     156.2 MB / 168.3 MB ( 92.8%)
     156.2 MB / 168.3 MB ( 92.8%)
     156.2 MB / 168.3 MB ( 92.8%)
     156.2 MB / 168.3 MB ( 92.8%)
     156.3 MB / 168.3 MB ( 92.9%)
     156.3 MB / 168.3 MB ( 92.9%)
     156.3 MB / 168.3 MB ( 92.9%)
     156.3 MB / 168.3 MB ( 92.9%)
     156.3 MB / 168.3 MB ( 92.9%)
     156.3 MB / 168.3 MB ( 92.9%)
     156.3 MB / 168.3 MB ( 92.9%)
     156.3 MB / 168.3 MB ( 92.9%)
     156.3 MB / 168.3 MB ( 92.9%)
     156.3 MB / 168.3 MB ( 92.9%)
     156.3 MB / 168.3 MB ( 92.9%)
     156.3 MB / 168.3 MB ( 92.9%)
     156.4 MB / 168.3 MB ( 92.9%)
     156.4 MB / 168.3 MB ( 92.9%)
     156.4 MB / 168.3 MB ( 92.9%)
     156.4 MB / 168.3 MB ( 92.9%)
     156.4 MB / 168.3 MB ( 92.9%)
     156.4 MB / 168.3 MB ( 92.9%)
     156.4 MB / 168.3 MB ( 92.9%)
     156.4 MB / 168.3 MB ( 92.9%)
     156.4 MB / 168.3 MB ( 93.0%)
     156.4 MB / 168.3 MB ( 93.0%)
     156.4 MB / 168.3 MB ( 93.0%)
     156.4 MB / 168.3 MB ( 93.0%)
     156.5 MB / 168.3 MB ( 93.0%)
     156.5 MB / 168.3 MB ( 93.0%)
     156.5 MB / 168.3 MB ( 93.0%)
     156.5 MB / 168.3 MB ( 93.0%)
     156.5 MB / 168.3 MB ( 93.0%)
     156.5 MB / 168.3 MB ( 93.0%)
     156.5 MB / 168.3 MB ( 93.0%)
     156.5 MB / 168.3 MB ( 93.0%)
     156.5 MB / 168.3 MB ( 93.0%)
     156.5 MB / 168.3 MB ( 93.0%)
     156.5 MB / 168.3 MB ( 93.0%)
     156.5 MB / 168.3 MB ( 93.0%)
     156.5 MB / 168.3 MB ( 93.0%)
     156.6 MB / 168.3 MB ( 93.0%)
     156.6 MB / 168.3 MB ( 93.0%)
     156.6 MB / 168.3 MB ( 93.0%)
     156.6 MB / 168.3 MB ( 93.0%)
     156.6 MB / 168.3 MB ( 93.1%)
     156.6 MB / 168.3 MB ( 93.1%)
     156.6 MB / 168.3 MB ( 93.1%)
     156.6 MB / 168.3 MB ( 93.1%)
     156.6 MB / 168.3 MB ( 93.1%)
     156.6 MB / 168.3 MB ( 93.1%)
     156.6 MB / 168.3 MB ( 93.1%)
     156.6 MB / 168.3 MB ( 93.1%)
     156.7 MB / 168.3 MB ( 93.1%)
     156.7 MB / 168.3 MB ( 93.1%)
     156.7 MB / 168.3 MB ( 93.1%)
     156.7 MB / 168.3 MB ( 93.1%)
     156.7 MB / 168.3 MB ( 93.1%)
     156.7 MB / 168.3 MB ( 93.1%)
     156.7 MB / 168.3 MB ( 93.1%)
     156.7 MB / 168.3 MB ( 93.1%)
     156.7 MB / 168.3 MB ( 93.1%)
     156.7 MB / 168.3 MB ( 93.1%)
     156.7 MB / 168.3 MB ( 93.1%)
     156.7 MB / 168.3 MB ( 93.1%)
     156.8 MB / 168.3 MB ( 93.2%)
     156.8 MB / 168.3 MB ( 93.2%)
     156.8 MB / 168.3 MB ( 93.2%)
     156.8 MB / 168.3 MB ( 93.2%)
     156.8 MB / 168.3 MB ( 93.2%)
     156.8 MB / 168.3 MB ( 93.2%)
     156.8 MB / 168.3 MB ( 93.2%)
     156.8 MB / 168.3 MB ( 93.2%)
     156.8 MB / 168.3 MB ( 93.2%)
     156.8 MB / 168.3 MB ( 93.2%)
     156.8 MB / 168.3 MB ( 93.2%)
     156.8 MB / 168.3 MB ( 93.2%)
     156.9 MB / 168.3 MB ( 93.2%)
     156.9 MB / 168.3 MB ( 93.2%)
     156.9 MB / 168.3 MB ( 93.2%)
     156.9 MB / 168.3 MB ( 93.2%)
     156.9 MB / 168.3 MB ( 93.2%)
     156.9 MB / 168.3 MB ( 93.2%)
     156.9 MB / 168.3 MB ( 93.2%)
     156.9 MB / 168.3 MB ( 93.2%)
     156.9 MB / 168.3 MB ( 93.2%)
     156.9 MB / 168.3 MB ( 93.3%)
     156.9 MB / 168.3 MB ( 93.3%)
     156.9 MB / 168.3 MB ( 93.3%)
     157.0 MB / 168.3 MB ( 93.3%)
     157.0 MB / 168.3 MB ( 93.3%)
     157.0 MB / 168.3 MB ( 93.3%)
     157.0 MB / 168.3 MB ( 93.3%)
     157.0 MB / 168.3 MB ( 93.3%)
     157.0 MB / 168.3 MB ( 93.3%)
     157.0 MB / 168.3 MB ( 93.3%)
     157.0 MB / 168.3 MB ( 93.3%)
     157.0 MB / 168.3 MB ( 93.3%)
     157.0 MB / 168.3 MB ( 93.3%)
     157.0 MB / 168.3 MB ( 93.3%)
     157.0 MB / 168.3 MB ( 93.3%)
     157.0 MB / 168.3 MB ( 93.3%)
     157.1 MB / 168.3 MB ( 93.3%)
     157.1 MB / 168.3 MB ( 93.3%)
     157.1 MB / 168.3 MB ( 93.3%)
     157.1 MB / 168.3 MB ( 93.3%)
     157.1 MB / 168.3 MB ( 93.3%)
     157.1 MB / 168.3 MB ( 93.4%)
     157.1 MB / 168.3 MB ( 93.4%)
     157.1 MB / 168.3 MB ( 93.4%)
     157.1 MB / 168.3 MB ( 93.4%)
     157.1 MB / 168.3 MB ( 93.4%)
     157.1 MB / 168.3 MB ( 93.4%)
     157.1 MB / 168.3 MB ( 93.4%)
     157.2 MB / 168.3 MB ( 93.4%)
     157.2 MB / 168.3 MB ( 93.4%)
     157.2 MB / 168.3 MB ( 93.4%)
     157.2 MB / 168.3 MB ( 93.4%)
     157.2 MB / 168.3 MB ( 93.4%)
     157.2 MB / 168.3 MB ( 93.4%)
     157.2 MB / 168.3 MB ( 93.4%)
     157.2 MB / 168.3 MB ( 93.4%)
     157.2 MB / 168.3 MB ( 93.4%)
     157.2 MB / 168.3 MB ( 93.4%)
     157.2 MB / 168.3 MB ( 93.4%)
     157.2 MB / 168.3 MB ( 93.4%)
     157.3 MB / 168.3 MB ( 93.4%)
     157.3 MB / 168.3 MB ( 93.5%)
     157.3 MB / 168.3 MB ( 93.5%)
     157.3 MB / 168.3 MB ( 93.5%)
     157.3 MB / 168.3 MB ( 93.5%)
     157.3 MB / 168.3 MB ( 93.5%)
     157.3 MB / 168.3 MB ( 93.5%)
     157.3 MB / 168.3 MB ( 93.5%)
     157.3 MB / 168.3 MB ( 93.5%)
     157.3 MB / 168.3 MB ( 93.5%)
     157.3 MB / 168.3 MB ( 93.5%)
     157.3 MB / 168.3 MB ( 93.5%)
     157.4 MB / 168.3 MB ( 93.5%)
     157.4 MB / 168.3 MB ( 93.5%)
     157.4 MB / 168.3 MB ( 93.5%)
     157.4 MB / 168.3 MB ( 93.5%)
     157.4 MB / 168.3 MB ( 93.5%)
     157.4 MB / 168.3 MB ( 93.5%)
     157.4 MB / 168.3 MB ( 93.5%)
     157.4 MB / 168.3 MB ( 93.5%)
     157.4 MB / 168.3 MB ( 93.5%)
     157.4 MB / 168.3 MB ( 93.5%)
     157.4 MB / 168.3 MB ( 93.6%)
     157.4 MB / 168.3 MB ( 93.6%)
     157.5 MB / 168.3 MB ( 93.6%)
     157.5 MB / 168.3 MB ( 93.6%)
     157.5 MB / 168.3 MB ( 93.6%)
     157.5 MB / 168.3 MB ( 93.6%)
     157.5 MB / 168.3 MB ( 93.6%)
     157.5 MB / 168.3 MB ( 93.6%)
     157.5 MB / 168.3 MB ( 93.6%)
     157.5 MB / 168.3 MB ( 93.6%)
     157.5 MB / 168.3 MB ( 93.6%)
     157.5 MB / 168.3 MB ( 93.6%)
     157.5 MB / 168.3 MB ( 93.6%)
     157.5 MB / 168.3 MB ( 93.6%)
     157.5 MB / 168.3 MB ( 93.6%)
     157.6 MB / 168.3 MB ( 93.6%)
     157.6 MB / 168.3 MB ( 93.6%)
     157.6 MB / 168.3 MB ( 93.6%)
     157.6 MB / 168.3 MB ( 93.6%)
     157.6 MB / 168.3 MB ( 93.6%)
     157.6 MB / 168.3 MB ( 93.7%)
     157.6 MB / 168.3 MB ( 93.7%)
     157.6 MB / 168.3 MB ( 93.7%)
     157.6 MB / 168.3 MB ( 93.7%)
     157.6 MB / 168.3 MB ( 93.7%)
     157.6 MB / 168.3 MB ( 93.7%)
     157.6 MB / 168.3 MB ( 93.7%)
     157.7 MB / 168.3 MB ( 93.7%)
     157.7 MB / 168.3 MB ( 93.7%)
     157.7 MB / 168.3 MB ( 93.7%)
     157.7 MB / 168.3 MB ( 93.7%)
     157.7 MB / 168.3 MB ( 93.7%)
     157.7 MB / 168.3 MB ( 93.7%)
     157.7 MB / 168.3 MB ( 93.7%)
     157.7 MB / 168.3 MB ( 93.7%)
     157.7 MB / 168.3 MB ( 93.7%)
     157.7 MB / 168.3 MB ( 93.7%)
     157.7 MB / 168.3 MB ( 93.7%)
     157.7 MB / 168.3 MB ( 93.7%)
     157.8 MB / 168.3 MB ( 93.7%)
     157.8 MB / 168.3 MB ( 93.7%)
     157.8 MB / 168.3 MB ( 93.8%)
     157.8 MB / 168.3 MB ( 93.8%)
     157.8 MB / 168.3 MB ( 93.8%)
     157.8 MB / 168.3 MB ( 93.8%)
     157.8 MB / 168.3 MB ( 93.8%)
     157.8 MB / 168.3 MB ( 93.8%)
     157.8 MB / 168.3 MB ( 93.8%)
     157.8 MB / 168.3 MB ( 93.8%)
     157.8 MB / 168.3 MB ( 93.8%)
     157.8 MB / 168.3 MB ( 93.8%)
     157.9 MB / 168.3 MB ( 93.8%)
     157.9 MB / 168.3 MB ( 93.8%)
     157.9 MB / 168.3 MB ( 93.8%)
     157.9 MB / 168.3 MB ( 93.8%)
     157.9 MB / 168.3 MB ( 93.8%)
     157.9 MB / 168.3 MB ( 93.8%)
     157.9 MB / 168.3 MB ( 93.8%)
     157.9 MB / 168.3 MB ( 93.8%)
     157.9 MB / 168.3 MB ( 93.8%)
     157.9 MB / 168.3 MB ( 93.8%)
     157.9 MB / 168.3 MB ( 93.9%)
     157.9 MB / 168.3 MB ( 93.9%)
     157.9 MB / 168.3 MB ( 93.9%)
     158.0 MB / 168.3 MB ( 93.9%)
     158.0 MB / 168.3 MB ( 93.9%)
     158.0 MB / 168.3 MB ( 93.9%)
     158.0 MB / 168.3 MB ( 93.9%)
     158.0 MB / 168.3 MB ( 93.9%)
     158.0 MB / 168.3 MB ( 93.9%)
     158.0 MB / 168.3 MB ( 93.9%)
     158.0 MB / 168.3 MB ( 93.9%)
     158.0 MB / 168.3 MB ( 93.9%)
     158.0 MB / 168.3 MB ( 93.9%)
     158.0 MB / 168.3 MB ( 93.9%)
     158.0 MB / 168.3 MB ( 93.9%)
     158.1 MB / 168.3 MB ( 93.9%)
     158.1 MB / 168.3 MB ( 93.9%)
     158.1 MB / 168.3 MB ( 93.9%)
     158.1 MB / 168.3 MB ( 93.9%)
     158.1 MB / 168.3 MB ( 93.9%)
     158.1 MB / 168.3 MB ( 93.9%)
     158.1 MB / 168.3 MB ( 94.0%)
     158.1 MB / 168.3 MB ( 94.0%)
     158.1 MB / 168.3 MB ( 94.0%)
     158.1 MB / 168.3 MB ( 94.0%)
     158.1 MB / 168.3 MB ( 94.0%)
     158.1 MB / 168.3 MB ( 94.0%)
     158.2 MB / 168.3 MB ( 94.0%)
     158.2 MB / 168.3 MB ( 94.0%)
     158.2 MB / 168.3 MB ( 94.0%)
     158.2 MB / 168.3 MB ( 94.0%)
     158.2 MB / 168.3 MB ( 94.0%)
     158.2 MB / 168.3 MB ( 94.0%)
     158.2 MB / 168.3 MB ( 94.0%)
     158.2 MB / 168.3 MB ( 94.0%)
     158.2 MB / 168.3 MB ( 94.0%)
     158.2 MB / 168.3 MB ( 94.0%)
     158.2 MB / 168.3 MB ( 94.0%)
     158.2 MB / 168.3 MB ( 94.0%)
     158.3 MB / 168.3 MB ( 94.0%)
     158.3 MB / 168.3 MB ( 94.0%)
     158.3 MB / 168.3 MB ( 94.1%)
     158.3 MB / 168.3 MB ( 94.1%)
     158.3 MB / 168.3 MB ( 94.1%)
     158.3 MB / 168.3 MB ( 94.1%)
     158.3 MB / 168.3 MB ( 94.1%)
     158.3 MB / 168.3 MB ( 94.1%)
     158.3 MB / 168.3 MB ( 94.1%)
     158.3 MB / 168.3 MB ( 94.1%)
     158.3 MB / 168.3 MB ( 94.1%)
     158.3 MB / 168.3 MB ( 94.1%)
     158.4 MB / 168.3 MB ( 94.1%)
     158.4 MB / 168.3 MB ( 94.1%)
     158.4 MB / 168.3 MB ( 94.1%)
     158.4 MB / 168.3 MB ( 94.1%)
     158.4 MB / 168.3 MB ( 94.1%)
     158.4 MB / 168.3 MB ( 94.1%)
     158.4 MB / 168.3 MB ( 94.1%)
     158.4 MB / 168.3 MB ( 94.1%)
     158.4 MB / 168.3 MB ( 94.1%)
     158.4 MB / 168.3 MB ( 94.1%)
     158.4 MB / 168.3 MB ( 94.1%)
     158.4 MB / 168.3 MB ( 94.2%)
     158.4 MB / 168.3 MB ( 94.2%)
     158.5 MB / 168.3 MB ( 94.2%)
     158.5 MB / 168.3 MB ( 94.2%)
     158.5 MB / 168.3 MB ( 94.2%)
     158.5 MB / 168.3 MB ( 94.2%)
     158.5 MB / 168.3 MB ( 94.2%)
     158.5 MB / 168.3 MB ( 94.2%)
     158.5 MB / 168.3 MB ( 94.2%)
     158.5 MB / 168.3 MB ( 94.2%)
     158.5 MB / 168.3 MB ( 94.2%)
     158.5 MB / 168.3 MB ( 94.2%)
     158.5 MB / 168.3 MB ( 94.2%)
     158.5 MB / 168.3 MB ( 94.2%)
     158.6 MB / 168.3 MB ( 94.2%)
     158.6 MB / 168.3 MB ( 94.2%)
     158.6 MB / 168.3 MB ( 94.2%)
     158.6 MB / 168.3 MB ( 94.2%)
     158.6 MB / 168.3 MB ( 94.2%)
     158.6 MB / 168.3 MB ( 94.2%)
     158.6 MB / 168.3 MB ( 94.3%)
     158.6 MB / 168.3 MB ( 94.3%)
     158.6 MB / 168.3 MB ( 94.3%)
     158.6 MB / 168.3 MB ( 94.3%)
     158.6 MB / 168.3 MB ( 94.3%)
     158.6 MB / 168.3 MB ( 94.3%)
     158.7 MB / 168.3 MB ( 94.3%)
     158.7 MB / 168.3 MB ( 94.3%)
     158.7 MB / 168.3 MB ( 94.3%)
     158.7 MB / 168.3 MB ( 94.3%)
     158.7 MB / 168.3 MB ( 94.3%)
     158.7 MB / 168.3 MB ( 94.3%)
     158.7 MB / 168.3 MB ( 94.3%)
     158.7 MB / 168.3 MB ( 94.3%)
     158.7 MB / 168.3 MB ( 94.3%)
     158.7 MB / 168.3 MB ( 94.3%)
     158.7 MB / 168.3 MB ( 94.3%)
     158.7 MB / 168.3 MB ( 94.3%)
     158.8 MB / 168.3 MB ( 94.3%)
     158.8 MB / 168.3 MB ( 94.3%)
     158.8 MB / 168.3 MB ( 94.3%)
     158.8 MB / 168.3 MB ( 94.4%)
     158.8 MB / 168.3 MB ( 94.4%)
     158.8 MB / 168.3 MB ( 94.4%)
     158.8 MB / 168.3 MB ( 94.4%)
     158.8 MB / 168.3 MB ( 94.4%)
     158.8 MB / 168.3 MB ( 94.4%)
     158.8 MB / 168.3 MB ( 94.4%)
     158.8 MB / 168.3 MB ( 94.4%)
     158.8 MB / 168.3 MB ( 94.4%)
     158.9 MB / 168.3 MB ( 94.4%)
     158.9 MB / 168.3 MB ( 94.4%)
     158.9 MB / 168.3 MB ( 94.4%)
     158.9 MB / 168.3 MB ( 94.4%)
     158.9 MB / 168.3 MB ( 94.4%)
     158.9 MB / 168.3 MB ( 94.4%)
     158.9 MB / 168.3 MB ( 94.4%)
     158.9 MB / 168.3 MB ( 94.4%)
     158.9 MB / 168.3 MB ( 94.4%)
     158.9 MB / 168.3 MB ( 94.4%)
     158.9 MB / 168.3 MB ( 94.4%)
     158.9 MB / 168.3 MB ( 94.5%)
     158.9 MB / 168.3 MB ( 94.5%)
     159.0 MB / 168.3 MB ( 94.5%)
     159.0 MB / 168.3 MB ( 94.5%)
     159.0 MB / 168.3 MB ( 94.5%)
     159.0 MB / 168.3 MB ( 94.5%)
     159.0 MB / 168.3 MB ( 94.5%)
     159.0 MB / 168.3 MB ( 94.5%)
     159.0 MB / 168.3 MB ( 94.5%)
     159.0 MB / 168.3 MB ( 94.5%)
     159.0 MB / 168.3 MB ( 94.5%)
     159.0 MB / 168.3 MB ( 94.5%)
     159.0 MB / 168.3 MB ( 94.5%)
     159.0 MB / 168.3 MB ( 94.5%)
     159.1 MB / 168.3 MB ( 94.5%)
     159.1 MB / 168.3 MB ( 94.5%)
     159.1 MB / 168.3 MB ( 94.5%)
     159.1 MB / 168.3 MB ( 94.5%)
     159.1 MB / 168.3 MB ( 94.5%)
     159.1 MB / 168.3 MB ( 94.5%)
     159.1 MB / 168.3 MB ( 94.5%)
     159.1 MB / 168.3 MB ( 94.6%)
     159.1 MB / 168.3 MB ( 94.6%)
     159.1 MB / 168.3 MB ( 94.6%)
     159.1 MB / 168.3 MB ( 94.6%)
     159.1 MB / 168.3 MB ( 94.6%)
     159.2 MB / 168.3 MB ( 94.6%)
     159.2 MB / 168.3 MB ( 94.6%)
     159.2 MB / 168.3 MB ( 94.6%)
     159.2 MB / 168.3 MB ( 94.6%)
     159.2 MB / 168.3 MB ( 94.6%)
     159.2 MB / 168.3 MB ( 94.6%)
     159.2 MB / 168.3 MB ( 94.6%)
     159.2 MB / 168.3 MB ( 94.6%)
     159.2 MB / 168.3 MB ( 94.6%)
     159.2 MB / 168.3 MB ( 94.6%)
     159.2 MB / 168.3 MB ( 94.6%)
     159.2 MB / 168.3 MB ( 94.6%)
     159.3 MB / 168.3 MB ( 94.6%)
     159.3 MB / 168.3 MB ( 94.6%)
     159.3 MB / 168.3 MB ( 94.6%)
     159.3 MB / 168.3 MB ( 94.6%)
     159.3 MB / 168.3 MB ( 94.7%)
     159.3 MB / 168.3 MB ( 94.7%)
     159.3 MB / 168.3 MB ( 94.7%)
     159.3 MB / 168.3 MB ( 94.7%)
     159.3 MB / 168.3 MB ( 94.7%)
     159.3 MB / 168.3 MB ( 94.7%)
     159.3 MB / 168.3 MB ( 94.7%)
     159.3 MB / 168.3 MB ( 94.7%)
     159.4 MB / 168.3 MB ( 94.7%)
     159.4 MB / 168.3 MB ( 94.7%)
     159.4 MB / 168.3 MB ( 94.7%)
     159.4 MB / 168.3 MB ( 94.7%)
     159.4 MB / 168.3 MB ( 94.7%)
     159.4 MB / 168.3 MB ( 94.7%)
     159.4 MB / 168.3 MB ( 94.7%)
     159.4 MB / 168.3 MB ( 94.7%)
     159.4 MB / 168.3 MB ( 94.7%)
     159.4 MB / 168.3 MB ( 94.7%)
     159.4 MB / 168.3 MB ( 94.7%)
     159.4 MB / 168.3 MB ( 94.7%)
     159.4 MB / 168.3 MB ( 94.8%)
     159.5 MB / 168.3 MB ( 94.8%)
     159.5 MB / 168.3 MB ( 94.8%)
     159.5 MB / 168.3 MB ( 94.8%)
     159.5 MB / 168.3 MB ( 94.8%)
     159.5 MB / 168.3 MB ( 94.8%)
     159.5 MB / 168.3 MB ( 94.8%)
     159.5 MB / 168.3 MB ( 94.8%)
     159.5 MB / 168.3 MB ( 94.8%)
     159.5 MB / 168.3 MB ( 94.8%)
     159.5 MB / 168.3 MB ( 94.8%)
     159.5 MB / 168.3 MB ( 94.8%)
     159.5 MB / 168.3 MB ( 94.8%)
     159.6 MB / 168.3 MB ( 94.8%)
     159.6 MB / 168.3 MB ( 94.8%)
     159.6 MB / 168.3 MB ( 94.8%)
     159.6 MB / 168.3 MB ( 94.8%)
     159.6 MB / 168.3 MB ( 94.8%)
     159.6 MB / 168.3 MB ( 94.8%)
     159.6 MB / 168.3 MB ( 94.8%)
     159.6 MB / 168.3 MB ( 94.8%)
     159.6 MB / 168.3 MB ( 94.9%)
     159.6 MB / 168.3 MB ( 94.9%)
     159.6 MB / 168.3 MB ( 94.9%)
     159.6 MB / 168.3 MB ( 94.9%)
     159.7 MB / 168.3 MB ( 94.9%)
     159.7 MB / 168.3 MB ( 94.9%)
     159.7 MB / 168.3 MB ( 94.9%)
     159.7 MB / 168.3 MB ( 94.9%)
     159.7 MB / 168.3 MB ( 94.9%)
     159.7 MB / 168.3 MB ( 94.9%)
     159.7 MB / 168.3 MB ( 94.9%)
     159.7 MB / 168.3 MB ( 94.9%)
     159.7 MB / 168.3 MB ( 94.9%)
     159.7 MB / 168.3 MB ( 94.9%)
     159.7 MB / 168.3 MB ( 94.9%)
     159.7 MB / 168.3 MB ( 94.9%)
     159.8 MB / 168.3 MB ( 94.9%)
     159.8 MB / 168.3 MB ( 94.9%)
     159.8 MB / 168.3 MB ( 94.9%)
     159.8 MB / 168.3 MB ( 94.9%)
     159.8 MB / 168.3 MB ( 95.0%)
     159.8 MB / 168.3 MB ( 95.0%)
     159.8 MB / 168.3 MB ( 95.0%)
     159.8 MB / 168.3 MB ( 95.0%)
     159.8 MB / 168.3 MB ( 95.0%)
     159.8 MB / 168.3 MB ( 95.0%)
     159.8 MB / 168.3 MB ( 95.0%)
     159.8 MB / 168.3 MB ( 95.0%)
     159.9 MB / 168.3 MB ( 95.0%)
     159.9 MB / 168.3 MB ( 95.0%)
     159.9 MB / 168.3 MB ( 95.0%)
     159.9 MB / 168.3 MB ( 95.0%)
     159.9 MB / 168.3 MB ( 95.0%)
     159.9 MB / 168.3 MB ( 95.0%)
     159.9 MB / 168.3 MB ( 95.0%)
     159.9 MB / 168.3 MB ( 95.0%)
     159.9 MB / 168.3 MB ( 95.0%)
     159.9 MB / 168.3 MB ( 95.0%)
     159.9 MB / 168.3 MB ( 95.0%)
     159.9 MB / 168.3 MB ( 95.0%)
     159.9 MB / 168.3 MB ( 95.0%)
     160.0 MB / 168.3 MB ( 95.1%)
     160.0 MB / 168.3 MB ( 95.1%)
     160.0 MB / 168.3 MB ( 95.1%)
     160.0 MB / 168.3 MB ( 95.1%)
     160.0 MB / 168.3 MB ( 95.1%)
     160.0 MB / 168.3 MB ( 95.1%)
     160.0 MB / 168.3 MB ( 95.1%)
     160.0 MB / 168.3 MB ( 95.1%)
     160.0 MB / 168.3 MB ( 95.1%)
     160.0 MB / 168.3 MB ( 95.1%)
     160.0 MB / 168.3 MB ( 95.1%)
     160.0 MB / 168.3 MB ( 95.1%)
     160.1 MB / 168.3 MB ( 95.1%)
     160.1 MB / 168.3 MB ( 95.1%)
     160.1 MB / 168.3 MB ( 95.1%)
     160.1 MB / 168.3 MB ( 95.1%)
     160.1 MB / 168.3 MB ( 95.1%)
     160.1 MB / 168.3 MB ( 95.1%)
     160.1 MB / 168.3 MB ( 95.1%)
     160.1 MB / 168.3 MB ( 95.1%)
     160.1 MB / 168.3 MB ( 95.2%)
     160.1 MB / 168.3 MB ( 95.2%)
     160.1 MB / 168.3 MB ( 95.2%)
     160.1 MB / 168.3 MB ( 95.2%)
     160.2 MB / 168.3 MB ( 95.2%)
     160.2 MB / 168.3 MB ( 95.2%)
     160.2 MB / 168.3 MB ( 95.2%)
     160.2 MB / 168.3 MB ( 95.2%)
     160.2 MB / 168.3 MB ( 95.2%)
     160.2 MB / 168.3 MB ( 95.2%)
     160.2 MB / 168.3 MB ( 95.2%)
     160.2 MB / 168.3 MB ( 95.2%)
     160.2 MB / 168.3 MB ( 95.2%)
     160.2 MB / 168.3 MB ( 95.2%)
     160.2 MB / 168.3 MB ( 95.2%)
     160.2 MB / 168.3 MB ( 95.2%)
     160.3 MB / 168.3 MB ( 95.2%)
     160.3 MB / 168.3 MB ( 95.2%)
     160.3 MB / 168.3 MB ( 95.2%)
     160.3 MB / 168.3 MB ( 95.2%)
     160.3 MB / 168.3 MB ( 95.2%)
     160.3 MB / 168.3 MB ( 95.3%)
     160.3 MB / 168.3 MB ( 95.3%)
     160.3 MB / 168.3 MB ( 95.3%)
     160.3 MB / 168.3 MB ( 95.3%)
     160.3 MB / 168.3 MB ( 95.3%)
     160.3 MB / 168.3 MB ( 95.3%)
     160.3 MB / 168.3 MB ( 95.3%)
     160.4 MB / 168.3 MB ( 95.3%)
     160.4 MB / 168.3 MB ( 95.3%)
     160.4 MB / 168.3 MB ( 95.3%)
     160.4 MB / 168.3 MB ( 95.3%)
     160.4 MB / 168.3 MB ( 95.3%)
     160.4 MB / 168.3 MB ( 95.3%)
     160.4 MB / 168.3 MB ( 95.3%)
     160.4 MB / 168.3 MB ( 95.3%)
     160.4 MB / 168.3 MB ( 95.3%)
     160.4 MB / 168.3 MB ( 95.3%)
     160.4 MB / 168.3 MB ( 95.3%)
     160.4 MB / 168.3 MB ( 95.3%)
     160.4 MB / 168.3 MB ( 95.3%)
     160.5 MB / 168.3 MB ( 95.4%)
     160.5 MB / 168.3 MB ( 95.4%)
     160.5 MB / 168.3 MB ( 95.4%)
     160.5 MB / 168.3 MB ( 95.4%)
     160.5 MB / 168.3 MB ( 95.4%)
     160.5 MB / 168.3 MB ( 95.4%)
     160.5 MB / 168.3 MB ( 95.4%)
     160.5 MB / 168.3 MB ( 95.4%)
     160.5 MB / 168.3 MB ( 95.4%)
     160.5 MB / 168.3 MB ( 95.4%)
     160.5 MB / 168.3 MB ( 95.4%)
     160.5 MB / 168.3 MB ( 95.4%)
     160.6 MB / 168.3 MB ( 95.4%)
     160.6 MB / 168.3 MB ( 95.4%)
     160.6 MB / 168.3 MB ( 95.4%)
     160.6 MB / 168.3 MB ( 95.4%)
     160.6 MB / 168.3 MB ( 95.4%)
     160.6 MB / 168.3 MB ( 95.4%)
     160.6 MB / 168.3 MB ( 95.4%)
     160.6 MB / 168.3 MB ( 95.4%)
     160.6 MB / 168.3 MB ( 95.4%)
     160.6 MB / 168.3 MB ( 95.5%)
     160.6 MB / 168.3 MB ( 95.5%)
     160.6 MB / 168.3 MB ( 95.5%)
     160.7 MB / 168.3 MB ( 95.5%)
     160.7 MB / 168.3 MB ( 95.5%)
     160.7 MB / 168.3 MB ( 95.5%)
     160.7 MB / 168.3 MB ( 95.5%)
     160.7 MB / 168.3 MB ( 95.5%)
     160.7 MB / 168.3 MB ( 95.5%)
     160.7 MB / 168.3 MB ( 95.5%)
     160.7 MB / 168.3 MB ( 95.5%)
     160.7 MB / 168.3 MB ( 95.5%)
     160.7 MB / 168.3 MB ( 95.5%)
     160.7 MB / 168.3 MB ( 95.5%)
     160.7 MB / 168.3 MB ( 95.5%)
     160.8 MB / 168.3 MB ( 95.5%)
     160.8 MB / 168.3 MB ( 95.5%)
     160.8 MB / 168.3 MB ( 95.5%)
     160.8 MB / 168.3 MB ( 95.5%)
     160.8 MB / 168.3 MB ( 95.5%)
     160.8 MB / 168.3 MB ( 95.6%)
     160.8 MB / 168.3 MB ( 95.6%)
     160.8 MB / 168.3 MB ( 95.6%)
     160.8 MB / 168.3 MB ( 95.6%)
     160.8 MB / 168.3 MB ( 95.6%)
     160.8 MB / 168.3 MB ( 95.6%)
     160.8 MB / 168.3 MB ( 95.6%)
     160.8 MB / 168.3 MB ( 95.6%)
     160.9 MB / 168.3 MB ( 95.6%)
     160.9 MB / 168.3 MB ( 95.6%)
     160.9 MB / 168.3 MB ( 95.6%)
     160.9 MB / 168.3 MB ( 95.6%)
     160.9 MB / 168.3 MB ( 95.6%)
     160.9 MB / 168.3 MB ( 95.6%)
     160.9 MB / 168.3 MB ( 95.6%)
     160.9 MB / 168.3 MB ( 95.6%)
     160.9 MB / 168.3 MB ( 95.6%)
     160.9 MB / 168.3 MB ( 95.6%)
     160.9 MB / 168.3 MB ( 95.6%)
     160.9 MB / 168.3 MB ( 95.6%)
     161.0 MB / 168.3 MB ( 95.6%)
     161.0 MB / 168.3 MB ( 95.7%)
     161.0 MB / 168.3 MB ( 95.7%)
     161.0 MB / 168.3 MB ( 95.7%)
     161.0 MB / 168.3 MB ( 95.7%)
     161.0 MB / 168.3 MB ( 95.7%)
     161.0 MB / 168.3 MB ( 95.7%)
     161.0 MB / 168.3 MB ( 95.7%)
     161.0 MB / 168.3 MB ( 95.7%)
     161.0 MB / 168.3 MB ( 95.7%)
     161.0 MB / 168.3 MB ( 95.7%)
     161.0 MB / 168.3 MB ( 95.7%)
     161.1 MB / 168.3 MB ( 95.7%)
     161.1 MB / 168.3 MB ( 95.7%)
     161.1 MB / 168.3 MB ( 95.7%)
     161.1 MB / 168.3 MB ( 95.7%)
     161.1 MB / 168.3 MB ( 95.7%)
     161.1 MB / 168.3 MB ( 95.7%)
     161.1 MB / 168.3 MB ( 95.7%)
     161.1 MB / 168.3 MB ( 95.7%)
     161.1 MB / 168.3 MB ( 95.7%)
     161.1 MB / 168.3 MB ( 95.7%)
     161.1 MB / 168.3 MB ( 95.8%)
     161.1 MB / 168.3 MB ( 95.8%)
     161.2 MB / 168.3 MB ( 95.8%)
     161.2 MB / 168.3 MB ( 95.8%)
     161.2 MB / 168.3 MB ( 95.8%)
     161.2 MB / 168.3 MB ( 95.8%)
     161.2 MB / 168.3 MB ( 95.8%)
     161.2 MB / 168.3 MB ( 95.8%)
     161.2 MB / 168.3 MB ( 95.8%)
     161.2 MB / 168.3 MB ( 95.8%)
     161.2 MB / 168.3 MB ( 95.8%)
     161.2 MB / 168.3 MB ( 95.8%)
     161.2 MB / 168.3 MB ( 95.8%)
     161.2 MB / 168.3 MB ( 95.8%)
     161.3 MB / 168.3 MB ( 95.8%)
     161.3 MB / 168.3 MB ( 95.8%)
     161.3 MB / 168.3 MB ( 95.8%)
     161.3 MB / 168.3 MB ( 95.8%)
     161.3 MB / 168.3 MB ( 95.8%)
     161.3 MB / 168.3 MB ( 95.8%)
     161.3 MB / 168.3 MB ( 95.9%)
     161.3 MB / 168.3 MB ( 95.9%)
     161.3 MB / 168.3 MB ( 95.9%)
     161.3 MB / 168.3 MB ( 95.9%)
     161.3 MB / 168.3 MB ( 95.9%)
     161.3 MB / 168.3 MB ( 95.9%)
     161.3 MB / 168.3 MB ( 95.9%)
     161.4 MB / 168.3 MB ( 95.9%)
     161.4 MB / 168.3 MB ( 95.9%)
     161.4 MB / 168.3 MB ( 95.9%)
     161.4 MB / 168.3 MB ( 95.9%)
     161.4 MB / 168.3 MB ( 95.9%)
     161.4 MB / 168.3 MB ( 95.9%)
     161.4 MB / 168.3 MB ( 95.9%)
     161.4 MB / 168.3 MB ( 95.9%)
     161.4 MB / 168.3 MB ( 95.9%)
     161.4 MB / 168.3 MB ( 95.9%)
     161.4 MB / 168.3 MB ( 95.9%)
     161.4 MB / 168.3 MB ( 95.9%)
     161.5 MB / 168.3 MB ( 95.9%)
     161.5 MB / 168.3 MB ( 95.9%)
     161.5 MB / 168.3 MB ( 96.0%)
     161.5 MB / 168.3 MB ( 96.0%)
     161.5 MB / 168.3 MB ( 96.0%)
     161.5 MB / 168.3 MB ( 96.0%)
     161.5 MB / 168.3 MB ( 96.0%)
     161.5 MB / 168.3 MB ( 96.0%)
     161.5 MB / 168.3 MB ( 96.0%)
     161.5 MB / 168.3 MB ( 96.0%)
     161.5 MB / 168.3 MB ( 96.0%)
     161.5 MB / 168.3 MB ( 96.0%)
     161.6 MB / 168.3 MB ( 96.0%)
     161.6 MB / 168.3 MB ( 96.0%)
     161.6 MB / 168.3 MB ( 96.0%)
     161.6 MB / 168.3 MB ( 96.0%)
     161.6 MB / 168.3 MB ( 96.0%)
     161.6 MB / 168.3 MB ( 96.0%)
     161.6 MB / 168.3 MB ( 96.0%)
     161.6 MB / 168.3 MB ( 96.0%)
     161.6 MB / 168.3 MB ( 96.0%)
     161.6 MB / 168.3 MB ( 96.0%)
     161.6 MB / 168.3 MB ( 96.1%)
     161.6 MB / 168.3 MB ( 96.1%)
     161.7 MB / 168.3 MB ( 96.1%)
     161.7 MB / 168.3 MB ( 96.1%)
     161.7 MB / 168.3 MB ( 96.1%)
     161.7 MB / 168.3 MB ( 96.1%)
     161.7 MB / 168.3 MB ( 96.1%)
     161.7 MB / 168.3 MB ( 96.1%)
     161.7 MB / 168.3 MB ( 96.1%)
     161.7 MB / 168.3 MB ( 96.1%)
     161.7 MB / 168.3 MB ( 96.1%)
     161.7 MB / 168.3 MB ( 96.1%)
     161.7 MB / 168.3 MB ( 96.1%)
     161.7 MB / 168.3 MB ( 96.1%)
     161.8 MB / 168.3 MB ( 96.1%)
     161.8 MB / 168.3 MB ( 96.1%)
     161.8 MB / 168.3 MB ( 96.1%)
     161.8 MB / 168.3 MB ( 96.1%)
     161.8 MB / 168.3 MB ( 96.1%)
     161.8 MB / 168.3 MB ( 96.1%)
     161.8 MB / 168.3 MB ( 96.1%)
     161.8 MB / 168.3 MB ( 96.2%)
     161.8 MB / 168.3 MB ( 96.2%)
     161.8 MB / 168.3 MB ( 96.2%)
     161.8 MB / 168.3 MB ( 96.2%)
     161.8 MB / 168.3 MB ( 96.2%)
     161.8 MB / 168.3 MB ( 96.2%)
     161.9 MB / 168.3 MB ( 96.2%)
     161.9 MB / 168.3 MB ( 96.2%)
     161.9 MB / 168.3 MB ( 96.2%)
     161.9 MB / 168.3 MB ( 96.2%)
     161.9 MB / 168.3 MB ( 96.2%)
     161.9 MB / 168.3 MB ( 96.2%)
     161.9 MB / 168.3 MB ( 96.2%)
     161.9 MB / 168.3 MB ( 96.2%)
     161.9 MB / 168.3 MB ( 96.2%)
     161.9 MB / 168.3 MB ( 96.2%)
     161.9 MB / 168.3 MB ( 96.2%)
     161.9 MB / 168.3 MB ( 96.2%)
     162.0 MB / 168.3 MB ( 96.2%)
     162.0 MB / 168.3 MB ( 96.2%)
     162.0 MB / 168.3 MB ( 96.3%)
     162.0 MB / 168.3 MB ( 96.3%)
     162.0 MB / 168.3 MB ( 96.3%)
     162.0 MB / 168.3 MB ( 96.3%)
     162.0 MB / 168.3 MB ( 96.3%)
     162.0 MB / 168.3 MB ( 96.3%)
     162.0 MB / 168.3 MB ( 96.3%)
     162.0 MB / 168.3 MB ( 96.3%)
     162.0 MB / 168.3 MB ( 96.3%)
     162.0 MB / 168.3 MB ( 96.3%)
     162.1 MB / 168.3 MB ( 96.3%)
     162.1 MB / 168.3 MB ( 96.3%)
     162.1 MB / 168.3 MB ( 96.3%)
     162.1 MB / 168.3 MB ( 96.3%)
     162.1 MB / 168.3 MB ( 96.3%)
     162.1 MB / 168.3 MB ( 96.3%)
     162.1 MB / 168.3 MB ( 96.3%)
     162.1 MB / 168.3 MB ( 96.3%)
     162.1 MB / 168.3 MB ( 96.3%)
     162.1 MB / 168.3 MB ( 96.3%)
     162.1 MB / 168.3 MB ( 96.3%)
     162.1 MB / 168.3 MB ( 96.4%)
     162.2 MB / 168.3 MB ( 96.4%)
     162.2 MB / 168.3 MB ( 96.4%)
     162.2 MB / 168.3 MB ( 96.4%)
     162.2 MB / 168.3 MB ( 96.4%)
     162.2 MB / 168.3 MB ( 96.4%)
     162.2 MB / 168.3 MB ( 96.4%)
     162.2 MB / 168.3 MB ( 96.4%)
     162.2 MB / 168.3 MB ( 96.4%)
     162.2 MB / 168.3 MB ( 96.4%)
     162.2 MB / 168.3 MB ( 96.4%)
     162.2 MB / 168.3 MB ( 96.4%)
     162.2 MB / 168.3 MB ( 96.4%)
     162.3 MB / 168.3 MB ( 96.4%)
     162.3 MB / 168.3 MB ( 96.4%)
     162.3 MB / 168.3 MB ( 96.4%)
     162.3 MB / 168.3 MB ( 96.4%)
     162.3 MB / 168.3 MB ( 96.4%)
     162.3 MB / 168.3 MB ( 96.4%)
     162.3 MB / 168.3 MB ( 96.4%)
     162.3 MB / 168.3 MB ( 96.5%)
     162.3 MB / 168.3 MB ( 96.5%)
     162.3 MB / 168.3 MB ( 96.5%)
     162.3 MB / 168.3 MB ( 96.5%)
     162.3 MB / 168.3 MB ( 96.5%)
     162.3 MB / 168.3 MB ( 96.5%)
     162.4 MB / 168.3 MB ( 96.5%)
     162.4 MB / 168.3 MB ( 96.5%)
     162.4 MB / 168.3 MB ( 96.5%)
     162.4 MB / 168.3 MB ( 96.5%)
     162.4 MB / 168.3 MB ( 96.5%)
     162.4 MB / 168.3 MB ( 96.5%)
     162.4 MB / 168.3 MB ( 96.5%)
     162.4 MB / 168.3 MB ( 96.5%)
     162.4 MB / 168.3 MB ( 96.5%)
     162.4 MB / 168.3 MB ( 96.5%)
     162.4 MB / 168.3 MB ( 96.5%)
     162.4 MB / 168.3 MB ( 96.5%)
     162.5 MB / 168.3 MB ( 96.5%)
     162.5 MB / 168.3 MB ( 96.5%)
     162.5 MB / 168.3 MB ( 96.5%)
     162.5 MB / 168.3 MB ( 96.6%)
     162.5 MB / 168.3 MB ( 96.6%)
     162.5 MB / 168.3 MB ( 96.6%)
     162.5 MB / 168.3 MB ( 96.6%)
     162.5 MB / 168.3 MB ( 96.6%)
     162.5 MB / 168.3 MB ( 96.6%)
     162.5 MB / 168.3 MB ( 96.6%)
     162.5 MB / 168.3 MB ( 96.6%)
     162.5 MB / 168.3 MB ( 96.6%)
     162.6 MB / 168.3 MB ( 96.6%)
     162.6 MB / 168.3 MB ( 96.6%)
     162.6 MB / 168.3 MB ( 96.6%)
     162.6 MB / 168.3 MB ( 96.6%)
     162.6 MB / 168.3 MB ( 96.6%)
     162.6 MB / 168.3 MB ( 96.6%)
     162.6 MB / 168.3 MB ( 96.6%)
     162.6 MB / 168.3 MB ( 96.6%)
     162.6 MB / 168.3 MB ( 96.6%)
     162.6 MB / 168.3 MB ( 96.6%)
     162.6 MB / 168.3 MB ( 96.6%)
     162.6 MB / 168.3 MB ( 96.7%)
     162.7 MB / 168.3 MB ( 96.7%)
     162.7 MB / 168.3 MB ( 96.7%)
     162.7 MB / 168.3 MB ( 96.7%)
     162.7 MB / 168.3 MB ( 96.7%)
     162.7 MB / 168.3 MB ( 96.7%)
     162.7 MB / 168.3 MB ( 96.7%)
     162.7 MB / 168.3 MB ( 96.7%)
     162.7 MB / 168.3 MB ( 96.7%)
     162.7 MB / 168.3 MB ( 96.7%)
     162.7 MB / 168.3 MB ( 96.7%)
     162.7 MB / 168.3 MB ( 96.7%)
     162.7 MB / 168.3 MB ( 96.7%)
     162.8 MB / 168.3 MB ( 96.7%)
     162.8 MB / 168.3 MB ( 96.7%)
     162.8 MB / 168.3 MB ( 96.7%)
     162.8 MB / 168.3 MB ( 96.7%)
     162.8 MB / 168.3 MB ( 96.7%)
     162.8 MB / 168.3 MB ( 96.7%)
     162.8 MB / 168.3 MB ( 96.7%)
     162.8 MB / 168.3 MB ( 96.7%)
     162.8 MB / 168.3 MB ( 96.8%)
     162.8 MB / 168.3 MB ( 96.8%)
     162.8 MB / 168.3 MB ( 96.8%)
     162.8 MB / 168.3 MB ( 96.8%)
     162.8 MB / 168.3 MB ( 96.8%)
     162.9 MB / 168.3 MB ( 96.8%)
     162.9 MB / 168.3 MB ( 96.8%)
     162.9 MB / 168.3 MB ( 96.8%)
     162.9 MB / 168.3 MB ( 96.8%)
     162.9 MB / 168.3 MB ( 96.8%)
     162.9 MB / 168.3 MB ( 96.8%)
     162.9 MB / 168.3 MB ( 96.8%)
     162.9 MB / 168.3 MB ( 96.8%)
     162.9 MB / 168.3 MB ( 96.8%)
     162.9 MB / 168.3 MB ( 96.8%)
     162.9 MB / 168.3 MB ( 96.8%)
     162.9 MB / 168.3 MB ( 96.8%)
     163.0 MB / 168.3 MB ( 96.8%)
     163.0 MB / 168.3 MB ( 96.8%)
     163.0 MB / 168.3 MB ( 96.8%)
     163.0 MB / 168.3 MB ( 96.9%)
     163.0 MB / 168.3 MB ( 96.9%)
     163.0 MB / 168.3 MB ( 96.9%)
     163.0 MB / 168.3 MB ( 96.9%)
     163.0 MB / 168.3 MB ( 96.9%)
     163.0 MB / 168.3 MB ( 96.9%)
     163.0 MB / 168.3 MB ( 96.9%)
     163.0 MB / 168.3 MB ( 96.9%)
     163.0 MB / 168.3 MB ( 96.9%)
     163.1 MB / 168.3 MB ( 96.9%)
     163.1 MB / 168.3 MB ( 96.9%)
     163.1 MB / 168.3 MB ( 96.9%)
     163.1 MB / 168.3 MB ( 96.9%)
     163.1 MB / 168.3 MB ( 96.9%)
     163.1 MB / 168.3 MB ( 96.9%)
     163.1 MB / 168.3 MB ( 96.9%)
     163.1 MB / 168.3 MB ( 96.9%)
     163.1 MB / 168.3 MB ( 96.9%)
     163.1 MB / 168.3 MB ( 96.9%)
     163.1 MB / 168.3 MB ( 96.9%)
     163.1 MB / 168.3 MB ( 96.9%)
     163.2 MB / 168.3 MB ( 97.0%)
     163.2 MB / 168.3 MB ( 97.0%)
     163.2 MB / 168.3 MB ( 97.0%)
     163.2 MB / 168.3 MB ( 97.0%)
     163.2 MB / 168.3 MB ( 97.0%)
     163.2 MB / 168.3 MB ( 97.0%)
     163.2 MB / 168.3 MB ( 97.0%)
     163.2 MB / 168.3 MB ( 97.0%)
     163.2 MB / 168.3 MB ( 97.0%)
     163.2 MB / 168.3 MB ( 97.0%)
     163.2 MB / 168.3 MB ( 97.0%)
     163.2 MB / 168.3 MB ( 97.0%)
     163.3 MB / 168.3 MB ( 97.0%)
     163.3 MB / 168.3 MB ( 97.0%)
     163.3 MB / 168.3 MB ( 97.0%)
     163.3 MB / 168.3 MB ( 97.0%)
     163.3 MB / 168.3 MB ( 97.0%)
     163.3 MB / 168.3 MB ( 97.0%)
     163.3 MB / 168.3 MB ( 97.0%)
     163.3 MB / 168.3 MB ( 97.0%)
     163.3 MB / 168.3 MB ( 97.0%)
     163.3 MB / 168.3 MB ( 97.1%)
     163.3 MB / 168.3 MB ( 97.1%)
     163.3 MB / 168.3 MB ( 97.1%)
     163.3 MB / 168.3 MB ( 97.1%)
     163.4 MB / 168.3 MB ( 97.1%)
     163.4 MB / 168.3 MB ( 97.1%)
     163.4 MB / 168.3 MB ( 97.1%)
     163.4 MB / 168.3 MB ( 97.1%)
     163.4 MB / 168.3 MB ( 97.1%)
     163.4 MB / 168.3 MB ( 97.1%)
     163.4 MB / 168.3 MB ( 97.1%)
     163.4 MB / 168.3 MB ( 97.1%)
     163.4 MB / 168.3 MB ( 97.1%)
     163.4 MB / 168.3 MB ( 97.1%)
     163.4 MB / 168.3 MB ( 97.1%)
     163.4 MB / 168.3 MB ( 97.1%)
     163.5 MB / 168.3 MB ( 97.1%)
     163.5 MB / 168.3 MB ( 97.1%)
     163.5 MB / 168.3 MB ( 97.1%)
     163.5 MB / 168.3 MB ( 97.1%)
     163.5 MB / 168.3 MB ( 97.2%)
     163.5 MB / 168.3 MB ( 97.2%)
     163.5 MB / 168.3 MB ( 97.2%)
     163.5 MB / 168.3 MB ( 97.2%)
     163.5 MB / 168.3 MB ( 97.2%)
     163.5 MB / 168.3 MB ( 97.2%)
     163.5 MB / 168.3 MB ( 97.2%)
     163.5 MB / 168.3 MB ( 97.2%)
     163.6 MB / 168.3 MB ( 97.2%)
     163.6 MB / 168.3 MB ( 97.2%)
     163.6 MB / 168.3 MB ( 97.2%)
     163.6 MB / 168.3 MB ( 97.2%)
     163.6 MB / 168.3 MB ( 97.2%)
     163.6 MB / 168.3 MB ( 97.2%)
     163.6 MB / 168.3 MB ( 97.2%)
     163.6 MB / 168.3 MB ( 97.2%)
     163.6 MB / 168.3 MB ( 97.2%)
     163.6 MB / 168.3 MB ( 97.2%)
     163.6 MB / 168.3 MB ( 97.2%)
     163.6 MB / 168.3 MB ( 97.2%)
     163.7 MB / 168.3 MB ( 97.2%)
     163.7 MB / 168.3 MB ( 97.3%)
     163.7 MB / 168.3 MB ( 97.3%)
     163.7 MB / 168.3 MB ( 97.3%)
     163.7 MB / 168.3 MB ( 97.3%)
     163.7 MB / 168.3 MB ( 97.3%)
     163.7 MB / 168.3 MB ( 97.3%)
     163.7 MB / 168.3 MB ( 97.3%)
     163.7 MB / 168.3 MB ( 97.3%)
     163.7 MB / 168.3 MB ( 97.3%)
     163.7 MB / 168.3 MB ( 97.3%)
     163.7 MB / 168.3 MB ( 97.3%)
     163.7 MB / 168.3 MB ( 97.3%)
     163.8 MB / 168.3 MB ( 97.3%)
     163.8 MB / 168.3 MB ( 97.3%)
     163.8 MB / 168.3 MB ( 97.3%)
     163.8 MB / 168.3 MB ( 97.3%)
     163.8 MB / 168.3 MB ( 97.3%)
     163.8 MB / 168.3 MB ( 97.3%)
     163.8 MB / 168.3 MB ( 97.3%)
     163.8 MB / 168.3 MB ( 97.3%)
     163.8 MB / 168.3 MB ( 97.4%)
     163.8 MB / 168.3 MB ( 97.4%)
     163.8 MB / 168.3 MB ( 97.4%)
     163.8 MB / 168.3 MB ( 97.4%)
     163.9 MB / 168.3 MB ( 97.4%)
     163.9 MB / 168.3 MB ( 97.4%)
     163.9 MB / 168.3 MB ( 97.4%)
     163.9 MB / 168.3 MB ( 97.4%)
     163.9 MB / 168.3 MB ( 97.4%)
     163.9 MB / 168.3 MB ( 97.4%)
     163.9 MB / 168.3 MB ( 97.4%)
     163.9 MB / 168.3 MB ( 97.4%)
     163.9 MB / 168.3 MB ( 97.4%)
     163.9 MB / 168.3 MB ( 97.4%)
     163.9 MB / 168.3 MB ( 97.4%)
     163.9 MB / 168.3 MB ( 97.4%)
     164.0 MB / 168.3 MB ( 97.4%)
     164.0 MB / 168.3 MB ( 97.4%)
     164.0 MB / 168.3 MB ( 97.4%)
     164.0 MB / 168.3 MB ( 97.4%)
     164.0 MB / 168.3 MB ( 97.4%)
     164.0 MB / 168.3 MB ( 97.5%)
     164.0 MB / 168.3 MB ( 97.5%)
     164.0 MB / 168.3 MB ( 97.5%)
     164.0 MB / 168.3 MB ( 97.5%)
     164.0 MB / 168.3 MB ( 97.5%)
     164.0 MB / 168.3 MB ( 97.5%)
     164.0 MB / 168.3 MB ( 97.5%)
     164.1 MB / 168.3 MB ( 97.5%)
     164.1 MB / 168.3 MB ( 97.5%)
     164.1 MB / 168.3 MB ( 97.5%)
     164.1 MB / 168.3 MB ( 97.5%)
     164.1 MB / 168.3 MB ( 97.5%)
     164.1 MB / 168.3 MB ( 97.5%)
     164.1 MB / 168.3 MB ( 97.5%)
     164.1 MB / 168.3 MB ( 97.5%)
     164.1 MB / 168.3 MB ( 97.5%)
     164.1 MB / 168.3 MB ( 97.5%)
     164.1 MB / 168.3 MB ( 97.5%)
     164.1 MB / 168.3 MB ( 97.5%)
     164.2 MB / 168.3 MB ( 97.5%)
     164.2 MB / 168.3 MB ( 97.6%)
     164.2 MB / 168.3 MB ( 97.6%)
     164.2 MB / 168.3 MB ( 97.6%)
     164.2 MB / 168.3 MB ( 97.6%)
     164.2 MB / 168.3 MB ( 97.6%)
     164.2 MB / 168.3 MB ( 97.6%)
     164.2 MB / 168.3 MB ( 97.6%)
     164.2 MB / 168.3 MB ( 97.6%)
     164.2 MB / 168.3 MB ( 97.6%)
     164.2 MB / 168.3 MB ( 97.6%)
     164.2 MB / 168.3 MB ( 97.6%)
     164.2 MB / 168.3 MB ( 97.6%)
     164.3 MB / 168.3 MB ( 97.6%)
     164.3 MB / 168.3 MB ( 97.6%)
     164.3 MB / 168.3 MB ( 97.6%)
     164.3 MB / 168.3 MB ( 97.6%)
     164.3 MB / 168.3 MB ( 97.6%)
     164.3 MB / 168.3 MB ( 97.6%)
     164.3 MB / 168.3 MB ( 97.6%)
     164.3 MB / 168.3 MB ( 97.6%)
     164.3 MB / 168.3 MB ( 97.6%)
     164.3 MB / 168.3 MB ( 97.7%)
     164.3 MB / 168.3 MB ( 97.7%)
     164.3 MB / 168.3 MB ( 97.7%)
     164.4 MB / 168.3 MB ( 97.7%)
     164.4 MB / 168.3 MB ( 97.7%)
     164.4 MB / 168.3 MB ( 97.7%)
     164.4 MB / 168.3 MB ( 97.7%)
     164.4 MB / 168.3 MB ( 97.7%)
     164.4 MB / 168.3 MB ( 97.7%)
     164.4 MB / 168.3 MB ( 97.7%)
     164.4 MB / 168.3 MB ( 97.7%)
     164.4 MB / 168.3 MB ( 97.7%)
     164.4 MB / 168.3 MB ( 97.7%)
     164.4 MB / 168.3 MB ( 97.7%)
     164.4 MB / 168.3 MB ( 97.7%)
     164.5 MB / 168.3 MB ( 97.7%)
     164.5 MB / 168.3 MB ( 97.7%)
     164.5 MB / 168.3 MB ( 97.7%)
     164.5 MB / 168.3 MB ( 97.7%)
     164.5 MB / 168.3 MB ( 97.7%)
     164.5 MB / 168.3 MB ( 97.8%)
     164.5 MB / 168.3 MB ( 97.8%)
     164.5 MB / 168.3 MB ( 97.8%)
     164.5 MB / 168.3 MB ( 97.8%)
     164.5 MB / 168.3 MB ( 97.8%)
     164.5 MB / 168.3 MB ( 97.8%)
     164.5 MB / 168.3 MB ( 97.8%)
     164.6 MB / 168.3 MB ( 97.8%)
     164.6 MB / 168.3 MB ( 97.8%)
     164.6 MB / 168.3 MB ( 97.8%)
     164.6 MB / 168.3 MB ( 97.8%)
     164.6 MB / 168.3 MB ( 97.8%)
     164.6 MB / 168.3 MB ( 97.8%)
     164.6 MB / 168.3 MB ( 97.8%)
     164.6 MB / 168.3 MB ( 97.8%)
     164.6 MB / 168.3 MB ( 97.8%)
     164.6 MB / 168.3 MB ( 97.8%)
     164.6 MB / 168.3 MB ( 97.8%)
     164.6 MB / 168.3 MB ( 97.8%)
     164.7 MB / 168.3 MB ( 97.8%)
     164.7 MB / 168.3 MB ( 97.8%)
     164.7 MB / 168.3 MB ( 97.9%)
     164.7 MB / 168.3 MB ( 97.9%)
     164.7 MB / 168.3 MB ( 97.9%)
     164.7 MB / 168.3 MB ( 97.9%)
     164.7 MB / 168.3 MB ( 97.9%)
     164.7 MB / 168.3 MB ( 97.9%)
     164.7 MB / 168.3 MB ( 97.9%)
     164.7 MB / 168.3 MB ( 97.9%)
     164.7 MB / 168.3 MB ( 97.9%)
     164.7 MB / 168.3 MB ( 97.9%)
     164.7 MB / 168.3 MB ( 97.9%)
     164.8 MB / 168.3 MB ( 97.9%)
     164.8 MB / 168.3 MB ( 97.9%)
     164.8 MB / 168.3 MB ( 97.9%)
     164.8 MB / 168.3 MB ( 97.9%)
     164.8 MB / 168.3 MB ( 97.9%)
     164.8 MB / 168.3 MB ( 97.9%)
     164.8 MB / 168.3 MB ( 97.9%)
     164.8 MB / 168.3 MB ( 97.9%)
     164.8 MB / 168.3 MB ( 97.9%)
     164.8 MB / 168.3 MB ( 98.0%)
     164.8 MB / 168.3 MB ( 98.0%)
     164.8 MB / 168.3 MB ( 98.0%)
     164.9 MB / 168.3 MB ( 98.0%)
     164.9 MB / 168.3 MB ( 98.0%)
     164.9 MB / 168.3 MB ( 98.0%)
     164.9 MB / 168.3 MB ( 98.0%)
     164.9 MB / 168.3 MB ( 98.0%)
     164.9 MB / 168.3 MB ( 98.0%)
     164.9 MB / 168.3 MB ( 98.0%)
     164.9 MB / 168.3 MB ( 98.0%)
     164.9 MB / 168.3 MB ( 98.0%)
     164.9 MB / 168.3 MB ( 98.0%)
     164.9 MB / 168.3 MB ( 98.0%)
     164.9 MB / 168.3 MB ( 98.0%)
     165.0 MB / 168.3 MB ( 98.0%)
     165.0 MB / 168.3 MB ( 98.0%)
     165.0 MB / 168.3 MB ( 98.0%)
     165.0 MB / 168.3 MB ( 98.0%)
     165.0 MB / 168.3 MB ( 98.0%)
     165.0 MB / 168.3 MB ( 98.0%)
     165.0 MB / 168.3 MB ( 98.1%)
     165.0 MB / 168.3 MB ( 98.1%)
     165.0 MB / 168.3 MB ( 98.1%)
     165.0 MB / 168.3 MB ( 98.1%)
     165.0 MB / 168.3 MB ( 98.1%)
     165.0 MB / 168.3 MB ( 98.1%)
     165.1 MB / 168.3 MB ( 98.1%)
     165.1 MB / 168.3 MB ( 98.1%)
     165.1 MB / 168.3 MB ( 98.1%)
     165.1 MB / 168.3 MB ( 98.1%)
     165.1 MB / 168.3 MB ( 98.1%)
     165.1 MB / 168.3 MB ( 98.1%)
     165.1 MB / 168.3 MB ( 98.1%)
     165.1 MB / 168.3 MB ( 98.1%)
     165.1 MB / 168.3 MB ( 98.1%)
     165.1 MB / 168.3 MB ( 98.1%)
     165.1 MB / 168.3 MB ( 98.1%)
     165.1 MB / 168.3 MB ( 98.1%)
     165.2 MB / 168.3 MB ( 98.1%)
     165.2 MB / 168.3 MB ( 98.1%)
     165.2 MB / 168.3 MB ( 98.1%)
     165.2 MB / 168.3 MB ( 98.2%)
     165.2 MB / 168.3 MB ( 98.2%)
     165.2 MB / 168.3 MB ( 98.2%)
     165.2 MB / 168.3 MB ( 98.2%)
     165.2 MB / 168.3 MB ( 98.2%)
     165.2 MB / 168.3 MB ( 98.2%)
     165.2 MB / 168.3 MB ( 98.2%)
     165.2 MB / 168.3 MB ( 98.2%)
     165.2 MB / 168.3 MB ( 98.2%)
     165.2 MB / 168.3 MB ( 98.2%)
     165.3 MB / 168.3 MB ( 98.2%)
     165.3 MB / 168.3 MB ( 98.2%)
     165.3 MB / 168.3 MB ( 98.2%)
     165.3 MB / 168.3 MB ( 98.2%)
     165.3 MB / 168.3 MB ( 98.2%)
     165.3 MB / 168.3 MB ( 98.2%)
     165.3 MB / 168.3 MB ( 98.2%)
     165.3 MB / 168.3 MB ( 98.2%)
     165.3 MB / 168.3 MB ( 98.2%)
     165.3 MB / 168.3 MB ( 98.2%)
     165.3 MB / 168.3 MB ( 98.3%)
     165.3 MB / 168.3 MB ( 98.3%)
     165.4 MB / 168.3 MB ( 98.3%)
     165.4 MB / 168.3 MB ( 98.3%)
     165.4 MB / 168.3 MB ( 98.3%)
     165.4 MB / 168.3 MB ( 98.3%)
     165.4 MB / 168.3 MB ( 98.3%)
     165.4 MB / 168.3 MB ( 98.3%)
     165.4 MB / 168.3 MB ( 98.3%)
     165.4 MB / 168.3 MB ( 98.3%)
     165.4 MB / 168.3 MB ( 98.3%)
     165.4 MB / 168.3 MB ( 98.3%)
     165.4 MB / 168.3 MB ( 98.3%)
     165.4 MB / 168.3 MB ( 98.3%)
     165.5 MB / 168.3 MB ( 98.3%)
     165.5 MB / 168.3 MB ( 98.3%)
     165.5 MB / 168.3 MB ( 98.3%)
     165.5 MB / 168.3 MB ( 98.3%)
     165.5 MB / 168.3 MB ( 98.3%)
     165.5 MB / 168.3 MB ( 98.3%)
     165.5 MB / 168.3 MB ( 98.3%)
     165.5 MB / 168.3 MB ( 98.4%)
     165.5 MB / 168.3 MB ( 98.4%)
     165.5 MB / 168.3 MB ( 98.4%)
     165.5 MB / 168.3 MB ( 98.4%)
     165.5 MB / 168.3 MB ( 98.4%)
     165.6 MB / 168.3 MB ( 98.4%)
     165.6 MB / 168.3 MB ( 98.4%)
     165.6 MB / 168.3 MB ( 98.4%)
     165.6 MB / 168.3 MB ( 98.4%)
     165.6 MB / 168.3 MB ( 98.4%)
     165.6 MB / 168.3 MB ( 98.4%)
     165.6 MB / 168.3 MB ( 98.4%)
     165.6 MB / 168.3 MB ( 98.4%)
     165.6 MB / 168.3 MB ( 98.4%)
     165.6 MB / 168.3 MB ( 98.4%)
     165.6 MB / 168.3 MB ( 98.4%)
     165.6 MB / 168.3 MB ( 98.4%)
     165.7 MB / 168.3 MB ( 98.4%)
     165.7 MB / 168.3 MB ( 98.4%)
     165.7 MB / 168.3 MB ( 98.4%)
     165.7 MB / 168.3 MB ( 98.5%)
     165.7 MB / 168.3 MB ( 98.5%)
     165.7 MB / 168.3 MB ( 98.5%)
     165.7 MB / 168.3 MB ( 98.5%)
     165.7 MB / 168.3 MB ( 98.5%)
     165.7 MB / 168.3 MB ( 98.5%)
     165.7 MB / 168.3 MB ( 98.5%)
     165.7 MB / 168.3 MB ( 98.5%)
     165.7 MB / 168.3 MB ( 98.5%)
     165.7 MB / 168.3 MB ( 98.5%)
     165.8 MB / 168.3 MB ( 98.5%)
     165.8 MB / 168.3 MB ( 98.5%)
     165.8 MB / 168.3 MB ( 98.5%)
     165.8 MB / 168.3 MB ( 98.5%)
     165.8 MB / 168.3 MB ( 98.5%)
     165.8 MB / 168.3 MB ( 98.5%)
     165.8 MB / 168.3 MB ( 98.5%)
     165.8 MB / 168.3 MB ( 98.5%)
     165.8 MB / 168.3 MB ( 98.5%)
     165.8 MB / 168.3 MB ( 98.5%)
     165.8 MB / 168.3 MB ( 98.5%)
     165.8 MB / 168.3 MB ( 98.6%)
     165.9 MB / 168.3 MB ( 98.6%)
     165.9 MB / 168.3 MB ( 98.6%)
     165.9 MB / 168.3 MB ( 98.6%)
     165.9 MB / 168.3 MB ( 98.6%)
     165.9 MB / 168.3 MB ( 98.6%)
     165.9 MB / 168.3 MB ( 98.6%)
     165.9 MB / 168.3 MB ( 98.6%)
     165.9 MB / 168.3 MB ( 98.6%)
     165.9 MB / 168.3 MB ( 98.6%)
     165.9 MB / 168.3 MB ( 98.6%)
     165.9 MB / 168.3 MB ( 98.6%)
     165.9 MB / 168.3 MB ( 98.6%)
     166.0 MB / 168.3 MB ( 98.6%)
     166.0 MB / 168.3 MB ( 98.6%)
     166.0 MB / 168.3 MB ( 98.6%)
     166.0 MB / 168.3 MB ( 98.6%)
     166.0 MB / 168.3 MB ( 98.6%)
     166.0 MB / 168.3 MB ( 98.6%)
     166.0 MB / 168.3 MB ( 98.6%)
     166.0 MB / 168.3 MB ( 98.7%)
     166.0 MB / 168.3 MB ( 98.7%)
     166.0 MB / 168.3 MB ( 98.7%)
     166.0 MB / 168.3 MB ( 98.7%)
     166.0 MB / 168.3 MB ( 98.7%)
     166.1 MB / 168.3 MB ( 98.7%)
     166.1 MB / 168.3 MB ( 98.7%)
     166.1 MB / 168.3 MB ( 98.7%)
     166.1 MB / 168.3 MB ( 98.7%)
     166.1 MB / 168.3 MB ( 98.7%)
     166.1 MB / 168.3 MB ( 98.7%)
     166.1 MB / 168.3 MB ( 98.7%)
     166.1 MB / 168.3 MB ( 98.7%)
     166.1 MB / 168.3 MB ( 98.7%)
     166.1 MB / 168.3 MB ( 98.7%)
     166.1 MB / 168.3 MB ( 98.7%)
     166.1 MB / 168.3 MB ( 98.7%)
     166.2 MB / 168.3 MB ( 98.7%)
     166.2 MB / 168.3 MB ( 98.7%)
     166.2 MB / 168.3 MB ( 98.7%)
     166.2 MB / 168.3 MB ( 98.7%)
     166.2 MB / 168.3 MB ( 98.8%)
     166.2 MB / 168.3 MB ( 98.8%)
     166.2 MB / 168.3 MB ( 98.8%)
     166.2 MB / 168.3 MB ( 98.8%)
     166.2 MB / 168.3 MB ( 98.8%)
     166.2 MB / 168.3 MB ( 98.8%)
     166.2 MB / 168.3 MB ( 98.8%)
     166.2 MB / 168.3 MB ( 98.8%)
     166.2 MB / 168.3 MB ( 98.8%)
     166.3 MB / 168.3 MB ( 98.8%)
     166.3 MB / 168.3 MB ( 98.8%)
     166.3 MB / 168.3 MB ( 98.8%)
     166.3 MB / 168.3 MB ( 98.8%)
     166.3 MB / 168.3 MB ( 98.8%)
     166.3 MB / 168.3 MB ( 98.8%)
     166.3 MB / 168.3 MB ( 98.8%)
     166.3 MB / 168.3 MB ( 98.8%)
     166.3 MB / 168.3 MB ( 98.8%)
     166.3 MB / 168.3 MB ( 98.8%)
     166.3 MB / 168.3 MB ( 98.8%)
     166.3 MB / 168.3 MB ( 98.9%)
     166.4 MB / 168.3 MB ( 98.9%)
     166.4 MB / 168.3 MB ( 98.9%)
     166.4 MB / 168.3 MB ( 98.9%)
     166.4 MB / 168.3 MB ( 98.9%)
     166.4 MB / 168.3 MB ( 98.9%)
     166.4 MB / 168.3 MB ( 98.9%)
     166.4 MB / 168.3 MB ( 98.9%)
     166.4 MB / 168.3 MB ( 98.9%)
     166.4 MB / 168.3 MB ( 98.9%)
     166.4 MB / 168.3 MB ( 98.9%)
     166.4 MB / 168.3 MB ( 98.9%)
     166.4 MB / 168.3 MB ( 98.9%)
     166.5 MB / 168.3 MB ( 98.9%)
     166.5 MB / 168.3 MB ( 98.9%)
     166.5 MB / 168.3 MB ( 98.9%)
     166.5 MB / 168.3 MB ( 98.9%)
     166.5 MB / 168.3 MB ( 98.9%)
     166.5 MB / 168.3 MB ( 98.9%)
     166.5 MB / 168.3 MB ( 98.9%)
     166.5 MB / 168.3 MB ( 98.9%)
     166.5 MB / 168.3 MB ( 99.0%)
     166.5 MB / 168.3 MB ( 99.0%)
     166.5 MB / 168.3 MB ( 99.0%)
     166.5 MB / 168.3 MB ( 99.0%)
     166.6 MB / 168.3 MB ( 99.0%)
     166.6 MB / 168.3 MB ( 99.0%)
     166.6 MB / 168.3 MB ( 99.0%)
     166.6 MB / 168.3 MB ( 99.0%)
     166.6 MB / 168.3 MB ( 99.0%)
     166.6 MB / 168.3 MB ( 99.0%)
     166.6 MB / 168.3 MB ( 99.0%)
     166.6 MB / 168.3 MB ( 99.0%)
     166.6 MB / 168.3 MB ( 99.0%)
     166.6 MB / 168.3 MB ( 99.0%)
     166.6 MB / 168.3 MB ( 99.0%)
     166.6 MB / 168.3 MB ( 99.0%)
     166.6 MB / 168.3 MB ( 99.0%)
     166.7 MB / 168.3 MB ( 99.0%)
     166.7 MB / 168.3 MB ( 99.0%)
     166.7 MB / 168.3 MB ( 99.0%)
     166.7 MB / 168.3 MB ( 99.1%)
     166.7 MB / 168.3 MB ( 99.1%)
     166.7 MB / 168.3 MB ( 99.1%)
     166.7 MB / 168.3 MB ( 99.1%)
     166.7 MB / 168.3 MB ( 99.1%)
     166.7 MB / 168.3 MB ( 99.1%)
     166.7 MB / 168.3 MB ( 99.1%)
     166.7 MB / 168.3 MB ( 99.1%)
     166.7 MB / 168.3 MB ( 99.1%)
     166.8 MB / 168.3 MB ( 99.1%)
     166.8 MB / 168.3 MB ( 99.1%)
     166.8 MB / 168.3 MB ( 99.1%)
     166.8 MB / 168.3 MB ( 99.1%)
     166.8 MB / 168.3 MB ( 99.1%)
     166.8 MB / 168.3 MB ( 99.1%)
     166.8 MB / 168.3 MB ( 99.1%)
     166.8 MB / 168.3 MB ( 99.1%)
     166.8 MB / 168.3 MB ( 99.1%)
     166.8 MB / 168.3 MB ( 99.1%)
     166.8 MB / 168.3 MB ( 99.1%)
     166.8 MB / 168.3 MB ( 99.1%)
     166.9 MB / 168.3 MB ( 99.2%)
     166.9 MB / 168.3 MB ( 99.2%)
     166.9 MB / 168.3 MB ( 99.2%)
     166.9 MB / 168.3 MB ( 99.2%)
     166.9 MB / 168.3 MB ( 99.2%)
     166.9 MB / 168.3 MB ( 99.2%)
     166.9 MB / 168.3 MB ( 99.2%)
     166.9 MB / 168.3 MB ( 99.2%)
     166.9 MB / 168.3 MB ( 99.2%)
     166.9 MB / 168.3 MB ( 99.2%)
     166.9 MB / 168.3 MB ( 99.2%)
     166.9 MB / 168.3 MB ( 99.2%)
     167.0 MB / 168.3 MB ( 99.2%)
     167.0 MB / 168.3 MB ( 99.2%)
     167.0 MB / 168.3 MB ( 99.2%)
     167.0 MB / 168.3 MB ( 99.2%)
     167.0 MB / 168.3 MB ( 99.2%)
     167.0 MB / 168.3 MB ( 99.2%)
     167.0 MB / 168.3 MB ( 99.2%)
     167.0 MB / 168.3 MB ( 99.2%)
     167.0 MB / 168.3 MB ( 99.3%)
     167.0 MB / 168.3 MB ( 99.3%)
     167.0 MB / 168.3 MB ( 99.3%)
     167.0 MB / 168.3 MB ( 99.3%)
     167.1 MB / 168.3 MB ( 99.3%)
     167.1 MB / 168.3 MB ( 99.3%)
     167.1 MB / 168.3 MB ( 99.3%)
     167.1 MB / 168.3 MB ( 99.3%)
     167.1 MB / 168.3 MB ( 99.3%)
     167.1 MB / 168.3 MB ( 99.3%)
     167.1 MB / 168.3 MB ( 99.3%)
     167.1 MB / 168.3 MB ( 99.3%)
     167.1 MB / 168.3 MB ( 99.3%)
     167.1 MB / 168.3 MB ( 99.3%)
     167.1 MB / 168.3 MB ( 99.3%)
     167.1 MB / 168.3 MB ( 99.3%)
     167.1 MB / 168.3 MB ( 99.3%)
     167.2 MB / 168.3 MB ( 99.3%)
     167.2 MB / 168.3 MB ( 99.3%)
     167.2 MB / 168.3 MB ( 99.3%)
     167.2 MB / 168.3 MB ( 99.3%)
     167.2 MB / 168.3 MB ( 99.4%)
     167.2 MB / 168.3 MB ( 99.4%)
     167.2 MB / 168.3 MB ( 99.4%)
     167.2 MB / 168.3 MB ( 99.4%)
     167.2 MB / 168.3 MB ( 99.4%)
     167.2 MB / 168.3 MB ( 99.4%)
     167.2 MB / 168.3 MB ( 99.4%)
     167.2 MB / 168.3 MB ( 99.4%)
     167.3 MB / 168.3 MB ( 99.4%)
     167.3 MB / 168.3 MB ( 99.4%)
     167.3 MB / 168.3 MB ( 99.4%)
     167.3 MB / 168.3 MB ( 99.4%)
     167.3 MB / 168.3 MB ( 99.4%)
     167.3 MB / 168.3 MB ( 99.4%)
     167.3 MB / 168.3 MB ( 99.4%)
     167.3 MB / 168.3 MB ( 99.4%)
     167.3 MB / 168.3 MB ( 99.4%)
     167.3 MB / 168.3 MB ( 99.4%)
     167.3 MB / 168.3 MB ( 99.4%)
     167.3 MB / 168.3 MB ( 99.4%)
     167.4 MB / 168.3 MB ( 99.4%)
     167.4 MB / 168.3 MB ( 99.5%)
     167.4 MB / 168.3 MB ( 99.5%)
     167.4 MB / 168.3 MB ( 99.5%)
     167.4 MB / 168.3 MB ( 99.5%)
     167.4 MB / 168.3 MB ( 99.5%)
     167.4 MB / 168.3 MB ( 99.5%)
     167.4 MB / 168.3 MB ( 99.5%)
     167.4 MB / 168.3 MB ( 99.5%)
     167.4 MB / 168.3 MB ( 99.5%)
     167.4 MB / 168.3 MB ( 99.5%)
     167.4 MB / 168.3 MB ( 99.5%)
     167.5 MB / 168.3 MB ( 99.5%)
     167.5 MB / 168.3 MB ( 99.5%)
     167.5 MB / 168.3 MB ( 99.5%)
     167.5 MB / 168.3 MB ( 99.5%)
     167.5 MB / 168.3 MB ( 99.5%)
     167.5 MB / 168.3 MB ( 99.5%)
     167.5 MB / 168.3 MB ( 99.5%)
     167.5 MB / 168.3 MB ( 99.5%)
     167.5 MB / 168.3 MB ( 99.5%)
     167.5 MB / 168.3 MB ( 99.6%)
     167.5 MB / 168.3 MB ( 99.6%)
     167.5 MB / 168.3 MB ( 99.6%)
     167.6 MB / 168.3 MB ( 99.6%)
     167.6 MB / 168.3 MB ( 99.6%)
     167.6 MB / 168.3 MB ( 99.6%)
     167.6 MB / 168.3 MB ( 99.6%)
     167.6 MB / 168.3 MB ( 99.6%)
     167.6 MB / 168.3 MB ( 99.6%)
     167.6 MB / 168.3 MB ( 99.6%)
     167.6 MB / 168.3 MB ( 99.6%)
     167.6 MB / 168.3 MB ( 99.6%)
     167.6 MB / 168.3 MB ( 99.6%)
     167.6 MB / 168.3 MB ( 99.6%)
     167.6 MB / 168.3 MB ( 99.6%)
     167.6 MB / 168.3 MB ( 99.6%)
     167.7 MB / 168.3 MB ( 99.6%)
     167.7 MB / 168.3 MB ( 99.6%)
     167.7 MB / 168.3 MB ( 99.6%)
     167.7 MB / 168.3 MB ( 99.6%)
     167.7 MB / 168.3 MB ( 99.6%)
     167.7 MB / 168.3 MB ( 99.7%)
     167.7 MB / 168.3 MB ( 99.7%)
     167.7 MB / 168.3 MB ( 99.7%)
     167.7 MB / 168.3 MB ( 99.7%)
     167.7 MB / 168.3 MB ( 99.7%)
     167.7 MB / 168.3 MB ( 99.7%)
     167.7 MB / 168.3 MB ( 99.7%)
     167.8 MB / 168.3 MB ( 99.7%)
     167.8 MB / 168.3 MB ( 99.7%)
     167.8 MB / 168.3 MB ( 99.7%)
     167.8 MB / 168.3 MB ( 99.7%)
     167.8 MB / 168.3 MB ( 99.7%)
     167.8 MB / 168.3 MB ( 99.7%)
     167.8 MB / 168.3 MB ( 99.7%)
     167.8 MB / 168.3 MB ( 99.7%)
     167.8 MB / 168.3 MB ( 99.7%)
     167.8 MB / 168.3 MB ( 99.7%)
     167.8 MB / 168.3 MB ( 99.7%)
     167.8 MB / 168.3 MB ( 99.7%)
     167.9 MB / 168.3 MB ( 99.7%)
     167.9 MB / 168.3 MB ( 99.8%)
     167.9 MB / 168.3 MB ( 99.8%)
     167.9 MB / 168.3 MB ( 99.8%)
     167.9 MB / 168.3 MB ( 99.8%)
     167.9 MB / 168.3 MB ( 99.8%)
     167.9 MB / 168.3 MB ( 99.8%)
     167.9 MB / 168.3 MB ( 99.8%)
     167.9 MB / 168.3 MB ( 99.8%)
     167.9 MB / 168.3 MB ( 99.8%)
     167.9 MB / 168.3 MB ( 99.8%)
     167.9 MB / 168.3 MB ( 99.8%)
     168.0 MB / 168.3 MB ( 99.8%)
     168.0 MB / 168.3 MB ( 99.8%)
     168.0 MB / 168.3 MB ( 99.8%)
     168.0 MB / 168.3 MB ( 99.8%)
     168.0 MB / 168.3 MB ( 99.8%)
     168.0 MB / 168.3 MB ( 99.8%)
     168.0 MB / 168.3 MB ( 99.8%)
     168.0 MB / 168.3 MB ( 99.8%)
     168.0 MB / 168.3 MB ( 99.8%)
     168.0 MB / 168.3 MB ( 99.8%)
     168.0 MB / 168.3 MB ( 99.9%)
     168.0 MB / 168.3 MB ( 99.9%)
     168.1 MB / 168.3 MB ( 99.9%)
     168.1 MB / 168.3 MB ( 99.9%)
     168.1 MB / 168.3 MB ( 99.9%)
     168.1 MB / 168.3 MB ( 99.9%)
     168.1 MB / 168.3 MB ( 99.9%)
     168.1 MB / 168.3 MB ( 99.9%)
     168.1 MB / 168.3 MB ( 99.9%)
     168.1 MB / 168.3 MB ( 99.9%)
     168.1 MB / 168.3 MB ( 99.9%)
     168.1 MB / 168.3 MB ( 99.9%)
     168.1 MB / 168.3 MB ( 99.9%)
     168.1 MB / 168.3 MB ( 99.9%)
     168.1 MB / 168.3 MB ( 99.9%)
     168.2 MB / 168.3 MB ( 99.9%)
     168.2 MB / 168.3 MB ( 99.9%)
     168.2 MB / 168.3 MB ( 99.9%)
     168.2 MB / 168.3 MB ( 99.9%)
     168.2 MB / 168.3 MB ( 99.9%)
     168.2 MB / 168.3 MB (100.0%)
     168.2 MB / 168.3 MB (100.0%)
     168.2 MB / 168.3 MB (100.0%)
     168.2 MB / 168.3 MB (100.0%)
     168.2 MB / 168.3 MB (100.0%)
     168.2 MB / 168.3 MB (100.0%)
     168.2 MB / 168.3 MB (100.0%)
     168.3 MB / 168.3 MB (100.0%)
     168.3 MB / 168.3 MB (100.0%)
     168.3 MB / 168.3 MB (100.0%)
     168.3 MB / 168.3 MB (100.0%)
     168.3 MB / 168.3 MB (100.0%)
Extracting /home/<user>/.shibudb-benchmarks/data/sift.tar.gz
Loaded SIFT1M: base=(1000000, 128) query=(10000, 128) groundtruth=(10000, 100)
[gt] computing exact ground-truth (num_base=50000, metric=L2)...
[gt] done in 2.6s

=== VECTOR index=Flat wal=False ===
[ingest] 25725 vec/s (1.9s, 0 failed)
[settle] waiting 60s for training/flushing to settle...
[query] c=1    QPS=   431.8 recall@10=1.0000 p99=2.89ms failed=0
[query] c=2    QPS=   690.4 recall@10=1.0000 p99=4.74ms failed=0
[query] c=4    QPS=  1395.5 recall@10=1.0000 p99=4.70ms failed=0
[query] c=8    QPS=  2630.1 recall@10=1.0000 p99=4.78ms failed=0
[query] c=16   QPS=  3689.5 recall@10=1.0000 p99=7.37ms failed=0

=== VECTOR index=Flat wal=True ===
[ingest] 640 vec/s (78.1s, 0 failed)
[settle] waiting 60s for training/flushing to settle...
[query] c=1    QPS=   419.2 recall@10=1.0000 p99=2.96ms failed=0
[query] c=2    QPS=   681.7 recall@10=1.0000 p99=4.84ms failed=0
[query] c=4    QPS=  1379.8 recall@10=1.0000 p99=4.69ms failed=0
[query] c=8    QPS=  2524.1 recall@10=1.0000 p99=4.91ms failed=0
[query] c=16   QPS=  3509.6 recall@10=1.0000 p99=7.84ms failed=0

=== Summary ===
vector_search    insert           Flat           wal=0 c=16     25724.9 ops/s p99=2.30ms
vector_search    search           Flat           wal=0 c=1        431.8 ops/s p99=2.89ms recall@10=1.0000
vector_search    search           Flat           wal=0 c=2        690.4 ops/s p99=4.74ms recall@10=1.0000
vector_search    search           Flat           wal=0 c=4       1395.5 ops/s p99=4.70ms recall@10=1.0000
vector_search    search           Flat           wal=0 c=8       2630.1 ops/s p99=4.78ms recall@10=1.0000
vector_search    search           Flat           wal=0 c=16      3689.5 ops/s p99=7.37ms recall@10=1.0000
vector_search    insert           Flat           wal=1 c=16       640.1 ops/s p99=29.66ms
vector_search    search           Flat           wal=1 c=1        419.2 ops/s p99=2.96ms recall@10=1.0000
vector_search    search           Flat           wal=1 c=2        681.7 ops/s p99=4.84ms recall@10=1.0000
vector_search    search           Flat           wal=1 c=4       1379.8 ops/s p99=4.69ms recall@10=1.0000
vector_search    search           Flat           wal=1 c=8       2524.1 ops/s p99=4.91ms recall@10=1.0000
vector_search    search           Flat           wal=1 c=16      3509.6 ops/s p99=7.84ms recall@10=1.0000

Wrote results/vector_Flat_50000_10000.csv and results/vector_Flat_50000_10000.json

# finished: 2026-08-11 10:10:55 UTC (elapsed 319s, exit code 0)
